========================================
Droidvisor Docker Testing
开始时间: 2026-05-28 20:37:47
========================================
[INFO] 2026-05-28 20:37:47 - 检查先决条件...
[INFO] 2026-05-28 20:37:47 - 先决条件检查通过
[INFO] 2026-05-28 20:37:47 - 清理旧测试环境...
[INFO] 2026-05-28 20:37:48 - 旧测试环境清理完成
[INFO] 2026-05-28 20:37:48 - 构建 Docker 测试镜像...
#0 building with "default" instance using docker driver

#1 [internal] load build definition from Dockerfile
#1 transferring dockerfile: 1.60kB done
#1 DONE 0.1s

#2 [internal] load metadata for docker.io/library/ubuntu:22.04
#2 DONE 0.0s

#3 [internal] load .dockerignore
#3 transferring context: 2B done
#3 DONE 0.1s

#4 [internal] load build context
#4 DONE 0.0s

#5 [ 1/13] FROM docker.io/library/ubuntu:22.04@sha256:4f838adc7181d9039ac795a7d0aba05a9bd9ecd480d294483169c5def983b64d
#5 resolve docker.io/library/ubuntu:22.04@sha256:4f838adc7181d9039ac795a7d0aba05a9bd9ecd480d294483169c5def983b64d 0.0s done
#5 DONE 0.1s

#4 [internal] load build context
#4 transferring context: 706.85kB 0.0s done
#4 DONE 0.1s

#6 [ 4/13] RUN mkdir -p /opt/android-sdk/cmdline-tools &&     cd /opt/android-sdk/cmdline-tools &&     wget -q https://dl.google.com/android/repository/commandlinetools-linux-11076708_latest.zip -O cmdline-tools.zip &&     unzip -q cmdline-tools.zip &&     mv cmdline-tools latest &&     rm cmdline-tools.zip
#6 CACHED

#7 [ 8/13] COPY gradle.properties gradle.properties
#7 CACHED

#8 [ 6/13] COPY gradle gradle/
#8 CACHED

#9 [12/13] COPY settings.gradle /workspace/settings.gradle
#9 CACHED

#10 [10/13] COPY app /workspace/app
#10 CACHED

#11 [ 9/13] RUN chmod +x /workspace/gradlew
#11 CACHED

#12 [ 3/13] RUN apt-get update && apt-get install -y     wget     unzip     curl     git     openjdk-17-jdk     && apt-get clean && rm -rf /var/lib/apt/lists/*
#12 CACHED

#13 [11/13] COPY build.gradle /workspace/build.gradle
#13 CACHED

#14 [ 5/13] RUN yes | sdkmanager --licenses || true &&     sdkmanager "platform-tools" "platforms;android-34" "build-tools;34.0.0"
#14 CACHED

#15 [ 7/13] COPY gradlew gradlew
#15 CACHED

#16 [ 2/13] WORKDIR /workspace
#16 CACHED

#17 [13/13] RUN mkdir -p /workspace/app/build/reports/tests
#17 CACHED

#18 exporting to image
#18 exporting layers done
#18 preparing layers for inline cache
#18 preparing layers for inline cache 0.3s done
#18 exporting manifest sha256:4e730e2f922249d0d2318c72f4c393f13fef88e72e572bc73a421f46af3d9e72 0.0s done
#18 exporting config sha256:3a61e741c7245dd436cb1aafcc1513e97aea1013ffd94af7b60946c46741c3dd 0.0s done
#18 exporting attestation manifest sha256:332d0e5703b1ff1e05ca1f43e8e10ce9766199b6ec2cfc55a2ff7a0d4f07d064
#18 exporting attestation manifest sha256:332d0e5703b1ff1e05ca1f43e8e10ce9766199b6ec2cfc55a2ff7a0d4f07d064 0.1s done
#18 exporting manifest list sha256:d36bf328d1bef433268022daf85615e811b0f7608ecf97d672baaf1f9288e70c 0.0s done
#18 naming to docker.io/library/droidvisor-test:latest
#18 naming to docker.io/library/droidvisor-test:latest done
#18 unpacking to docker.io/library/droidvisor-test:latest 0.0s done
#18 DONE 0.5s
[INFO] 2026-05-28 20:37:49 - Docker 镜像构建成功
[INFO] 2026-05-28 20:37:49 - 启动测试容器...
========================================
Droidvisor Docker Testing
开始时间: 2026-05-28 20:38:02
========================================
[INFO] 2026-05-28 20:38:02 - 检查先决条件...
[INFO] 2026-05-28 20:38:02 - 先决条件检查通过
[INFO] 2026-05-28 20:38:02 - 清理旧测试环境...
[INFO] 2026-05-28 20:38:02 - 旧测试环境清理完成
[INFO] 2026-05-28 20:38:02 - 构建 Docker 测试镜像...
#0 building with "default" instance using docker driver

#1 [internal] load build definition from Dockerfile
#1 transferring dockerfile: 1.60kB done
#1 DONE 0.0s

#2 [internal] load metadata for docker.io/library/ubuntu:22.04
#2 DONE 0.1s

#3 [internal] load .dockerignore
#3 transferring context: 2B done
#3 DONE 0.0s

#4 [ 1/13] FROM docker.io/library/ubuntu:22.04@sha256:4f838adc7181d9039ac795a7d0aba05a9bd9ecd480d294483169c5def983b64d
#4 resolve docker.io/library/ubuntu:22.04@sha256:4f838adc7181d9039ac795a7d0aba05a9bd9ecd480d294483169c5def983b64d 0.0s done
#4 DONE 0.0s

#5 [internal] load build context
#5 transferring context: 10.19kB done
#5 DONE 0.0s

#6 [12/13] COPY settings.gradle /workspace/settings.gradle
#6 CACHED

#7 [ 3/13] RUN apt-get update && apt-get install -y     wget     unzip     curl     git     openjdk-17-jdk     && apt-get clean && rm -rf /var/lib/apt/lists/*
#7 CACHED

#8 [ 7/13] COPY gradlew gradlew
#8 CACHED

#9 [ 2/13] WORKDIR /workspace
#9 CACHED

#10 [ 5/13] RUN yes | sdkmanager --licenses || true &&     sdkmanager "platform-tools" "platforms;android-34" "build-tools;34.0.0"
#10 CACHED

#11 [ 8/13] COPY gradle.properties gradle.properties
#11 CACHED

#12 [ 4/13] RUN mkdir -p /opt/android-sdk/cmdline-tools &&     cd /opt/android-sdk/cmdline-tools &&     wget -q https://dl.google.com/android/repository/commandlinetools-linux-11076708_latest.zip -O cmdline-tools.zip &&     unzip -q cmdline-tools.zip &&     mv cmdline-tools latest &&     rm cmdline-tools.zip
#12 CACHED

#13 [ 9/13] RUN chmod +x /workspace/gradlew
#13 CACHED

#14 [11/13] COPY build.gradle /workspace/build.gradle
#14 CACHED

#15 [ 6/13] COPY gradle gradle/
#15 CACHED

#16 [10/13] COPY app /workspace/app
#16 CACHED

#17 [13/13] RUN mkdir -p /workspace/app/build/reports/tests
#17 CACHED

#18 exporting to image
#18 exporting layers done
#18 preparing layers for inline cache
#18 preparing layers for inline cache 0.2s done
#18 exporting manifest sha256:4e730e2f922249d0d2318c72f4c393f13fef88e72e572bc73a421f46af3d9e72 done
#18 exporting config sha256:3a61e741c7245dd436cb1aafcc1513e97aea1013ffd94af7b60946c46741c3dd done
#18 exporting attestation manifest sha256:f591fc4c68823fc6b2f39b6d5f887fa5efc97fe46b986708fe374bf1e4d35313 0.1s done
#18 exporting manifest list sha256:d1eaf88ccb829d2839fd17f5e4eb2af8260c0d3e8be9e9823fbb1c7d4b93532f 0.0s done
#18 naming to docker.io/library/droidvisor-test:latest done
#18 unpacking to docker.io/library/droidvisor-test:latest 0.0s done
#18 DONE 0.4s
[INFO] 2026-05-28 20:38:03 - Docker 镜像构建成功
[INFO] 2026-05-28 20:38:03 - 启动测试容器...
[INFO] 2026-05-28 20:38:03 - 等待容器启动...
[INFO] 2026-05-28 20:38:03 - 所有容器已启动
[INFO] 2026-05-28 20:38:03 - 运行单元测试...
OCI runtime exec failed: exec failed: unable to start container process: exec: "gradlew": executable file not found in $PATH
[ERROR] 2026-05-28 20:38:03 - 单元测试执行失败 (退出码: 127)
[INFO] 2026-05-28 20:38:03 - 运行集成测试...
[INFO] 2026-05-28 20:38:03 - 等待 Docker-in-Docker 服务就绪...
[INFO] 2026-05-28 20:38:04 - Docker-in-Docker 服务已就绪
OCI runtime exec failed: exec failed: unable to start container process: exec: "gradlew": executable file not found in $PATH
[ERROR] 2026-05-28 20:38:04 - 集成测试执行失败 (退出码: 127)
[INFO] 2026-05-28 20:38:04 - 收集测试报告...
[INFO] 2026-05-28 20:38:04 - 未找到测试报告目录 (可能测试未执行)
[INFO] 2026-05-28 20:38:04 - 测试报告收集完成
[INFO] 2026-05-28 20:38:04 - 停止测试容器...
[INFO] 2026-05-28 20:38:05 - 测试容器已停止
========================================
测试完成时间: 2026-05-28 20:38:05
========================================
[ERROR] 2026-05-28 20:38:05 - 测试执行失败
========================================
Droidvisor Docker Testing
开始时间: 2026-05-28 20:38:16
========================================
[INFO] 2026-05-28 20:38:16 - 检查先决条件...
[INFO] 2026-05-28 20:38:16 - 先决条件检查通过
[INFO] 2026-05-28 20:38:16 - 清理旧测试环境...
[INFO] 2026-05-28 20:38:16 - 旧测试环境清理完成
[INFO] 2026-05-28 20:38:16 - 构建 Docker 测试镜像...
#0 building with "default" instance using docker driver

#1 [internal] load build definition from Dockerfile
#1 transferring dockerfile: 1.60kB done
#1 DONE 0.0s

#2 [internal] load metadata for docker.io/library/ubuntu:22.04
#2 DONE 0.0s

#3 [internal] load .dockerignore
#3 transferring context: 2B done
#3 DONE 0.0s

#4 [ 1/13] FROM docker.io/library/ubuntu:22.04@sha256:4f838adc7181d9039ac795a7d0aba05a9bd9ecd480d294483169c5def983b64d
#4 resolve docker.io/library/ubuntu:22.04@sha256:4f838adc7181d9039ac795a7d0aba05a9bd9ecd480d294483169c5def983b64d 0.0s done
#4 DONE 0.0s

#5 [internal] load build context
#5 transferring context: 10.19kB done
#5 DONE 0.0s

#6 [ 5/13] RUN yes | sdkmanager --licenses || true &&     sdkmanager "platform-tools" "platforms;android-34" "build-tools;34.0.0"
#6 CACHED

#7 [ 8/13] COPY gradle.properties gradle.properties
#7 CACHED

#8 [11/13] COPY build.gradle /workspace/build.gradle
#8 CACHED

#9 [ 4/13] RUN mkdir -p /opt/android-sdk/cmdline-tools &&     cd /opt/android-sdk/cmdline-tools &&     wget -q https://dl.google.com/android/repository/commandlinetools-linux-11076708_latest.zip -O cmdline-tools.zip &&     unzip -q cmdline-tools.zip &&     mv cmdline-tools latest &&     rm cmdline-tools.zip
#9 CACHED

#10 [12/13] COPY settings.gradle /workspace/settings.gradle
#10 CACHED

#11 [ 2/13] WORKDIR /workspace
#11 CACHED

#12 [ 7/13] COPY gradlew gradlew
#12 CACHED

#13 [ 9/13] RUN chmod +x /workspace/gradlew
#13 CACHED

#14 [10/13] COPY app /workspace/app
#14 CACHED

#15 [ 3/13] RUN apt-get update && apt-get install -y     wget     unzip     curl     git     openjdk-17-jdk     && apt-get clean && rm -rf /var/lib/apt/lists/*
#15 CACHED

#16 [ 6/13] COPY gradle gradle/
#16 CACHED

#17 [13/13] RUN mkdir -p /workspace/app/build/reports/tests
#17 CACHED

#18 exporting to image
#18 exporting layers done
#18 preparing layers for inline cache
#18 preparing layers for inline cache 0.2s done
#18 exporting manifest sha256:4e730e2f922249d0d2318c72f4c393f13fef88e72e572bc73a421f46af3d9e72 done
#18 exporting config sha256:3a61e741c7245dd436cb1aafcc1513e97aea1013ffd94af7b60946c46741c3dd done
#18 exporting attestation manifest sha256:c407d5d4fce22790b2ff29d3670b67ba933b13e9c09ec7dbd83b01c32d1d7460 0.1s done
#18 exporting manifest list sha256:b80fe90a5cd2f09a47fd07031cb048d4b790c25ad0b5769a9496e835b936797f
#18 exporting manifest list sha256:b80fe90a5cd2f09a47fd07031cb048d4b790c25ad0b5769a9496e835b936797f 0.0s done
#18 naming to docker.io/library/droidvisor-test:latest done
#18 unpacking to docker.io/library/droidvisor-test:latest 0.0s done
#18 DONE 0.4s
[INFO] 2026-05-28 20:38:17 - Docker 镜像构建成功
[INFO] 2026-05-28 20:38:17 - 启动测试容器...
[INFO] 2026-05-28 20:38:17 - 等待容器启动...
[INFO] 2026-05-28 20:38:18 - 所有容器已启动
[INFO] 2026-05-28 20:38:18 - 运行单元测试...
Could not set maximum file descriptor limit: maximum
/workspace/gradlew: 111: [: Illegal number: maximum
/workspace/gradlew: 114: ulimit: bad number
Initialized native services in: /workspace/.gradle/native
Initialized jansi services in: /workspace/.gradle/native
Received JVM installation metadata from '/usr/lib/jvm/java-17-openjdk-amd64': {JAVA_HOME=/usr/lib/jvm/java-17-openjdk-amd64, JAVA_VERSION=17.0.19, JAVA_VENDOR=Ubuntu, RUNTIME_NAME=OpenJDK Runtime Environment, RUNTIME_VERSION=17.0.19+10-1-22.04.2-Ubuntu, VM_NAME=OpenJDK 64-Bit Server VM, VM_VERSION=17.0.19+10-1-22.04.2-Ubuntu, VM_VENDOR=Ubuntu, OS_ARCH=amd64}
Checking if the launcher JVM can be re-used for build. To be re-used, the launcher JVM needs to match the parameters required for the build process: --add-opens=java.base/java.util=ALL-UNNAMED --add-opens=java.base/java.lang=ALL-UNNAMED --add-opens=java.base/java.lang.invoke=ALL-UNNAMED --add-opens=java.prefs/java.util.prefs=ALL-UNNAMED --add-opens=java.base/java.nio.charset=ALL-UNNAMED --add-opens=java.base/java.net=ALL-UNNAMED --add-opens=java.base/java.util.concurrent.atomic=ALL-UNNAMED -Xmx2048m -Dfile.encoding=UTF-8 -Duser.country=US -Duser.language=en -Duser.variant
To honour the JVM settings for this build a single-use Daemon process will be forked. For more on this, please refer to https://docs.gradle.org/8.6/userguide/gradle_daemon.html#sec:disabling_the_daemon in the Gradle documentation.
Starting process 'Gradle build daemon'. Working directory: /workspace/.gradle/daemon/8.6 Command: /usr/lib/jvm/java-17-openjdk-amd64/bin/java --add-opens=java.base/java.util=ALL-UNNAMED --add-opens=java.base/java.lang=ALL-UNNAMED --add-opens=java.base/java.lang.invoke=ALL-UNNAMED --add-opens=java.prefs/java.util.prefs=ALL-UNNAMED --add-opens=java.base/java.nio.charset=ALL-UNNAMED --add-opens=java.base/java.net=ALL-UNNAMED --add-opens=java.base/java.util.concurrent.atomic=ALL-UNNAMED -Xmx2048m -Dfile.encoding=UTF-8 -Duser.country=US -Duser.language=en -Duser.variant -cp /workspace/.gradle/wrapper/dists/gradle-8.6-bin/afr5mpiioh2wthjmwnkmdsd5w/gradle-8.6/lib/gradle-launcher-8.6.jar -javaagent:/workspace/.gradle/wrapper/dists/gradle-8.6-bin/afr5mpiioh2wthjmwnkmdsd5w/gradle-8.6/lib/agents/gradle-instrumentation-agent-8.6.jar org.gradle.launcher.daemon.bootstrap.GradleDaemon 8.6
Successfully started process 'Gradle build daemon'
An attempt to start the daemon took 0.929 secs.
The client will now receive all logging from the daemon (pid: 193). The daemon log file: /workspace/.gradle/daemon/8.6/daemon-193.out.log
Closing daemon's stdin at end of input.
The daemon will no longer process any standard input.
Daemon will be stopped at the end of the build 
Using 20 worker leases.
Received JVM installation metadata from '/usr/lib/jvm/java-17-openjdk-amd64': {JAVA_HOME=/usr/lib/jvm/java-17-openjdk-amd64, JAVA_VERSION=17.0.19, JAVA_VENDOR=Ubuntu, RUNTIME_NAME=OpenJDK Runtime Environment, RUNTIME_VERSION=17.0.19+10-1-22.04.2-Ubuntu, VM_NAME=OpenJDK 64-Bit Server VM, VM_VERSION=17.0.19+10-1-22.04.2-Ubuntu, VM_VENDOR=Ubuntu, OS_ARCH=amd64}
Watching the file system is configured to be enabled if available
Not watching /workspace since the file system is not supported
File system watching is active
Starting Build
Invalidating in-memory cache of /workspace/.gradle/caches/8.6/fileHashes/fileHashes.bin
Invalidating in-memory cache of /workspace/.gradle/caches/8.6/fileHashes/resourceHashesCache.bin
Invalidating in-memory cache of /workspace/.gradle/caches/journal-1/file-access.bin
Invalidating in-memory cache of /workspace/.gradle/caches/8.6/fileHashes/fileHashes.bin
Invalidating in-memory cache of /workspace/.gradle/caches/8.6/fileHashes/resourceHashesCache.bin
Invalidating in-memory cache of /workspace/.gradle/caches/journal-1/file-access.bin
Settings evaluated using settings file '/workspace/settings.gradle'.
Using local directory build cache for the root build (location = /workspace/.gradle/caches/build-cache-1, removeUnusedEntriesAfter = 7 days).
Projects loaded. Root project using build file '/workspace/build.gradle'.
Included projects: [root project 'droidvisor', project ':app']
Invalidating in-memory cache of /workspace/.gradle/caches/journal-1/file-access.bin

> Configure project :
Evaluating root project 'droidvisor' using build file '/workspace/build.gradle'.
Invalidating in-memory cache of /workspace/.gradle/caches/8.6/fileHashes/fileHashes.bin
Invalidating in-memory cache of /workspace/.gradle/caches/8.6/fileHashes/resourceHashesCache.bin
Downloading https://dl.google.com/dl/android/maven2/com/android/application/com.android.application.gradle.plugin/8.4.0/com.android.application.gradle.plugin-8.4.0.pom to /workspace/.gradle/.tmp/gradle_download14113850343587044880bin
Invalidating in-memory cache of /workspace/.gradle/8.6/checksums/md5-checksums.bin
Invalidating in-memory cache of /workspace/.gradle/8.6/checksums/sha256-checksums.bin
Invalidating in-memory cache of /workspace/.gradle/8.6/checksums/sha1-checksums.bin
Invalidating in-memory cache of /workspace/.gradle/8.6/checksums/sha512-checksums.bin
Invalidating in-memory cache of /workspace/.gradle/caches/journal-1/file-access.bin
Downloading https://dl.google.com/dl/android/maven2/com/android/library/com.android.library.gradle.plugin/8.4.0/com.android.library.gradle.plugin-8.4.0.pom to /workspace/.gradle/.tmp/gradle_download15064314789854345395bin
Invalidating in-memory cache of /workspace/.gradle/8.6/checksums/md5-checksums.bin
Invalidating in-memory cache of /workspace/.gradle/8.6/checksums/sha256-checksums.bin
Invalidating in-memory cache of /workspace/.gradle/8.6/checksums/sha1-checksums.bin
Invalidating in-memory cache of /workspace/.gradle/8.6/checksums/sha512-checksums.bin
Invalidating in-memory cache of /workspace/.gradle/caches/journal-1/file-access.bin
Resource missing. [HTTP HEAD: https://dl.google.com/dl/android/maven2/com/android/library/com.android.library.gradle.plugin/8.4.0/com.android.library.gradle.plugin-8.4.0.jar]
Resource missing. [HTTP GET: https://dl.google.com/dl/android/maven2/org/jetbrains/kotlin/android/org.jetbrains.kotlin.android.gradle.plugin/1.9.23/org.jetbrains.kotlin.android.gradle.plugin-1.9.23.pom]
Downloading https://repo.maven.apache.org/maven2/org/jetbrains/kotlin/android/org.jetbrains.kotlin.android.gradle.plugin/1.9.23/org.jetbrains.kotlin.android.gradle.plugin-1.9.23.pom to /workspace/.gradle/.tmp/gradle_download1712473691694863143bin
Invalidating in-memory cache of /workspace/.gradle/8.6/checksums/md5-checksums.bin
Invalidating in-memory cache of /workspace/.gradle/8.6/checksums/sha256-checksums.bin
Invalidating in-memory cache of /workspace/.gradle/8.6/checksums/sha1-checksums.bin
Invalidating in-memory cache of /workspace/.gradle/8.6/checksums/sha512-checksums.bin
Invalidating in-memory cache of /workspace/.gradle/caches/journal-1/file-access.bin
Resource missing. [HTTP GET: https://dl.google.com/dl/android/maven2/org/jetbrains/kotlin/plugin/serialization/org.jetbrains.kotlin.plugin.serialization.gradle.plugin/1.9.23/org.jetbrains.kotlin.plugin.serialization.gradle.plugin-1.9.23.pom]
Downloading https://repo.maven.apache.org/maven2/org/jetbrains/kotlin/plugin/serialization/org.jetbrains.kotlin.plugin.serialization.gradle.plugin/1.9.23/org.jetbrains.kotlin.plugin.serialization.gradle.plugin-1.9.23.pom to /workspace/.gradle/.tmp/gradle_download2577954332832176057bin
Invalidating in-memory cache of /workspace/.gradle/8.6/checksums/md5-checksums.bin
Invalidating in-memory cache of /workspace/.gradle/8.6/checksums/sha256-checksums.bin
Invalidating in-memory cache of /workspace/.gradle/8.6/checksums/sha1-checksums.bin
Invalidating in-memory cache of /workspace/.gradle/8.6/checksums/sha512-checksums.bin
Invalidating in-memory cache of /workspace/.gradle/caches/journal-1/file-access.bin
Downloading https://dl.google.com/dl/android/maven2/com/android/tools/build/gradle/8.4.0/gradle-8.4.0.pom to /workspace/.gradle/.tmp/gradle_download8518928542483386634bin
Downloading https://dl.google.com/dl/android/maven2/com/android/tools/build/gradle/8.4.0/gradle-8.4.0.module to /workspace/.gradle/.tmp/gradle_download11247915825139611563bin
Resource missing. [HTTP GET: https://dl.google.com/dl/android/maven2/org/jetbrains/kotlin/kotlin-gradle-plugin/1.9.23/kotlin-gradle-plugin-1.9.23.pom]
Downloading https://repo.maven.apache.org/maven2/org/jetbrains/kotlin/kotlin-gradle-plugin/1.9.23/kotlin-gradle-plugin-1.9.23.pom to /workspace/.gradle/.tmp/gradle_download1051877181631509127bin
Invalidating in-memory cache of /workspace/.gradle/8.6/checksums/md5-checksums.bin
Invalidating in-memory cache of /workspace/.gradle/8.6/checksums/sha256-checksums.bin
Invalidating in-memory cache of /workspace/.gradle/8.6/checksums/sha1-checksums.bin
Invalidating in-memory cache of /workspace/.gradle/8.6/checksums/sha512-checksums.bin
Invalidating in-memory cache of /workspace/.gradle/caches/journal-1/file-access.bin
Resource missing. [HTTP GET: https://dl.google.com/dl/android/maven2/org/jetbrains/kotlin/kotlin-gradle-plugins-bom/1.9.23/kotlin-gradle-plugins-bom-1.9.23.pom]
Downloading https://repo.maven.apache.org/maven2/org/jetbrains/kotlin/kotlin-gradle-plugins-bom/1.9.23/kotlin-gradle-plugins-bom-1.9.23.pom to /workspace/.gradle/.tmp/gradle_download7715761073939264887bin
Invalidating in-memory cache of /workspace/.gradle/8.6/checksums/md5-checksums.bin
Invalidating in-memory cache of /workspace/.gradle/8.6/checksums/sha256-checksums.bin
Invalidating in-memory cache of /workspace/.gradle/8.6/checksums/sha1-checksums.bin
Invalidating in-memory cache of /workspace/.gradle/8.6/checksums/sha512-checksums.bin
Invalidating in-memory cache of /workspace/.gradle/caches/journal-1/file-access.bin
Downloading https://repo.maven.apache.org/maven2/org/jetbrains/kotlin/kotlin-gradle-plugins-bom/1.9.23/kotlin-gradle-plugins-bom-1.9.23.module to /workspace/.gradle/.tmp/gradle_download15496659716807570093bin
Invalidating in-memory cache of /workspace/.gradle/8.6/checksums/md5-checksums.bin
Invalidating in-memory cache of /workspace/.gradle/8.6/checksums/sha256-checksums.bin
Invalidating in-memory cache of /workspace/.gradle/8.6/checksums/sha1-checksums.bin
Invalidating in-memory cache of /workspace/.gradle/8.6/checksums/sha512-checksums.bin
Invalidating in-memory cache of /workspace/.gradle/caches/journal-1/file-access.bin
Invalidating in-memory cache of /workspace/.gradle/caches/journal-1/file-access.bin
Invalidating in-memory cache of /workspace/.gradle/8.6/checksums/md5-checksums.bin
Invalidating in-memory cache of /workspace/.gradle/8.6/checksums/sha256-checksums.bin
Invalidating in-memory cache of /workspace/.gradle/8.6/checksums/sha1-checksums.bin
Invalidating in-memory cache of /workspace/.gradle/8.6/checksums/sha512-checksums.bin
Cached resource https://repo.maven.apache.org/maven2/org/jetbrains/kotlin/kotlin-gradle-plugin/1.9.23/kotlin-gradle-plugin-1.9.23.module is up-to-date (lastModified: Wed Mar 06 19:01:08 GMT 2024).
Downloading https://repo.maven.apache.org/maven2/org/jetbrains/kotlin/kotlin-serialization/1.9.23/kotlin-serialization-1.9.23.pom to /workspace/.gradle/.tmp/gradle_download8129264806245572424bin
Invalidating in-memory cache of /workspace/.gradle/8.6/checksums/md5-checksums.bin
Invalidating in-memory cache of /workspace/.gradle/8.6/checksums/sha256-checksums.bin
Invalidating in-memory cache of /workspace/.gradle/8.6/checksums/sha1-checksums.bin
Invalidating in-memory cache of /workspace/.gradle/8.6/checksums/sha512-checksums.bin
Invalidating in-memory cache of /workspace/.gradle/caches/journal-1/file-access.bin
Downloading https://repo.maven.apache.org/maven2/org/jetbrains/kotlin/kotlin-serialization/1.9.23/kotlin-serialization-1.9.23.module to /workspace/.gradle/.tmp/gradle_download3487541891821522744bin
Invalidating in-memory cache of /workspace/.gradle/8.6/checksums/md5-checksums.bin
Invalidating in-memory cache of /workspace/.gradle/8.6/checksums/sha256-checksums.bin
Invalidating in-memory cache of /workspace/.gradle/8.6/checksums/sha1-checksums.bin
Invalidating in-memory cache of /workspace/.gradle/8.6/checksums/sha512-checksums.bin
Invalidating in-memory cache of /workspace/.gradle/caches/journal-1/file-access.bin
Downloading https://dl.google.com/dl/android/maven2/com/android/tools/ddms/ddmlib/31.4.0/ddmlib-31.4.0.pom to /workspace/.gradle/.tmp/gradle_download16911371734994843697bin
Invalidating in-memory cache of /workspace/.gradle/8.6/checksums/md5-checksums.bin
Invalidating in-memory cache of /workspace/.gradle/8.6/checksums/sha256-checksums.bin
Invalidating in-memory cache of /workspace/.gradle/8.6/checksums/sha1-checksums.bin
Invalidating in-memory cache of /workspace/.gradle/8.6/checksums/sha512-checksums.bin
Invalidating in-memory cache of /workspace/.gradle/caches/journal-1/file-access.bin
Downloading https://dl.google.com/dl/android/maven2/com/android/tools/sdklib/31.4.0/sdklib-31.4.0.pom to /workspace/.gradle/.tmp/gradle_download15935812992155971187bin
Downloading https://dl.google.com/dl/android/maven2/com/android/tools/utp/android-test-plugin-host-coverage-proto/31.4.0/android-test-plugin-host-coverage-proto-31.4.0.pom to /workspace/.gradle/.tmp/gradle_download9844228393830825850bin
Downloading https://dl.google.com/dl/android/maven2/com/android/tools/build/aaptcompiler/8.4.0/aaptcompiler-8.4.0.pom to /workspace/.gradle/.tmp/gradle_download11000220394290677950bin
Downloading https://dl.google.com/dl/android/maven2/com/android/tools/utp/android-device-provider-gradle-proto/31.4.0/android-device-provider-gradle-proto-31.4.0.pom to /workspace/.gradle/.tmp/gradle_download17220722209481591825bin
Downloading https://dl.google.com/dl/android/maven2/com/android/tools/build/aapt2-proto/8.4.0-11315950/aapt2-proto-8.4.0-11315950.pom to /workspace/.gradle/.tmp/gradle_download776199369086676406bin
Downloading https://dl.google.com/dl/android/maven2/com/android/tools/build/builder-test-api/8.4.0/builder-test-api-8.4.0.pom to /workspace/.gradle/.tmp/gradle_download10846342483294867133bin
Downloading https://dl.google.com/dl/android/maven2/androidx/databinding/databinding-common/8.4.0/databinding-common-8.4.0.pom to /workspace/.gradle/.tmp/gradle_download18066189787933789462bin
Downloading https://dl.google.com/dl/android/maven2/com/android/tools/analytics-library/crash/31.4.0/crash-31.4.0.pom to /workspace/.gradle/.tmp/gradle_download3384538488891933628bin
Downloading https://dl.google.com/dl/android/maven2/com/android/databinding/baseLibrary/8.4.0/baseLibrary-8.4.0.pom to /workspace/.gradle/.tmp/gradle_download14477070661803161723bin
Downloading https://dl.google.com/dl/android/maven2/com/android/tools/lint/lint-typedef-remover/31.4.0/lint-typedef-remover-31.4.0.pom to /workspace/.gradle/.tmp/gradle_download12476684746998075438bin
Downloading https://dl.google.com/dl/android/maven2/com/android/tools/utp/android-device-provider-ddmlib-proto/31.4.0/android-device-provider-ddmlib-proto-31.4.0.pom to /workspace/.gradle/.tmp/gradle_download669057824030133141bin
Downloading https://dl.google.com/dl/android/maven2/androidx/databinding/databinding-compiler-common/8.4.0/databinding-compiler-common-8.4.0.pom to /workspace/.gradle/.tmp/gradle_download11472477754416162421bin
Downloading https://dl.google.com/dl/android/maven2/com/android/tools/repository/31.4.0/repository-31.4.0.pom to /workspace/.gradle/.tmp/gradle_download7460395706626802238bin
Downloading https://dl.google.com/dl/android/maven2/com/android/tools/lint/lint-model/31.4.0/lint-model-31.4.0.pom to /workspace/.gradle/.tmp/gradle_download14939789252018146629bin
Downloading https://dl.google.com/dl/android/maven2/com/android/tools/sdk-common/31.4.0/sdk-common-31.4.0.pom to /workspace/.gradle/.tmp/gradle_download14852667619986160231bin
Downloading https://dl.google.com/dl/android/maven2/com/android/tools/analytics-library/shared/31.4.0/shared-31.4.0.pom to /workspace/.gradle/.tmp/gradle_download2991241547445498504bin
Downloading https://dl.google.com/dl/android/maven2/com/android/tools/build/gradle-settings-api/8.4.0/gradle-settings-api-8.4.0.pom to /workspace/.gradle/.tmp/gradle_download10512908454705260995bin
Downloading https://dl.google.com/dl/android/maven2/com/android/tools/utp/android-test-plugin-host-additional-test-output-proto/31.4.0/android-test-plugin-host-additional-test-output-proto-31.4.0.pom to /workspace/.gradle/.tmp/gradle_download2925847476340297981bin
Downloading https://dl.google.com/dl/android/maven2/com/android/tools/layoutlib/layoutlib-api/31.4.0/layoutlib-api-31.4.0.pom to /workspace/.gradle/.tmp/gradle_download1859769934278371899bin
Invalidating in-memory cache of /workspace/.gradle/8.6/checksums/md5-checksums.bin
Invalidating in-memory cache of /workspace/.gradle/8.6/checksums/sha256-checksums.bin
Invalidating in-memory cache of /workspace/.gradle/8.6/checksums/sha1-checksums.bin
Invalidating in-memory cache of /workspace/.gradle/8.6/checksums/sha512-checksums.bin
Invalidating in-memory cache of /workspace/.gradle/caches/journal-1/file-access.bin
Invalidating in-memory cache of /workspace/.gradle/8.6/checksums/md5-checksums.bin
Invalidating in-memory cache of /workspace/.gradle/8.6/checksums/sha256-checksums.bin
Invalidating in-memory cache of /workspace/.gradle/8.6/checksums/sha1-checksums.bin
Invalidating in-memory cache of /workspace/.gradle/8.6/checksums/sha512-checksums.bin
Invalidating in-memory cache of /workspace/.gradle/caches/journal-1/file-access.bin
Invalidating in-memory cache of /workspace/.gradle/8.6/checksums/md5-checksums.bin
Invalidating in-memory cache of /workspace/.gradle/8.6/checksums/sha256-checksums.bin
Invalidating in-memory cache of /workspace/.gradle/8.6/checksums/sha1-checksums.bin
Invalidating in-memory cache of /workspace/.gradle/8.6/checksums/sha512-checksums.bin
Invalidating in-memory cache of /workspace/.gradle/caches/journal-1/file-access.bin
Invalidating in-memory cache of /workspace/.gradle/8.6/checksums/md5-checksums.bin
Invalidating in-memory cache of /workspace/.gradle/8.6/checksums/sha256-checksums.bin
Invalidating in-memory cache of /workspace/.gradle/8.6/checksums/sha1-checksums.bin
Invalidating in-memory cache of /workspace/.gradle/8.6/checksums/sha512-checksums.bin
Invalidating in-memory cache of /workspace/.gradle/caches/journal-1/file-access.bin
Invalidating in-memory cache of /workspace/.gradle/8.6/checksums/md5-checksums.bin
Invalidating in-memory cache of /workspace/.gradle/8.6/checksums/sha256-checksums.bin
Invalidating in-memory cache of /workspace/.gradle/8.6/checksums/sha1-checksums.bin
Invalidating in-memory cache of /workspace/.gradle/8.6/checksums/sha512-checksums.bin
Invalidating in-memory cache of /workspace/.gradle/caches/journal-1/file-access.bin
Invalidating in-memory cache of /workspace/.gradle/8.6/checksums/md5-checksums.bin
Invalidating in-memory cache of /workspace/.gradle/8.6/checksums/sha256-checksums.bin
Invalidating in-memory cache of /workspace/.gradle/8.6/checksums/sha1-checksums.bin
Invalidating in-memory cache of /workspace/.gradle/8.6/checksums/sha512-checksums.bin
Invalidating in-memory cache of /workspace/.gradle/caches/journal-1/file-access.bin
Invalidating in-memory cache of /workspace/.gradle/8.6/checksums/md5-checksums.bin
Invalidating in-memory cache of /workspace/.gradle/8.6/checksums/sha256-checksums.bin
Invalidating in-memory cache of /workspace/.gradle/8.6/checksums/sha1-checksums.bin
Invalidating in-memory cache of /workspace/.gradle/8.6/checksums/sha512-checksums.bin
Invalidating in-memory cache of /workspace/.gradle/caches/journal-1/file-access.bin
Invalidating in-memory cache of /workspace/.gradle/8.6/checksums/md5-checksums.bin
Invalidating in-memory cache of /workspace/.gradle/8.6/checksums/sha256-checksums.bin
Invalidating in-memory cache of /workspace/.gradle/8.6/checksums/sha1-checksums.bin
Invalidating in-memory cache of /workspace/.gradle/8.6/checksums/sha512-checksums.bin
Invalidating in-memory cache of /workspace/.gradle/caches/journal-1/file-access.bin
Invalidating in-memory cache of /workspace/.gradle/8.6/checksums/md5-checksums.bin
Invalidating in-memory cache of /workspace/.gradle/8.6/checksums/sha256-checksums.bin
Invalidating in-memory cache of /workspace/.gradle/8.6/checksums/sha1-checksums.bin
Invalidating in-memory cache of /workspace/.gradle/8.6/checksums/sha512-checksums.bin
Invalidating in-memory cache of /workspace/.gradle/caches/journal-1/file-access.bin
Resource missing. [HTTP GET: https://dl.google.com/dl/android/maven2/org/bouncycastle/bcpkix-jdk18on/1.77/bcpkix-jdk18on-1.77.pom]
Downloading https://dl.google.com/dl/android/maven2/com/android/tools/build/transform-api/2.0.0-deprecated-use-gradle-api/transform-api-2.0.0-deprecated-use-gradle-api.pom to /workspace/.gradle/.tmp/gradle_download8714690019430377689bin
Resource missing. [HTTP GET: https://dl.google.com/dl/android/maven2/org/ow2/asm/asm-util/9.6/asm-util-9.6.pom]
Resource missing. [HTTP GET: https://dl.google.com/dl/android/maven2/commons-io/commons-io/2.13.0/commons-io-2.13.0.pom]
Resource missing. [HTTP GET: https://dl.google.com/dl/android/maven2/org/ow2/asm/asm/9.6/asm-9.6.pom]
Resource missing. [HTTP GET: https://dl.google.com/dl/android/maven2/org/apache/httpcomponents/httpmime/4.5.6/httpmime-4.5.6.pom]
Resource missing. [HTTP GET: https://dl.google.com/dl/android/maven2/net/sf/jopt-simple/jopt-simple/4.9/jopt-simple-4.9.pom]
Resource missing. [HTTP GET: https://dl.google.com/dl/android/maven2/org/ow2/asm/asm-commons/9.6/asm-commons-9.6.pom]
Resource missing. [HTTP GET: https://dl.google.com/dl/android/maven2/org/jetbrains/kotlin/kotlin-stdlib-jdk8/1.9.20/kotlin-stdlib-jdk8-1.9.20.pom]
Resource missing. [HTTP GET: https://dl.google.com/dl/android/maven2/org/glassfish/jaxb/jaxb-runtime/2.3.2/jaxb-runtime-2.3.2.pom]
Resource missing. [HTTP GET: https://dl.google.com/dl/android/maven2/org/ow2/asm/asm-analysis/9.6/asm-analysis-9.6.pom]
Downloading https://dl.google.com/dl/android/maven2/com/android/tools/utp/android-test-plugin-host-apk-installer-proto/31.4.0/android-test-plugin-host-apk-installer-proto-31.4.0.pom to /workspace/.gradle/.tmp/gradle_download7486781949366642138bin
Downloading https://dl.google.com/dl/android/maven2/com/android/tools/utp/android-test-plugin-host-emulator-control-proto/31.4.0/android-test-plugin-host-emulator-control-proto-31.4.0.pom to /workspace/.gradle/.tmp/gradle_download13544381787291413686bin
Downloading https://dl.google.com/dl/android/maven2/com/android/tools/utp/android-test-plugin-host-retention-proto/31.4.0/android-test-plugin-host-retention-proto-31.4.0.pom to /workspace/.gradle/.tmp/gradle_download969185690567440892bin
Downloading https://dl.google.com/dl/android/maven2/com/android/tools/build/gradle-settings-api/8.4.0/gradle-settings-api-8.4.0.module to /workspace/.gradle/.tmp/gradle_download5436993569320247038bin
Downloading https://dl.google.com/dl/android/maven2/com/android/tools/utp/android-test-plugin-host-logcat-proto/31.4.0/android-test-plugin-host-logcat-proto-31.4.0.pom to /workspace/.gradle/.tmp/gradle_download1456158379908360564bin
Downloading https://dl.google.com/dl/android/maven2/com/android/tools/build/aapt2-proto/8.4.0-11315950/aapt2-proto-8.4.0-11315950.module to /workspace/.gradle/.tmp/gradle_download2923227838718439901bin
Downloading https://dl.google.com/dl/android/maven2/com/android/tools/utp/android-test-plugin-result-listener-gradle-proto/31.4.0/android-test-plugin-result-listener-gradle-proto-31.4.0.pom to /workspace/.gradle/.tmp/gradle_download6951378599381161361bin
Downloading https://dl.google.com/dl/android/maven2/com/android/tools/build/aaptcompiler/8.4.0/aaptcompiler-8.4.0.module to /workspace/.gradle/.tmp/gradle_download13607552718433228203bin
Downloading https://dl.google.com/dl/android/maven2/com/android/tools/build/builder-test-api/8.4.0/builder-test-api-8.4.0.module to /workspace/.gradle/.tmp/gradle_download6559247398427620812bin
Invalidating in-memory cache of /workspace/.gradle/8.6/checksums/md5-checksums.bin
Invalidating in-memory cache of /workspace/.gradle/8.6/checksums/sha256-checksums.bin
Invalidating in-memory cache of /workspace/.gradle/8.6/checksums/sha1-checksums.bin
Invalidating in-memory cache of /workspace/.gradle/8.6/checksums/sha512-checksums.bin
Invalidating in-memory cache of /workspace/.gradle/caches/journal-1/file-access.bin
Invalidating in-memory cache of /workspace/.gradle/8.6/checksums/md5-checksums.bin
Invalidating in-memory cache of /workspace/.gradle/8.6/checksums/sha256-checksums.bin
Invalidating in-memory cache of /workspace/.gradle/8.6/checksums/sha1-checksums.bin
Invalidating in-memory cache of /workspace/.gradle/8.6/checksums/sha512-checksums.bin
Invalidating in-memory cache of /workspace/.gradle/caches/journal-1/file-access.bin
Invalidating in-memory cache of /workspace/.gradle/8.6/checksums/md5-checksums.bin
Invalidating in-memory cache of /workspace/.gradle/8.6/checksums/sha256-checksums.bin
Invalidating in-memory cache of /workspace/.gradle/8.6/checksums/sha1-checksums.bin
Invalidating in-memory cache of /workspace/.gradle/8.6/checksums/sha512-checksums.bin
Invalidating in-memory cache of /workspace/.gradle/caches/journal-1/file-access.bin
Invalidating in-memory cache of /workspace/.gradle/8.6/checksums/md5-checksums.bin
Invalidating in-memory cache of /workspace/.gradle/8.6/checksums/sha256-checksums.bin
Invalidating in-memory cache of /workspace/.gradle/8.6/checksums/sha1-checksums.bin
Invalidating in-memory cache of /workspace/.gradle/8.6/checksums/sha512-checksums.bin
Invalidating in-memory cache of /workspace/.gradle/caches/journal-1/file-access.bin
Invalidating in-memory cache of /workspace/.gradle/8.6/checksums/md5-checksums.bin
Invalidating in-memory cache of /workspace/.gradle/8.6/checksums/sha256-checksums.bin
Invalidating in-memory cache of /workspace/.gradle/8.6/checksums/sha1-checksums.bin
Invalidating in-memory cache of /workspace/.gradle/8.6/checksums/sha512-checksums.bin
Invalidating in-memory cache of /workspace/.gradle/caches/journal-1/file-access.bin
Invalidating in-memory cache of /workspace/.gradle/8.6/checksums/md5-checksums.bin
Invalidating in-memory cache of /workspace/.gradle/8.6/checksums/sha256-checksums.bin
Invalidating in-memory cache of /workspace/.gradle/8.6/checksums/sha1-checksums.bin
Invalidating in-memory cache of /workspace/.gradle/8.6/checksums/sha512-checksums.bin
Invalidating in-memory cache of /workspace/.gradle/caches/journal-1/file-access.bin
Invalidating in-memory cache of /workspace/.gradle/8.6/checksums/md5-checksums.bin
Invalidating in-memory cache of /workspace/.gradle/8.6/checksums/sha256-checksums.bin
Invalidating in-memory cache of /workspace/.gradle/8.6/checksums/sha1-checksums.bin
Invalidating in-memory cache of /workspace/.gradle/8.6/checksums/sha512-checksums.bin
Invalidating in-memory cache of /workspace/.gradle/caches/journal-1/file-access.bin
Invalidating in-memory cache of /workspace/.gradle/8.6/checksums/md5-checksums.bin
Invalidating in-memory cache of /workspace/.gradle/8.6/checksums/sha256-checksums.bin
Invalidating in-memory cache of /workspace/.gradle/8.6/checksums/sha1-checksums.bin
Invalidating in-memory cache of /workspace/.gradle/8.6/checksums/sha512-checksums.bin
Invalidating in-memory cache of /workspace/.gradle/caches/journal-1/file-access.bin
Invalidating in-memory cache of /workspace/.gradle/8.6/checksums/md5-checksums.bin
Invalidating in-memory cache of /workspace/.gradle/8.6/checksums/sha256-checksums.bin
Invalidating in-memory cache of /workspace/.gradle/8.6/checksums/sha1-checksums.bin
Invalidating in-memory cache of /workspace/.gradle/8.6/checksums/sha512-checksums.bin
Invalidating in-memory cache of /workspace/.gradle/caches/journal-1/file-access.bin
Invalidating in-memory cache of /workspace/.gradle/8.6/checksums/md5-checksums.bin
Invalidating in-memory cache of /workspace/.gradle/8.6/checksums/sha256-checksums.bin
Invalidating in-memory cache of /workspace/.gradle/8.6/checksums/sha1-checksums.bin
Invalidating in-memory cache of /workspace/.gradle/8.6/checksums/sha512-checksums.bin
Invalidating in-memory cache of /workspace/.gradle/caches/journal-1/file-access.bin
Resource missing. [HTTP GET: https://dl.google.com/dl/android/maven2/io/grpc/grpc-core/1.57.0/grpc-core-1.57.0.pom]
Resource missing. [HTTP GET: https://dl.google.com/dl/android/maven2/io/grpc/grpc-stub/1.57.0/grpc-stub-1.57.0.pom]
Cached resource https://dl.google.com/dl/android/maven2/com/android/tools/build/jetifier/jetifier-core/1.0.0-beta10/jetifier-core-1.0.0-beta10.pom is up-to-date (lastModified: Wed Sep 02 17:00:00 GMT 2020).
Resource missing. [HTTP GET: https://dl.google.com/dl/android/maven2/io/grpc/grpc-netty/1.57.0/grpc-netty-1.57.0.pom]
Resource missing. [HTTP GET: https://dl.google.com/dl/android/maven2/io/grpc/grpc-protobuf/1.57.0/grpc-protobuf-1.57.0.pom]
Resource missing. [HTTP GET: https://dl.google.com/dl/android/maven2/com/google/code/gson/gson/2.10.1/gson-2.10.1.pom]
Downloading https://dl.google.com/dl/android/maven2/com/android/tools/build/jetifier/jetifier-processor/1.0.0-beta10/jetifier-processor-1.0.0-beta10.pom to /workspace/.gradle/.tmp/gradle_download5023475426393863597bin
Cached resource https://dl.google.com/dl/android/maven2/com/android/tools/build/bundletool/1.15.6/bundletool-1.15.6.pom is up-to-date (lastModified: Tue Nov 07 17:18:51 GMT 2023).
Invalidating in-memory cache of /workspace/.gradle/8.6/checksums/md5-checksums.bin
Invalidating in-memory cache of /workspace/.gradle/8.6/checksums/sha256-checksums.bin
Invalidating in-memory cache of /workspace/.gradle/8.6/checksums/sha1-checksums.bin
Invalidating in-memory cache of /workspace/.gradle/8.6/checksums/sha512-checksums.bin
Invalidating in-memory cache of /workspace/.gradle/caches/journal-1/file-access.bin
Cached resource https://repo.maven.apache.org/maven2/org/ow2/asm/asm-commons/9.6/asm-commons-9.6.pom is up-to-date (lastModified: Sat Sep 30 11:18:41 GMT 2023).
Cached resource https://repo.maven.apache.org/maven2/org/ow2/asm/asm/9.6/asm-9.6.pom is up-to-date (lastModified: Sat Sep 30 11:18:34 GMT 2023).
Cached resource https://repo.maven.apache.org/maven2/org/apache/httpcomponents/httpmime/4.5.6/httpmime-4.5.6.pom is up-to-date (lastModified: Thu Jul 05 11:43:07 GMT 2018).
Cached resource https://repo.maven.apache.org/maven2/org/bouncycastle/bcpkix-jdk18on/1.77/bcpkix-jdk18on-1.77.pom is up-to-date (lastModified: Wed Nov 15 04:55:50 GMT 2023).
Cached resource https://repo.maven.apache.org/maven2/com/squareup/javapoet/1.10.0/javapoet-1.10.0.pom is up-to-date (lastModified: Sat Jan 27 04:33:20 GMT 2018).
Downloading https://repo.maven.apache.org/maven2/com/google/protobuf/protobuf-java-util/3.22.3/protobuf-java-util-3.22.3.pom to /workspace/.gradle/.tmp/gradle_download12318378412711437507bin
Cached resource https://repo.maven.apache.org/maven2/com/google/protobuf/protobuf-java/3.22.3/protobuf-java-3.22.3.pom is up-to-date (lastModified: Thu Apr 13 00:19:56 GMT 2023).
Downloading https://repo.maven.apache.org/maven2/org/ow2/asm/asm-util/9.6/asm-util-9.6.pom to /workspace/.gradle/.tmp/gradle_download7485361724052599390bin
Cached resource https://repo.maven.apache.org/maven2/org/ow2/asm/asm-analysis/9.6/asm-analysis-9.6.pom is up-to-date (lastModified: Sat Sep 30 11:18:38 GMT 2023).
Downloading https://repo.maven.apache.org/maven2/io/grpc/grpc-stub/1.57.0/grpc-stub-1.57.0.pom to /workspace/.gradle/.tmp/gradle_download13367765203665581783bin
Downloading https://repo.maven.apache.org/maven2/io/grpc/grpc-protobuf/1.57.0/grpc-protobuf-1.57.0.pom to /workspace/.gradle/.tmp/gradle_download7773767273873162087bin
Downloading https://repo.maven.apache.org/maven2/io/grpc/grpc-netty/1.57.0/grpc-netty-1.57.0.pom to /workspace/.gradle/.tmp/gradle_download6149619910776240324bin
Downloading https://repo.maven.apache.org/maven2/io/grpc/grpc-core/1.57.0/grpc-core-1.57.0.pom to /workspace/.gradle/.tmp/gradle_download12048256077454736701bin
Downloading https://repo.maven.apache.org/maven2/com/google/code/gson/gson/2.10.1/gson-2.10.1.pom to /workspace/.gradle/.tmp/gradle_download17868816228299329168bin
Cached resource https://repo.maven.apache.org/maven2/org/glassfish/jaxb/jaxb-runtime/2.3.2/jaxb-runtime-2.3.2.pom is up-to-date (lastModified: Wed Jan 02 15:32:23 GMT 2019).
Invalidating in-memory cache of /workspace/.gradle/8.6/checksums/md5-checksums.bin
Invalidating in-memory cache of /workspace/.gradle/8.6/checksums/sha256-checksums.bin
Invalidating in-memory cache of /workspace/.gradle/8.6/checksums/sha1-checksums.bin
Invalidating in-memory cache of /workspace/.gradle/8.6/checksums/sha512-checksums.bin
Invalidating in-memory cache of /workspace/.gradle/caches/journal-1/file-access.bin
Cached resource https://repo.maven.apache.org/maven2/commons-io/commons-io/2.13.0/commons-io-2.13.0.pom is up-to-date (lastModified: Sat Jun 03 16:39:15 GMT 2023).
Cached resource https://dl.google.com/dl/android/maven2/com/android/tools/build/jetifier/jetifier-core/1.0.0-beta10/jetifier-core-1.0.0-beta10.module is up-to-date (lastModified: Wed Sep 02 17:00:00 GMT 2020).
Invalidating in-memory cache of /workspace/.gradle/8.6/checksums/md5-checksums.bin
Invalidating in-memory cache of /workspace/.gradle/8.6/checksums/sha256-checksums.bin
Invalidating in-memory cache of /workspace/.gradle/8.6/checksums/sha1-checksums.bin
Invalidating in-memory cache of /workspace/.gradle/8.6/checksums/sha512-checksums.bin
Invalidating in-memory cache of /workspace/.gradle/caches/journal-1/file-access.bin
Invalidating in-memory cache of /workspace/.gradle/8.6/checksums/md5-checksums.bin
Invalidating in-memory cache of /workspace/.gradle/8.6/checksums/sha256-checksums.bin
Invalidating in-memory cache of /workspace/.gradle/8.6/checksums/sha1-checksums.bin
Invalidating in-memory cache of /workspace/.gradle/8.6/checksums/sha512-checksums.bin
Invalidating in-memory cache of /workspace/.gradle/caches/journal-1/file-access.bin
Invalidating in-memory cache of /workspace/.gradle/8.6/checksums/md5-checksums.bin
Invalidating in-memory cache of /workspace/.gradle/8.6/checksums/sha256-checksums.bin
Invalidating in-memory cache of /workspace/.gradle/8.6/checksums/sha1-checksums.bin
Invalidating in-memory cache of /workspace/.gradle/8.6/checksums/sha512-checksums.bin
Invalidating in-memory cache of /workspace/.gradle/caches/journal-1/file-access.bin
Resource missing. [HTTP GET: https://dl.google.com/dl/android/maven2/com/sun/xml/bind/mvn/jaxb-runtime-parent/2.3.2/jaxb-runtime-parent-2.3.2.pom]
Invalidating in-memory cache of /workspace/.gradle/8.6/checksums/md5-checksums.bin
Invalidating in-memory cache of /workspace/.gradle/8.6/checksums/sha256-checksums.bin
Invalidating in-memory cache of /workspace/.gradle/8.6/checksums/sha1-checksums.bin
Invalidating in-memory cache of /workspace/.gradle/8.6/checksums/sha512-checksums.bin
Invalidating in-memory cache of /workspace/.gradle/caches/journal-1/file-access.bin
Invalidating in-memory cache of /workspace/.gradle/8.6/checksums/md5-checksums.bin
Invalidating in-memory cache of /workspace/.gradle/8.6/checksums/sha256-checksums.bin
Invalidating in-memory cache of /workspace/.gradle/8.6/checksums/sha1-checksums.bin
Invalidating in-memory cache of /workspace/.gradle/8.6/checksums/sha512-checksums.bin
Invalidating in-memory cache of /workspace/.gradle/caches/journal-1/file-access.bin
========================================
Droidvisor Docker Testing
开始时间: 2026-05-28 20:39:32
========================================
[INFO] 2026-05-28 20:39:32 - 检查先决条件...
[INFO] 2026-05-28 20:39:32 - 先决条件检查通过
[INFO] 2026-05-28 20:39:32 - 清理旧测试环境...
[INFO] 2026-05-28 20:39:33 - 旧测试环境清理完成
[INFO] 2026-05-28 20:39:33 - 构建 Docker 测试镜像...
#0 building with "default" instance using docker driver

#1 [internal] load build definition from Dockerfile
#1 DONE 0.0s

#1 [internal] load build definition from Dockerfile
#1 transferring dockerfile: 1.60kB done
#1 DONE 0.0s

#2 [internal] load metadata for docker.io/library/ubuntu:22.04
#2 DONE 0.0s

#3 [internal] load .dockerignore
#3 transferring context: 2B done
#3 DONE 0.0s

#4 [internal] load build context
#4 DONE 0.0s

#5 [ 1/13] FROM docker.io/library/ubuntu:22.04@sha256:4f838adc7181d9039ac795a7d0aba05a9bd9ecd480d294483169c5def983b64d
#5 resolve docker.io/library/ubuntu:22.04@sha256:4f838adc7181d9039ac795a7d0aba05a9bd9ecd480d294483169c5def983b64d 0.0s done
#5 DONE 0.0s

#4 [internal] load build context
#4 transferring context: 10.19kB done
#4 DONE 0.0s

#6 [ 5/13] RUN yes | sdkmanager --licenses || true &&     sdkmanager "platform-tools" "platforms;android-34" "build-tools;34.0.0"
#6 CACHED

#7 [ 2/13] WORKDIR /workspace
#7 CACHED

#8 [ 7/13] COPY gradlew gradlew
#8 CACHED

#9 [ 3/13] RUN apt-get update && apt-get install -y     wget     unzip     curl     git     openjdk-17-jdk     && apt-get clean && rm -rf /var/lib/apt/lists/*
#9 CACHED

#10 [ 9/13] RUN chmod +x /workspace/gradlew
#10 CACHED

#11 [11/13] COPY build.gradle /workspace/build.gradle
#11 CACHED

#12 [12/13] COPY settings.gradle /workspace/settings.gradle
#12 CACHED

#13 [ 4/13] RUN mkdir -p /opt/android-sdk/cmdline-tools &&     cd /opt/android-sdk/cmdline-tools &&     wget -q https://dl.google.com/android/repository/commandlinetools-linux-11076708_latest.zip -O cmdline-tools.zip &&     unzip -q cmdline-tools.zip &&     mv cmdline-tools latest &&     rm cmdline-tools.zip
#13 CACHED

#14 [ 6/13] COPY gradle gradle/
#14 CACHED

#15 [10/13] COPY app /workspace/app
#15 CACHED

#16 [ 8/13] COPY gradle.properties gradle.properties
#16 CACHED

#17 [13/13] RUN mkdir -p /workspace/app/build/reports/tests
#17 CACHED

#18 exporting to image
#18 exporting layers done
#18 preparing layers for inline cache
#18 preparing layers for inline cache 0.2s done
#18 exporting manifest sha256:4e730e2f922249d0d2318c72f4c393f13fef88e72e572bc73a421f46af3d9e72 done
#18 exporting config sha256:3a61e741c7245dd436cb1aafcc1513e97aea1013ffd94af7b60946c46741c3dd done
#18 exporting attestation manifest sha256:8aff9cbb7955415eecfd3d2093faa402ca33c9910bc0e5b2a365971dbc2c073d 0.1s done
#18 exporting manifest list sha256:8de8c6e461a652093c3e269bf59777248cd0f0957286f479ab401e1d36f5609a
#18 exporting manifest list sha256:8de8c6e461a652093c3e269bf59777248cd0f0957286f479ab401e1d36f5609a 0.0s done
#18 naming to docker.io/library/droidvisor-test:latest done
#18 unpacking to docker.io/library/droidvisor-test:latest 0.0s done
#18 DONE 0.4s
[INFO] 2026-05-28 20:39:34 - Docker 镜像构建成功
[INFO] 2026-05-28 20:39:34 - 启动测试容器...
[INFO] 2026-05-28 20:39:35 - 等待容器启动...
[INFO] 2026-05-28 20:39:35 - 所有容器已启动
[INFO] 2026-05-28 20:39:35 - 运行单元测试...
Could not set maximum file descriptor limit: maximum
/workspace/gradlew: 111: [: Illegal number: maximum
/workspace/gradlew: 114: ulimit: bad number
Initialized native services in: /workspace/.gradle/native
Initialized jansi services in: /workspace/.gradle/native
Received JVM installation metadata from '/usr/lib/jvm/java-17-openjdk-amd64': {JAVA_HOME=/usr/lib/jvm/java-17-openjdk-amd64, JAVA_VERSION=17.0.19, JAVA_VENDOR=Ubuntu, RUNTIME_NAME=OpenJDK Runtime Environment, RUNTIME_VERSION=17.0.19+10-1-22.04.2-Ubuntu, VM_NAME=OpenJDK 64-Bit Server VM, VM_VERSION=17.0.19+10-1-22.04.2-Ubuntu, VM_VENDOR=Ubuntu, OS_ARCH=amd64}
Checking if the launcher JVM can be re-used for build. To be re-used, the launcher JVM needs to match the parameters required for the build process: --add-opens=java.base/java.util=ALL-UNNAMED --add-opens=java.base/java.lang=ALL-UNNAMED --add-opens=java.base/java.lang.invoke=ALL-UNNAMED --add-opens=java.prefs/java.util.prefs=ALL-UNNAMED --add-opens=java.base/java.nio.charset=ALL-UNNAMED --add-opens=java.base/java.net=ALL-UNNAMED --add-opens=java.base/java.util.concurrent.atomic=ALL-UNNAMED -Xmx2048m -Dfile.encoding=UTF-8 -Duser.country=US -Duser.language=en -Duser.variant
To honour the JVM settings for this build a single-use Daemon process will be forked. For more on this, please refer to https://docs.gradle.org/8.6/userguide/gradle_daemon.html#sec:disabling_the_daemon in the Gradle documentation.
Starting process 'Gradle build daemon'. Working directory: /workspace/.gradle/daemon/8.6 Command: /usr/lib/jvm/java-17-openjdk-amd64/bin/java --add-opens=java.base/java.util=ALL-UNNAMED --add-opens=java.base/java.lang=ALL-UNNAMED --add-opens=java.base/java.lang.invoke=ALL-UNNAMED --add-opens=java.prefs/java.util.prefs=ALL-UNNAMED --add-opens=java.base/java.nio.charset=ALL-UNNAMED --add-opens=java.base/java.net=ALL-UNNAMED --add-opens=java.base/java.util.concurrent.atomic=ALL-UNNAMED -Xmx2048m -Dfile.encoding=UTF-8 -Duser.country=US -Duser.language=en -Duser.variant -cp /workspace/.gradle/wrapper/dists/gradle-8.6-bin/afr5mpiioh2wthjmwnkmdsd5w/gradle-8.6/lib/gradle-launcher-8.6.jar -javaagent:/workspace/.gradle/wrapper/dists/gradle-8.6-bin/afr5mpiioh2wthjmwnkmdsd5w/gradle-8.6/lib/agents/gradle-instrumentation-agent-8.6.jar org.gradle.launcher.daemon.bootstrap.GradleDaemon 8.6
Successfully started process 'Gradle build daemon'
An attempt to start the daemon took 0.875 secs.
The client will now receive all logging from the daemon (pid: 115). The daemon log file: /workspace/.gradle/daemon/8.6/daemon-115.out.log
Closing daemon's stdin at end of input.
The daemon will no longer process any standard input.
Daemon will be stopped at the end of the build 
Using 20 worker leases.
Received JVM installation metadata from '/usr/lib/jvm/java-17-openjdk-amd64': {JAVA_HOME=/usr/lib/jvm/java-17-openjdk-amd64, JAVA_VERSION=17.0.19, JAVA_VENDOR=Ubuntu, RUNTIME_NAME=OpenJDK Runtime Environment, RUNTIME_VERSION=17.0.19+10-1-22.04.2-Ubuntu, VM_NAME=OpenJDK 64-Bit Server VM, VM_VERSION=17.0.19+10-1-22.04.2-Ubuntu, VM_VENDOR=Ubuntu, OS_ARCH=amd64}
Watching the file system is configured to be enabled if available
Not watching /workspace since the file system is not supported
File system watching is active
Starting Build
Invalidating in-memory cache of /workspace/.gradle/caches/8.6/fileHashes/fileHashes.bin
Invalidating in-memory cache of /workspace/.gradle/caches/8.6/fileHashes/resourceHashesCache.bin
Invalidating in-memory cache of /workspace/.gradle/caches/journal-1/file-access.bin
Invalidating in-memory cache of /workspace/.gradle/caches/8.6/fileHashes/fileHashes.bin
Invalidating in-memory cache of /workspace/.gradle/caches/8.6/fileHashes/resourceHashesCache.bin
Invalidating in-memory cache of /workspace/.gradle/caches/journal-1/file-access.bin
Settings evaluated using settings file '/workspace/settings.gradle'.
Using local directory build cache for the root build (location = /workspace/.gradle/caches/build-cache-1, removeUnusedEntriesAfter = 7 days).
Projects loaded. Root project using build file '/workspace/build.gradle'.
Included projects: [root project 'droidvisor', project ':app']
Invalidating in-memory cache of /workspace/.gradle/caches/journal-1/file-access.bin

> Configure project :
Evaluating root project 'droidvisor' using build file '/workspace/build.gradle'.
Invalidating in-memory cache of /workspace/.gradle/caches/8.6/fileHashes/fileHashes.bin
Invalidating in-memory cache of /workspace/.gradle/caches/8.6/fileHashes/resourceHashesCache.bin
Cached resource https://repo.maven.apache.org/maven2/com/google/protobuf/protobuf-java/3.22.3/protobuf-java-3.22.3.pom is up-to-date (lastModified: Thu Apr 13 00:19:56 GMT 2023).
Cached resource https://repo.maven.apache.org/maven2/com/google/protobuf/protobuf-parent/3.22.3/protobuf-parent-3.22.3.pom is up-to-date (lastModified: Thu Apr 13 00:19:17 GMT 2023).
Invalidating in-memory cache of /workspace/.gradle/caches/journal-1/file-access.bin
Invalidating in-memory cache of /workspace/.gradle/8.6/checksums/md5-checksums.bin
Invalidating in-memory cache of /workspace/.gradle/8.6/checksums/sha256-checksums.bin
Invalidating in-memory cache of /workspace/.gradle/8.6/checksums/sha1-checksums.bin
Invalidating in-memory cache of /workspace/.gradle/8.6/checksums/sha512-checksums.bin
Cached resource https://repo.maven.apache.org/maven2/org/apache/httpcomponents/httpmime/4.5.6/httpmime-4.5.6.pom is up-to-date (lastModified: Thu Jul 05 11:43:07 GMT 2018).
Cached resource https://repo.maven.apache.org/maven2/org/glassfish/jaxb/jaxb-runtime/2.3.2/jaxb-runtime-2.3.2.pom is up-to-date (lastModified: Wed Jan 02 15:32:23 GMT 2019).
Cached resource https://repo.maven.apache.org/maven2/com/google/protobuf/protobuf-java-util/3.22.3/protobuf-java-util-3.22.3.pom is up-to-date (lastModified: Thu Apr 13 00:20:19 GMT 2023).
Cached resource https://repo.maven.apache.org/maven2/commons-io/commons-io/2.13.0/commons-io-2.13.0.pom is up-to-date (lastModified: Sat Jun 03 16:39:15 GMT 2023).
Invalidating in-memory cache of /workspace/.gradle/8.6/checksums/md5-checksums.bin
Invalidating in-memory cache of /workspace/.gradle/8.6/checksums/sha256-checksums.bin
Invalidating in-memory cache of /workspace/.gradle/8.6/checksums/sha1-checksums.bin
Invalidating in-memory cache of /workspace/.gradle/8.6/checksums/sha512-checksums.bin
Invalidating in-memory cache of /workspace/.gradle/caches/journal-1/file-access.bin
Cached resource https://repo.maven.apache.org/maven2/com/sun/xml/bind/mvn/jaxb-runtime-parent/2.3.2/jaxb-runtime-parent-2.3.2.pom is up-to-date (lastModified: Wed Jan 02 15:34:13 GMT 2019).
Cached resource https://repo.maven.apache.org/maven2/com/sun/xml/bind/mvn/jaxb-parent/2.3.2/jaxb-parent-2.3.2.pom is up-to-date (lastModified: Wed Jan 02 15:34:07 GMT 2019).
Invalidating in-memory cache of /workspace/.gradle/caches/journal-1/file-access.bin
Invalidating in-memory cache of /workspace/.gradle/8.6/checksums/md5-checksums.bin
Invalidating in-memory cache of /workspace/.gradle/8.6/checksums/sha256-checksums.bin
Invalidating in-memory cache of /workspace/.gradle/8.6/checksums/sha1-checksums.bin
Invalidating in-memory cache of /workspace/.gradle/8.6/checksums/sha512-checksums.bin
Downloading https://repo.maven.apache.org/maven2/org/jetbrains/kotlin/kotlin-gradle-plugin-idea/1.9.23/kotlin-gradle-plugin-idea-1.9.23.pom to /workspace/.gradle/.tmp/gradle_download2346663077938503582bin
Resource missing. [HTTP GET: https://dl.google.com/dl/android/maven2/org/jetbrains/kotlin/kotlin-gradle-plugin-model/1.9.23/kotlin-gradle-plugin-model-1.9.23.pom]
Resource missing. [HTTP GET: https://dl.google.com/dl/android/maven2/org/jetbrains/kotlin/kotlin-scripting-compiler-embeddable/1.9.23/kotlin-scripting-compiler-embeddable-1.9.23.pom]
Resource missing. [HTTP GET: https://dl.google.com/dl/android/maven2/org/jetbrains/kotlin/kotlin-klib-commonizer-api/1.9.23/kotlin-klib-commonizer-api-1.9.23.pom]
Resource missing. [HTTP GET: https://dl.google.com/dl/android/maven2/org/jetbrains/kotlin/kotlin-util-klib/1.9.23/kotlin-util-klib-1.9.23.pom]
Resource missing. [HTTP GET: https://dl.google.com/dl/android/maven2/org/jetbrains/kotlin/kotlin-compiler-embeddable/1.9.23/kotlin-compiler-embeddable-1.9.23.pom]
Resource missing. [HTTP GET: https://dl.google.com/dl/android/maven2/org/jetbrains/kotlin/kotlin-scripting-compiler-impl-embeddable/1.9.23/kotlin-scripting-compiler-impl-embeddable-1.9.23.pom]
Resource missing. [HTTP GET: https://dl.google.com/dl/android/maven2/org/jetbrains/kotlin/kotlin-compiler-runner/1.9.23/kotlin-compiler-runner-1.9.23.pom]
Invalidating in-memory cache of /workspace/.gradle/8.6/checksums/md5-checksums.bin
Invalidating in-memory cache of /workspace/.gradle/8.6/checksums/sha256-checksums.bin
Invalidating in-memory cache of /workspace/.gradle/8.6/checksums/sha1-checksums.bin
Invalidating in-memory cache of /workspace/.gradle/8.6/checksums/sha512-checksums.bin
Invalidating in-memory cache of /workspace/.gradle/caches/journal-1/file-access.bin
Resource missing. [HTTP GET: https://dl.google.com/dl/android/maven2/org/jetbrains/kotlin/kotlin-gradle-plugin-api/1.9.23/kotlin-gradle-plugin-api-1.9.23.pom]
Resource missing. [HTTP GET: https://dl.google.com/dl/android/maven2/org/jetbrains/kotlin/kotlin-android-extensions/1.9.23/kotlin-android-extensions-1.9.23.pom]
Resource missing. [HTTP GET: https://dl.google.com/dl/android/maven2/org/jetbrains/kotlin/kotlin-build-tools-api/1.9.23/kotlin-build-tools-api-1.9.23.pom]
Downloading https://repo.maven.apache.org/maven2/org/jetbrains/kotlin/kotlin-gradle-plugin-model/1.9.23/kotlin-gradle-plugin-model-1.9.23.pom to /workspace/.gradle/.tmp/gradle_download12889211262777460184bin
Downloading https://repo.maven.apache.org/maven2/org/jetbrains/kotlin/kotlin-compiler-runner/1.9.23/kotlin-compiler-runner-1.9.23.pom to /workspace/.gradle/.tmp/gradle_download6794862416768221119bin
Cached resource https://repo.maven.apache.org/maven2/org/jetbrains/kotlin/kotlin-scripting-compiler-embeddable/1.9.23/kotlin-scripting-compiler-embeddable-1.9.23.pom is up-to-date (lastModified: Wed Mar 06 18:59:14 GMT 2024).
Downloading https://repo.maven.apache.org/maven2/org/jetbrains/kotlin/kotlin-gradle-plugin-idea/1.9.23/kotlin-gradle-plugin-idea-1.9.23.module to /workspace/.gradle/.tmp/gradle_download3510396718484368722bin
Downloading https://repo.maven.apache.org/maven2/org/jetbrains/kotlin/kotlin-android-extensions/1.9.23/kotlin-android-extensions-1.9.23.pom to /workspace/.gradle/.tmp/gradle_download15457321084957837354bin
Resource missing. [HTTP GET: https://dl.google.com/dl/android/maven2/org/jetbrains/kotlin/kotlin-gradle-plugin-idea-proto/1.9.23/kotlin-gradle-plugin-idea-proto-1.9.23.pom]
Downloading https://repo.maven.apache.org/maven2/org/jetbrains/kotlin/kotlin-util-klib/1.9.23/kotlin-util-klib-1.9.23.pom to /workspace/.gradle/.tmp/gradle_download10495695470788464022bin
Downloading https://repo.maven.apache.org/maven2/org/jetbrains/kotlin/kotlin-compiler-embeddable/1.9.23/kotlin-compiler-embeddable-1.9.23.pom to /workspace/.gradle/.tmp/gradle_download11925849850147189652bin
Downloading https://repo.maven.apache.org/maven2/org/jetbrains/kotlin/kotlin-scripting-compiler-impl-embeddable/1.9.23/kotlin-scripting-compiler-impl-embeddable-1.9.23.pom to /workspace/.gradle/.tmp/gradle_download17670120451286457261bin
Downloading https://repo.maven.apache.org/maven2/org/jetbrains/kotlin/kotlin-klib-commonizer-api/1.9.23/kotlin-klib-commonizer-api-1.9.23.pom to /workspace/.gradle/.tmp/gradle_download12189534588280067847bin
Invalidating in-memory cache of /workspace/.gradle/8.6/checksums/md5-checksums.bin
Invalidating in-memory cache of /workspace/.gradle/8.6/checksums/sha256-checksums.bin
Invalidating in-memory cache of /workspace/.gradle/8.6/checksums/sha1-checksums.bin
Invalidating in-memory cache of /workspace/.gradle/8.6/checksums/sha512-checksums.bin
Invalidating in-memory cache of /workspace/.gradle/caches/journal-1/file-access.bin
Downloading https://repo.maven.apache.org/maven2/org/jetbrains/kotlin/kotlin-gradle-plugin-api/1.9.23/kotlin-gradle-plugin-api-1.9.23.pom to /workspace/.gradle/.tmp/gradle_download12775173704821434904bin
Downloading https://repo.maven.apache.org/maven2/org/jetbrains/kotlin/kotlin-gradle-plugin-model/1.9.23/kotlin-gradle-plugin-model-1.9.23.module to /workspace/.gradle/.tmp/gradle_download1281365406315844382bin
Invalidating in-memory cache of /workspace/.gradle/8.6/checksums/md5-checksums.bin
Invalidating in-memory cache of /workspace/.gradle/8.6/checksums/sha256-checksums.bin
Invalidating in-memory cache of /workspace/.gradle/8.6/checksums/sha1-checksums.bin
Invalidating in-memory cache of /workspace/.gradle/8.6/checksums/sha512-checksums.bin
Invalidating in-memory cache of /workspace/.gradle/caches/journal-1/file-access.bin
Downloading https://repo.maven.apache.org/maven2/org/jetbrains/kotlin/kotlin-build-tools-api/1.9.23/kotlin-build-tools-api-1.9.23.pom to /workspace/.gradle/.tmp/gradle_download12465747204963110590bin
Invalidating in-memory cache of /workspace/.gradle/8.6/checksums/md5-checksums.bin
Invalidating in-memory cache of /workspace/.gradle/8.6/checksums/sha256-checksums.bin
Invalidating in-memory cache of /workspace/.gradle/8.6/checksums/sha1-checksums.bin
Invalidating in-memory cache of /workspace/.gradle/8.6/checksums/sha512-checksums.bin
Invalidating in-memory cache of /workspace/.gradle/caches/journal-1/file-access.bin
Invalidating in-memory cache of /workspace/.gradle/8.6/checksums/md5-checksums.bin
Invalidating in-memory cache of /workspace/.gradle/8.6/checksums/sha256-checksums.bin
Invalidating in-memory cache of /workspace/.gradle/8.6/checksums/sha1-checksums.bin
Invalidating in-memory cache of /workspace/.gradle/8.6/checksums/sha512-checksums.bin
Invalidating in-memory cache of /workspace/.gradle/caches/journal-1/file-access.bin
Downloading https://repo.maven.apache.org/maven2/org/jetbrains/kotlin/kotlin-gradle-plugin-api/1.9.23/kotlin-gradle-plugin-api-1.9.23.module to /workspace/.gradle/.tmp/gradle_download13413247210291997611bin
Invalidating in-memory cache of /workspace/.gradle/8.6/checksums/md5-checksums.bin
Invalidating in-memory cache of /workspace/.gradle/8.6/checksums/sha256-checksums.bin
Invalidating in-memory cache of /workspace/.gradle/8.6/checksums/sha1-checksums.bin
Invalidating in-memory cache of /workspace/.gradle/8.6/checksums/sha512-checksums.bin
Invalidating in-memory cache of /workspace/.gradle/caches/journal-1/file-access.bin
Resource missing. [HTTP GET: https://dl.google.com/dl/android/maven2/org/bouncycastle/bcprov-jdk18on/1.77/bcprov-jdk18on-1.77.pom]
Resource missing. [HTTP GET: https://dl.google.com/dl/android/maven2/org/jetbrains/intellij/deps/trove4j/1.0.20200330/trove4j-1.0.20200330.pom]
Resource missing. [HTTP GET: https://dl.google.com/dl/android/maven2/com/google/guava/guava/32.0.1-jre/guava-32.0.1-jre.pom]
Resource missing. [HTTP GET: https://dl.google.com/dl/android/maven2/org/jetbrains/kotlin/kotlin-reflect/1.9.20/kotlin-reflect-1.9.20.pom]
Downloading https://repo.maven.apache.org/maven2/org/jetbrains/intellij/deps/trove4j/1.0.20200330/trove4j-1.0.20200330.pom to /workspace/.gradle/.tmp/gradle_download8662980697710725846bin
Resource missing. [HTTP GET: https://dl.google.com/dl/android/maven2/javax/inject/javax.inject/1/javax.inject-1.pom]
Downloading https://repo.maven.apache.org/maven2/com/google/guava/guava/32.0.1-jre/guava-32.0.1-jre.pom to /workspace/.gradle/.tmp/gradle_download10055389062710586940bin
Downloading https://dl.google.com/dl/android/maven2/com/android/tools/common/31.4.0/common-31.4.0.pom to /workspace/.gradle/.tmp/gradle_download13540799085891048966bin
Downloading https://repo.maven.apache.org/maven2/org/bouncycastle/bcprov-jdk18on/1.77/bcprov-jdk18on-1.77.pom to /workspace/.gradle/.tmp/gradle_download16455789442403209458bin
Invalidating in-memory cache of /workspace/.gradle/8.6/checksums/md5-checksums.bin
Invalidating in-memory cache of /workspace/.gradle/8.6/checksums/sha256-checksums.bin
Invalidating in-memory cache of /workspace/.gradle/8.6/checksums/sha1-checksums.bin
Invalidating in-memory cache of /workspace/.gradle/8.6/checksums/sha512-checksums.bin
Invalidating in-memory cache of /workspace/.gradle/caches/journal-1/file-access.bin
Downloading https://repo.maven.apache.org/maven2/com/google/guava/guava-parent/32.0.1-jre/guava-parent-32.0.1-jre.pom to /workspace/.gradle/.tmp/gradle_download14723370464105273827bin
Invalidating in-memory cache of /workspace/.gradle/8.6/checksums/md5-checksums.bin
Invalidating in-memory cache of /workspace/.gradle/8.6/checksums/sha256-checksums.bin
Invalidating in-memory cache of /workspace/.gradle/8.6/checksums/sha1-checksums.bin
Invalidating in-memory cache of /workspace/.gradle/8.6/checksums/sha512-checksums.bin
Invalidating in-memory cache of /workspace/.gradle/caches/journal-1/file-access.bin
Invalidating in-memory cache of /workspace/.gradle/caches/journal-1/file-access.bin
Invalidating in-memory cache of /workspace/.gradle/8.6/checksums/md5-checksums.bin
Invalidating in-memory cache of /workspace/.gradle/8.6/checksums/sha256-checksums.bin
Invalidating in-memory cache of /workspace/.gradle/8.6/checksums/sha1-checksums.bin
Invalidating in-memory cache of /workspace/.gradle/8.6/checksums/sha512-checksums.bin
Cached resource https://repo.maven.apache.org/maven2/org/apache/commons/commons-compress/1.21/commons-compress-1.21.pom is up-to-date (lastModified: Fri Jul 09 17:11:50 GMT 2021).
Cached resource https://repo.maven.apache.org/maven2/org/apache/httpcomponents/httpcore/4.4.16/httpcore-4.4.16.pom is up-to-date (lastModified: Sat Nov 26 09:45:01 GMT 2022).
Cached resource https://repo.maven.apache.org/maven2/org/apache/commons/commons-parent/52/commons-parent-52.pom is up-to-date (lastModified: Thu Jul 30 17:39:54 GMT 2020).
Cached resource https://repo.maven.apache.org/maven2/org/apache/httpcomponents/httpcomponents-core/4.4.16/httpcomponents-core-4.4.16.pom is up-to-date (lastModified: Sat Nov 26 09:44:44 GMT 2022).
Downloading https://repo.maven.apache.org/maven2/org/apache/apache/23/apache-23.pom to /workspace/.gradle/.tmp/gradle_download7230709132213363832bin
Cached resource https://repo.maven.apache.org/maven2/org/apache/httpcomponents/httpcomponents-parent/11/httpcomponents-parent-11.pom is up-to-date (lastModified: Tue Oct 30 11:48:50 GMT 2018).
Invalidating in-memory cache of /workspace/.gradle/8.6/checksums/md5-checksums.bin
Invalidating in-memory cache of /workspace/.gradle/8.6/checksums/sha256-checksums.bin
Invalidating in-memory cache of /workspace/.gradle/8.6/checksums/sha1-checksums.bin
Invalidating in-memory cache of /workspace/.gradle/8.6/checksums/sha512-checksums.bin
Invalidating in-memory cache of /workspace/.gradle/caches/journal-1/file-access.bin
Downloading https://repo.maven.apache.org/maven2/org/apache/apache/21/apache-21.pom to /workspace/.gradle/.tmp/gradle_download7230436417018818664bin
Invalidating in-memory cache of /workspace/.gradle/8.6/checksums/md5-checksums.bin
Invalidating in-memory cache of /workspace/.gradle/8.6/checksums/sha256-checksums.bin
Invalidating in-memory cache of /workspace/.gradle/8.6/checksums/sha1-checksums.bin
Invalidating in-memory cache of /workspace/.gradle/8.6/checksums/sha512-checksums.bin
Invalidating in-memory cache of /workspace/.gradle/caches/journal-1/file-access.bin
Resource missing. [HTTP GET: https://dl.google.com/dl/android/maven2/com/sun/activation/javax.activation/1.2.0/javax.activation-1.2.0.pom]
Resource missing. [HTTP GET: https://dl.google.com/dl/android/maven2/com/google/jimfs/jimfs/1.1/jimfs-1.1.pom]
Downloading https://repo.maven.apache.org/maven2/com/google/jimfs/jimfs/1.1/jimfs-1.1.pom to /workspace/.gradle/.tmp/gradle_download11539331211364376247bin
Downloading https://repo.maven.apache.org/maven2/com/sun/activation/javax.activation/1.2.0/javax.activation-1.2.0.pom to /workspace/.gradle/.tmp/gradle_download6241566260827270611bin
Invalidating in-memory cache of /workspace/.gradle/8.6/checksums/md5-checksums.bin
Invalidating in-memory cache of /workspace/.gradle/8.6/checksums/sha256-checksums.bin
Invalidating in-memory cache of /workspace/.gradle/8.6/checksums/sha1-checksums.bin
Invalidating in-memory cache of /workspace/.gradle/8.6/checksums/sha512-checksums.bin
Invalidating in-memory cache of /workspace/.gradle/caches/journal-1/file-access.bin
Invalidating in-memory cache of /workspace/.gradle/8.6/checksums/md5-checksums.bin
Invalidating in-memory cache of /workspace/.gradle/8.6/checksums/sha256-checksums.bin
Invalidating in-memory cache of /workspace/.gradle/8.6/checksums/sha1-checksums.bin
Invalidating in-memory cache of /workspace/.gradle/8.6/checksums/sha512-checksums.bin
Invalidating in-memory cache of /workspace/.gradle/caches/journal-1/file-access.bin
Resource missing. [HTTP GET: https://dl.google.com/dl/android/maven2/com/sun/activation/all/1.2.0/all-1.2.0.pom]
Resource missing. [HTTP GET: https://dl.google.com/dl/android/maven2/com/google/jimfs/jimfs-parent/1.1/jimfs-parent-1.1.pom]
Downloading https://repo.maven.apache.org/maven2/com/google/jimfs/jimfs-parent/1.1/jimfs-parent-1.1.pom to /workspace/.gradle/.tmp/gradle_download15121268269007721913bin
Downloading https://repo.maven.apache.org/maven2/com/sun/activation/all/1.2.0/all-1.2.0.pom to /workspace/.gradle/.tmp/gradle_download2363851837285314410bin
Invalidating in-memory cache of /workspace/.gradle/8.6/checksums/md5-checksums.bin
Invalidating in-memory cache of /workspace/.gradle/8.6/checksums/sha256-checksums.bin
Invalidating in-memory cache of /workspace/.gradle/8.6/checksums/sha1-checksums.bin
Invalidating in-memory cache of /workspace/.gradle/8.6/checksums/sha512-checksums.bin
Invalidating in-memory cache of /workspace/.gradle/caches/journal-1/file-access.bin
Downloading https://repo.maven.apache.org/maven2/net/java/jvnet-parent/1/jvnet-parent-1.pom to /workspace/.gradle/.tmp/gradle_download2566792029012506738bin
Invalidating in-memory cache of /workspace/.gradle/8.6/checksums/md5-checksums.bin
Invalidating in-memory cache of /workspace/.gradle/8.6/checksums/sha256-checksums.bin
Invalidating in-memory cache of /workspace/.gradle/8.6/checksums/sha1-checksums.bin
Invalidating in-memory cache of /workspace/.gradle/8.6/checksums/sha512-checksums.bin
Invalidating in-memory cache of /workspace/.gradle/caches/journal-1/file-access.bin
Downloading https://repo.maven.apache.org/maven2/org/jetbrains/annotations/23.0.0/annotations-23.0.0.pom to /workspace/.gradle/.tmp/gradle_download3836676244321539851bin
Invalidating in-memory cache of /workspace/.gradle/8.6/checksums/md5-checksums.bin
Invalidating in-memory cache of /workspace/.gradle/8.6/checksums/sha256-checksums.bin
Invalidating in-memory cache of /workspace/.gradle/8.6/checksums/sha1-checksums.bin
Invalidating in-memory cache of /workspace/.gradle/8.6/checksums/sha512-checksums.bin
Invalidating in-memory cache of /workspace/.gradle/caches/journal-1/file-access.bin
Resource missing. [HTTP GET: https://dl.google.com/dl/android/maven2/org/apache/httpcomponents/httpclient/4.5.14/httpclient-4.5.14.pom]
Downloading https://dl.google.com/dl/android/maven2/com/android/tools/annotations/31.4.0/annotations-31.4.0.pom to /workspace/.gradle/.tmp/gradle_download454475210354303115bin
Invalidating in-memory cache of /workspace/.gradle/8.6/checksums/md5-checksums.bin
Invalidating in-memory cache of /workspace/.gradle/8.6/checksums/sha256-checksums.bin
Invalidating in-memory cache of /workspace/.gradle/8.6/checksums/sha1-checksums.bin
Invalidating in-memory cache of /workspace/.gradle/8.6/checksums/sha512-checksums.bin
Invalidating in-memory cache of /workspace/.gradle/caches/journal-1/file-access.bin
Cached resource https://repo.maven.apache.org/maven2/org/apache/httpcomponents/httpclient/4.5.14/httpclient-4.5.14.pom is up-to-date (lastModified: Wed Nov 30 18:40:54 GMT 2022).
Resource missing. [HTTP GET: https://dl.google.com/dl/android/maven2/org/apache/httpcomponents/httpcomponents-client/4.5.14/httpcomponents-client-4.5.14.pom]
Downloading https://repo.maven.apache.org/maven2/org/apache/httpcomponents/httpcomponents-client/4.5.14/httpcomponents-client-4.5.14.pom to /workspace/.gradle/.tmp/gradle_download4398794929362977574bin
Invalidating in-memory cache of /workspace/.gradle/8.6/checksums/md5-checksums.bin
Invalidating in-memory cache of /workspace/.gradle/8.6/checksums/sha256-checksums.bin
Invalidating in-memory cache of /workspace/.gradle/8.6/checksums/sha1-checksums.bin
Invalidating in-memory cache of /workspace/.gradle/8.6/checksums/sha512-checksums.bin
Invalidating in-memory cache of /workspace/.gradle/caches/journal-1/file-access.bin
Downloading https://dl.google.com/dl/android/maven2/com/android/tools/analytics-library/protos/31.4.0/protos-31.4.0.pom to /workspace/.gradle/.tmp/gradle_download4086589605379870585bin
Downloading https://repo.maven.apache.org/maven2/net/java/dev/jna/jna-platform/5.6.0/jna-platform-5.6.0.pom to /workspace/.gradle/.tmp/gradle_download5764215379212505640bin
Invalidating in-memory cache of /workspace/.gradle/8.6/checksums/md5-checksums.bin
Invalidating in-memory cache of /workspace/.gradle/8.6/checksums/sha256-checksums.bin
Invalidating in-memory cache of /workspace/.gradle/8.6/checksums/sha1-checksums.bin
Invalidating in-memory cache of /workspace/.gradle/8.6/checksums/sha512-checksums.bin
Invalidating in-memory cache of /workspace/.gradle/caches/journal-1/file-access.bin
Invalidating in-memory cache of /workspace/.gradle/8.6/checksums/md5-checksums.bin
Invalidating in-memory cache of /workspace/.gradle/8.6/checksums/sha256-checksums.bin
Invalidating in-memory cache of /workspace/.gradle/8.6/checksums/sha1-checksums.bin
Invalidating in-memory cache of /workspace/.gradle/8.6/checksums/sha512-checksums.bin
Invalidating in-memory cache of /workspace/.gradle/caches/journal-1/file-access.bin
Resource missing. [HTTP GET: https://dl.google.com/dl/android/maven2/com/googlecode/juniversalchardet/juniversalchardet/1.0.3/juniversalchardet-1.0.3.pom]
Downloading https://repo.maven.apache.org/maven2/com/googlecode/juniversalchardet/juniversalchardet/1.0.3/juniversalchardet-1.0.3.pom to /workspace/.gradle/.tmp/gradle_download8062708770976746335bin
Invalidating in-memory cache of /workspace/.gradle/8.6/checksums/md5-checksums.bin
Invalidating in-memory cache of /workspace/.gradle/8.6/checksums/sha256-checksums.bin
Invalidating in-memory cache of /workspace/.gradle/8.6/checksums/sha1-checksums.bin
Invalidating in-memory cache of /workspace/.gradle/8.6/checksums/sha512-checksums.bin
Invalidating in-memory cache of /workspace/.gradle/caches/journal-1/file-access.bin
Downloading https://repo.maven.apache.org/maven2/javax/annotation/javax.annotation-api/1.3.2/javax.annotation-api-1.3.2.pom to /workspace/.gradle/.tmp/gradle_download17337763898443716008bin
Invalidating in-memory cache of /workspace/.gradle/8.6/checksums/md5-checksums.bin
Invalidating in-memory cache of /workspace/.gradle/8.6/checksums/sha256-checksums.bin
Invalidating in-memory cache of /workspace/.gradle/8.6/checksums/sha1-checksums.bin
Invalidating in-memory cache of /workspace/.gradle/8.6/checksums/sha512-checksums.bin
Invalidating in-memory cache of /workspace/.gradle/caches/journal-1/file-access.bin
Resource missing. [HTTP GET: https://dl.google.com/dl/android/maven2/net/java/jvnet-parent/3/jvnet-parent-3.pom]
Downloading https://repo.maven.apache.org/maven2/net/java/jvnet-parent/3/jvnet-parent-3.pom to /workspace/.gradle/.tmp/gradle_download12523094755860194503bin
Invalidating in-memory cache of /workspace/.gradle/8.6/checksums/md5-checksums.bin
Invalidating in-memory cache of /workspace/.gradle/8.6/checksums/sha256-checksums.bin
Invalidating in-memory cache of /workspace/.gradle/8.6/checksums/sha1-checksums.bin
Invalidating in-memory cache of /workspace/.gradle/8.6/checksums/sha512-checksums.bin
Invalidating in-memory cache of /workspace/.gradle/caches/journal-1/file-access.bin
Downloading https://repo.maven.apache.org/maven2/org/jetbrains/kotlin/kotlin-stdlib/1.9.20/kotlin-stdlib-1.9.20.pom to /workspace/.gradle/.tmp/gradle_download16642602072181438728bin
Downloading https://repo.maven.apache.org/maven2/org/jetbrains/kotlin/kotlin-stdlib-jdk7/1.9.20/kotlin-stdlib-jdk7-1.9.20.pom to /workspace/.gradle/.tmp/gradle_download17501505081387985601bin
Invalidating in-memory cache of /workspace/.gradle/8.6/checksums/md5-checksums.bin
Invalidating in-memory cache of /workspace/.gradle/8.6/checksums/sha256-checksums.bin
Invalidating in-memory cache of /workspace/.gradle/8.6/checksums/sha1-checksums.bin
Invalidating in-memory cache of /workspace/.gradle/8.6/checksums/sha512-checksums.bin
Invalidating in-memory cache of /workspace/.gradle/caches/journal-1/file-access.bin
Invalidating in-memory cache of /workspace/.gradle/8.6/checksums/md5-checksums.bin
Invalidating in-memory cache of /workspace/.gradle/8.6/checksums/sha256-checksums.bin
Invalidating in-memory cache of /workspace/.gradle/8.6/checksums/sha1-checksums.bin
Invalidating in-memory cache of /workspace/.gradle/8.6/checksums/sha512-checksums.bin
Invalidating in-memory cache of /workspace/.gradle/caches/journal-1/file-access.bin
Downloading https://repo.maven.apache.org/maven2/org/jetbrains/kotlin/kotlin-stdlib/1.9.20/kotlin-stdlib-1.9.20.module to /workspace/.gradle/.tmp/gradle_download17271668289441999054bin
Invalidating in-memory cache of /workspace/.gradle/8.6/checksums/md5-checksums.bin
Invalidating in-memory cache of /workspace/.gradle/8.6/checksums/sha256-checksums.bin
Invalidating in-memory cache of /workspace/.gradle/8.6/checksums/sha1-checksums.bin
Invalidating in-memory cache of /workspace/.gradle/8.6/checksums/sha512-checksums.bin
Invalidating in-memory cache of /workspace/.gradle/caches/journal-1/file-access.bin
Resource missing. [HTTP GET: https://dl.google.com/dl/android/maven2/org/ow2/asm/asm-tree/9.6/asm-tree-9.6.pom]
Downloading https://repo.maven.apache.org/maven2/org/ow2/asm/asm-tree/9.6/asm-tree-9.6.pom to /workspace/.gradle/.tmp/gradle_download9114831499711023407bin
Invalidating in-memory cache of /workspace/.gradle/8.6/checksums/md5-checksums.bin
Invalidating in-memory cache of /workspace/.gradle/8.6/checksums/sha256-checksums.bin
Invalidating in-memory cache of /workspace/.gradle/8.6/checksums/sha1-checksums.bin
Invalidating in-memory cache of /workspace/.gradle/8.6/checksums/sha512-checksums.bin
Invalidating in-memory cache of /workspace/.gradle/caches/journal-1/file-access.bin
Downloading https://repo.maven.apache.org/maven2/org/bouncycastle/bcutil-jdk18on/1.77/bcutil-jdk18on-1.77.pom to /workspace/.gradle/.tmp/gradle_download14482099969007411896bin
Invalidating in-memory cache of /workspace/.gradle/8.6/checksums/md5-checksums.bin
Invalidating in-memory cache of /workspace/.gradle/8.6/checksums/sha256-checksums.bin
Invalidating in-memory cache of /workspace/.gradle/8.6/checksums/sha1-checksums.bin
Invalidating in-memory cache of /workspace/.gradle/8.6/checksums/sha512-checksums.bin
Invalidating in-memory cache of /workspace/.gradle/caches/journal-1/file-access.bin
Resource missing. [HTTP GET: https://dl.google.com/dl/android/maven2/com/sun/istack/istack-commons-runtime/3.0.8/istack-commons-runtime-3.0.8.pom]
Resource missing. [HTTP GET: https://dl.google.com/dl/android/maven2/jakarta/xml/bind/jakarta.xml.bind-api/2.3.2/jakarta.xml.bind-api-2.3.2.pom]
Resource missing. [HTTP GET: https://dl.google.com/dl/android/maven2/jakarta/activation/jakarta.activation-api/1.2.1/jakarta.activation-api-1.2.1.pom]
Resource missing. [HTTP GET: https://dl.google.com/dl/android/maven2/org/jvnet/staxex/stax-ex/1.8.1/stax-ex-1.8.1.pom]
Resource missing. [HTTP GET: https://dl.google.com/dl/android/maven2/com/sun/xml/fastinfoset/FastInfoset/1.2.16/FastInfoset-1.2.16.pom]
Downloading https://repo.maven.apache.org/maven2/jakarta/activation/jakarta.activation-api/1.2.1/jakarta.activation-api-1.2.1.pom to /workspace/.gradle/.tmp/gradle_download3702159546909622815bin
Downloading https://repo.maven.apache.org/maven2/org/jvnet/staxex/stax-ex/1.8.1/stax-ex-1.8.1.pom to /workspace/.gradle/.tmp/gradle_download6134581235206187995bin
Downloading https://repo.maven.apache.org/maven2/com/sun/xml/fastinfoset/FastInfoset/1.2.16/FastInfoset-1.2.16.pom to /workspace/.gradle/.tmp/gradle_download9366706817287234058bin
Downloading https://repo.maven.apache.org/maven2/com/sun/istack/istack-commons-runtime/3.0.8/istack-commons-runtime-3.0.8.pom to /workspace/.gradle/.tmp/gradle_download11216154000104168036bin
Downloading https://repo.maven.apache.org/maven2/jakarta/xml/bind/jakarta.xml.bind-api/2.3.2/jakarta.xml.bind-api-2.3.2.pom to /workspace/.gradle/.tmp/gradle_download809954210057654755bin
Resource missing. [HTTP GET: https://dl.google.com/dl/android/maven2/org/glassfish/jaxb/txw2/2.3.2/txw2-2.3.2.pom]
Resource missing. [HTTP GET: https://dl.google.com/dl/android/maven2/jakarta/xml/bind/jakarta.xml.bind-api-parent/2.3.2/jakarta.xml.bind-api-parent-2.3.2.pom]
Resource missing. [HTTP GET: https://dl.google.com/dl/android/maven2/com/sun/xml/fastinfoset/fastinfoset-project/1.2.16/fastinfoset-project-1.2.16.pom]
Downloading https://repo.maven.apache.org/maven2/org/glassfish/jaxb/txw2/2.3.2/txw2-2.3.2.pom to /workspace/.gradle/.tmp/gradle_download8146180168501367074bin
Resource missing. [HTTP GET: https://dl.google.com/dl/android/maven2/com/sun/istack/istack-commons/3.0.8/istack-commons-3.0.8.pom]
Resource missing. [HTTP GET: https://dl.google.com/dl/android/maven2/com/sun/activation/all/1.2.1/all-1.2.1.pom]
Invalidating in-memory cache of /workspace/.gradle/8.6/checksums/md5-checksums.bin
Invalidating in-memory cache of /workspace/.gradle/8.6/checksums/sha256-checksums.bin
Invalidating in-memory cache of /workspace/.gradle/8.6/checksums/sha1-checksums.bin
Invalidating in-memory cache of /workspace/.gradle/8.6/checksums/sha512-checksums.bin
Invalidating in-memory cache of /workspace/.gradle/caches/journal-1/file-access.bin
Downloading https://repo.maven.apache.org/maven2/com/sun/activation/all/1.2.1/all-1.2.1.pom to /workspace/.gradle/.tmp/gradle_download17698767098348162487bin
Downloading https://repo.maven.apache.org/maven2/com/sun/istack/istack-commons/3.0.8/istack-commons-3.0.8.pom to /workspace/.gradle/.tmp/gradle_download17858142728879776686bin
Resource missing. [HTTP GET: https://dl.google.com/dl/android/maven2/com/sun/xml/bind/mvn/jaxb-txw-parent/2.3.2/jaxb-txw-parent-2.3.2.pom]
Downloading https://repo.maven.apache.org/maven2/jakarta/xml/bind/jakarta.xml.bind-api-parent/2.3.2/jakarta.xml.bind-api-parent-2.3.2.pom to /workspace/.gradle/.tmp/gradle_download12876406043662600177bin
Downloading https://repo.maven.apache.org/maven2/com/sun/xml/fastinfoset/fastinfoset-project/1.2.16/fastinfoset-project-1.2.16.pom to /workspace/.gradle/.tmp/gradle_download11058414374589214717bin
Invalidating in-memory cache of /workspace/.gradle/8.6/checksums/md5-checksums.bin
Invalidating in-memory cache of /workspace/.gradle/8.6/checksums/sha256-checksums.bin
Invalidating in-memory cache of /workspace/.gradle/8.6/checksums/sha1-checksums.bin
Invalidating in-memory cache of /workspace/.gradle/8.6/checksums/sha512-checksums.bin
Invalidating in-memory cache of /workspace/.gradle/caches/journal-1/file-access.bin
Invalidating in-memory cache of /workspace/.gradle/8.6/checksums/md5-checksums.bin
Invalidating in-memory cache of /workspace/.gradle/8.6/checksums/sha256-checksums.bin
Invalidating in-memory cache of /workspace/.gradle/8.6/checksums/sha1-checksums.bin
Invalidating in-memory cache of /workspace/.gradle/8.6/checksums/sha512-checksums.bin
Invalidating in-memory cache of /workspace/.gradle/caches/journal-1/file-access.bin
Invalidating in-memory cache of /workspace/.gradle/8.6/checksums/md5-checksums.bin
Invalidating in-memory cache of /workspace/.gradle/8.6/checksums/sha256-checksums.bin
Invalidating in-memory cache of /workspace/.gradle/8.6/checksums/sha1-checksums.bin
Invalidating in-memory cache of /workspace/.gradle/8.6/checksums/sha512-checksums.bin
Invalidating in-memory cache of /workspace/.gradle/caches/journal-1/file-access.bin
Invalidating in-memory cache of /workspace/.gradle/8.6/checksums/md5-checksums.bin
Invalidating in-memory cache of /workspace/.gradle/8.6/checksums/sha256-checksums.bin
Invalidating in-memory cache of /workspace/.gradle/8.6/checksums/sha1-checksums.bin
Invalidating in-memory cache of /workspace/.gradle/8.6/checksums/sha512-checksums.bin
Invalidating in-memory cache of /workspace/.gradle/caches/journal-1/file-access.bin
Downloading https://repo.maven.apache.org/maven2/com/sun/xml/bind/mvn/jaxb-txw-parent/2.3.2/jaxb-txw-parent-2.3.2.pom to /workspace/.gradle/.tmp/gradle_download12223891053877465813bin
Cached resource https://repo.maven.apache.org/maven2/jakarta/xml/bind/jakarta.xml.bind-api-parent/2.3.2/jakarta.xml.bind-api-parent-2.3.2.pom is up-to-date (lastModified: Thu Dec 27 15:31:07 GMT 2018).
Resource missing. [HTTP GET: https://dl.google.com/dl/android/maven2/org/eclipse/ee4j/project/1.0.2/project-1.0.2.pom]
Cached resource https://repo.maven.apache.org/maven2/com/sun/istack/istack-commons/3.0.8/istack-commons-3.0.8.pom is up-to-date (lastModified: Thu Dec 27 14:49:39 GMT 2018).
Invalidating in-memory cache of /workspace/.gradle/8.6/checksums/md5-checksums.bin
Invalidating in-memory cache of /workspace/.gradle/8.6/checksums/sha256-checksums.bin
Invalidating in-memory cache of /workspace/.gradle/8.6/checksums/sha1-checksums.bin
Invalidating in-memory cache of /workspace/.gradle/8.6/checksums/sha512-checksums.bin
Invalidating in-memory cache of /workspace/.gradle/caches/journal-1/file-access.bin
Downloading https://repo.maven.apache.org/maven2/org/eclipse/ee4j/project/1.0.2/project-1.0.2.pom to /workspace/.gradle/.tmp/gradle_download14082281594255173073bin
Cached resource https://repo.maven.apache.org/maven2/com/sun/xml/bind/mvn/jaxb-txw-parent/2.3.2/jaxb-txw-parent-2.3.2.pom is up-to-date (lastModified: Wed Jan 02 15:34:04 GMT 2019).
Invalidating in-memory cache of /workspace/.gradle/8.6/checksums/md5-checksums.bin
Invalidating in-memory cache of /workspace/.gradle/8.6/checksums/sha256-checksums.bin
Invalidating in-memory cache of /workspace/.gradle/8.6/checksums/sha1-checksums.bin
Invalidating in-memory cache of /workspace/.gradle/8.6/checksums/sha512-checksums.bin
Invalidating in-memory cache of /workspace/.gradle/caches/journal-1/file-access.bin
Cached resource https://repo.maven.apache.org/maven2/com/sun/activation/all/1.2.1/all-1.2.1.pom is up-to-date (lastModified: Tue Nov 20 22:14:39 GMT 2018).
Resource missing. [HTTP GET: https://dl.google.com/dl/android/maven2/com/google/errorprone/error_prone_annotations/2.3.1/error_prone_annotations-2.3.1.pom]
Resource missing. [HTTP GET: https://dl.google.com/dl/android/maven2/com/google/auto/value/auto-value-annotations/1.6.2/auto-value-annotations-1.6.2.pom]
Resource missing. [HTTP GET: https://dl.google.com/dl/android/maven2/org/bitbucket/b_c/jose4j/0.7.0/jose4j-0.7.0.pom]
Resource missing. [HTTP GET: https://dl.google.com/dl/android/maven2/com/google/dagger/dagger/2.28.3/dagger-2.28.3.pom]
Resource missing. [HTTP GET: https://dl.google.com/dl/android/maven2/org/slf4j/slf4j-api/1.7.30/slf4j-api-1.7.30.pom]
Downloading https://repo.maven.apache.org/maven2/com/google/dagger/dagger/2.28.3/dagger-2.28.3.pom to /workspace/.gradle/.tmp/gradle_download17765589053748787819bin
Downloading https://repo.maven.apache.org/maven2/org/bitbucket/b_c/jose4j/0.7.0/jose4j-0.7.0.pom to /workspace/.gradle/.tmp/gradle_download17558929420682822563bin
Downloading https://repo.maven.apache.org/maven2/com/google/auto/value/auto-value-annotations/1.6.2/auto-value-annotations-1.6.2.pom to /workspace/.gradle/.tmp/gradle_download13750338974264423245bin
Downloading https://repo.maven.apache.org/maven2/org/slf4j/slf4j-api/1.7.30/slf4j-api-1.7.30.pom to /workspace/.gradle/.tmp/gradle_download5569249162513765406bin
Downloading https://repo.maven.apache.org/maven2/com/google/errorprone/error_prone_annotations/2.3.1/error_prone_annotations-2.3.1.pom to /workspace/.gradle/.tmp/gradle_download13961060748653335307bin
Invalidating in-memory cache of /workspace/.gradle/8.6/checksums/md5-checksums.bin
Invalidating in-memory cache of /workspace/.gradle/8.6/checksums/sha256-checksums.bin
Invalidating in-memory cache of /workspace/.gradle/8.6/checksums/sha1-checksums.bin
Invalidating in-memory cache of /workspace/.gradle/8.6/checksums/sha512-checksums.bin
Invalidating in-memory cache of /workspace/.gradle/caches/journal-1/file-access.bin
Invalidating in-memory cache of /workspace/.gradle/8.6/checksums/md5-checksums.bin
Invalidating in-memory cache of /workspace/.gradle/8.6/checksums/sha256-checksums.bin
Invalidating in-memory cache of /workspace/.gradle/8.6/checksums/sha1-checksums.bin
Invalidating in-memory cache of /workspace/.gradle/8.6/checksums/sha512-checksums.bin
Invalidating in-memory cache of /workspace/.gradle/caches/journal-1/file-access.bin
Invalidating in-memory cache of /workspace/.gradle/8.6/checksums/md5-checksums.bin
Invalidating in-memory cache of /workspace/.gradle/8.6/checksums/sha256-checksums.bin
Invalidating in-memory cache of /workspace/.gradle/8.6/checksums/sha1-checksums.bin
Invalidating in-memory cache of /workspace/.gradle/8.6/checksums/sha512-checksums.bin
Invalidating in-memory cache of /workspace/.gradle/caches/journal-1/file-access.bin
Invalidating in-memory cache of /workspace/.gradle/8.6/checksums/md5-checksums.bin
Invalidating in-memory cache of /workspace/.gradle/8.6/checksums/sha256-checksums.bin
Invalidating in-memory cache of /workspace/.gradle/8.6/checksums/sha1-checksums.bin
Invalidating in-memory cache of /workspace/.gradle/8.6/checksums/sha512-checksums.bin
Invalidating in-memory cache of /workspace/.gradle/caches/journal-1/file-access.bin
Invalidating in-memory cache of /workspace/.gradle/8.6/checksums/md5-checksums.bin
Invalidating in-memory cache of /workspace/.gradle/8.6/checksums/sha256-checksums.bin
Invalidating in-memory cache of /workspace/.gradle/8.6/checksums/sha1-checksums.bin
Invalidating in-memory cache of /workspace/.gradle/8.6/checksums/sha512-checksums.bin
Invalidating in-memory cache of /workspace/.gradle/caches/journal-1/file-access.bin
Resource missing. [HTTP GET: https://dl.google.com/dl/android/maven2/org/slf4j/slf4j-parent/1.7.30/slf4j-parent-1.7.30.pom]
Resource missing. [HTTP GET: https://dl.google.com/dl/android/maven2/com/google/auto/value/auto-value-parent/1.6.2/auto-value-parent-1.6.2.pom]
Resource missing. [HTTP GET: https://dl.google.com/dl/android/maven2/com/google/errorprone/error_prone_parent/2.3.1/error_prone_parent-2.3.1.pom]
Downloading https://repo.maven.apache.org/maven2/com/google/auto/value/auto-value-parent/1.6.2/auto-value-parent-1.6.2.pom to /workspace/.gradle/.tmp/gradle_download17898966747717690484bin
Invalidating in-memory cache of /workspace/.gradle/8.6/checksums/md5-checksums.bin
Invalidating in-memory cache of /workspace/.gradle/8.6/checksums/sha256-checksums.bin
Invalidating in-memory cache of /workspace/.gradle/8.6/checksums/sha1-checksums.bin
Invalidating in-memory cache of /workspace/.gradle/8.6/checksums/sha512-checksums.bin
Invalidating in-memory cache of /workspace/.gradle/caches/journal-1/file-access.bin
Downloading https://repo.maven.apache.org/maven2/org/slf4j/slf4j-parent/1.7.30/slf4j-parent-1.7.30.pom to /workspace/.gradle/.tmp/gradle_download631823561412458714bin
Downloading https://repo.maven.apache.org/maven2/com/google/errorprone/error_prone_parent/2.3.1/error_prone_parent-2.3.1.pom to /workspace/.gradle/.tmp/gradle_download2288786789248260534bin
Resource missing. [HTTP GET: https://dl.google.com/dl/android/maven2/com/google/auto/auto-parent/6/auto-parent-6.pom]
Invalidating in-memory cache of /workspace/.gradle/8.6/checksums/md5-checksums.bin
Invalidating in-memory cache of /workspace/.gradle/8.6/checksums/sha256-checksums.bin
Invalidating in-memory cache of /workspace/.gradle/8.6/checksums/sha1-checksums.bin
Invalidating in-memory cache of /workspace/.gradle/8.6/checksums/sha512-checksums.bin
Invalidating in-memory cache of /workspace/.gradle/caches/journal-1/file-access.bin
Cached resource https://repo.maven.apache.org/maven2/com/google/errorprone/error_prone_parent/2.3.1/error_prone_parent-2.3.1.pom is up-to-date (lastModified: Fri Apr 20 21:17:16 GMT 2018).
Downloading https://repo.maven.apache.org/maven2/com/google/auto/auto-parent/6/auto-parent-6.pom to /workspace/.gradle/.tmp/gradle_download3108757632967997911bin
Invalidating in-memory cache of /workspace/.gradle/8.6/checksums/md5-checksums.bin
Invalidating in-memory cache of /workspace/.gradle/8.6/checksums/sha256-checksums.bin
Invalidating in-memory cache of /workspace/.gradle/8.6/checksums/sha1-checksums.bin
Invalidating in-memory cache of /workspace/.gradle/8.6/checksums/sha512-checksums.bin
Invalidating in-memory cache of /workspace/.gradle/caches/journal-1/file-access.bin
Downloading https://repo.maven.apache.org/maven2/org/jdom/jdom2/2.0.6/jdom2-2.0.6.pom to /workspace/.gradle/.tmp/gradle_download4151595472582662612bin
Invalidating in-memory cache of /workspace/.gradle/8.6/checksums/md5-checksums.bin
Invalidating in-memory cache of /workspace/.gradle/8.6/checksums/sha256-checksums.bin
Invalidating in-memory cache of /workspace/.gradle/8.6/checksums/sha1-checksums.bin
Invalidating in-memory cache of /workspace/.gradle/8.6/checksums/sha512-checksums.bin
Invalidating in-memory cache of /workspace/.gradle/caches/journal-1/file-access.bin
Resource missing. [HTTP GET: https://dl.google.com/dl/android/maven2/com/google/errorprone/error_prone_annotations/2.11.0/error_prone_annotations-2.11.0.pom]
Downloading https://repo.maven.apache.org/maven2/com/google/errorprone/error_prone_annotations/2.11.0/error_prone_annotations-2.11.0.pom to /workspace/.gradle/.tmp/gradle_download4582870132433797478bin
Invalidating in-memory cache of /workspace/.gradle/8.6/checksums/md5-checksums.bin
Invalidating in-memory cache of /workspace/.gradle/8.6/checksums/sha256-checksums.bin
Invalidating in-memory cache of /workspace/.gradle/8.6/checksums/sha1-checksums.bin
Invalidating in-memory cache of /workspace/.gradle/8.6/checksums/sha512-checksums.bin
Invalidating in-memory cache of /workspace/.gradle/caches/journal-1/file-access.bin
Downloading https://repo.maven.apache.org/maven2/com/google/errorprone/error_prone_parent/2.11.0/error_prone_parent-2.11.0.pom to /workspace/.gradle/.tmp/gradle_download16886678986547940861bin
Invalidating in-memory cache of /workspace/.gradle/8.6/checksums/md5-checksums.bin
Invalidating in-memory cache of /workspace/.gradle/8.6/checksums/sha256-checksums.bin
Invalidating in-memory cache of /workspace/.gradle/8.6/checksums/sha1-checksums.bin
Invalidating in-memory cache of /workspace/.gradle/8.6/checksums/sha512-checksums.bin
Invalidating in-memory cache of /workspace/.gradle/caches/journal-1/file-access.bin
Resource missing. [HTTP GET: https://dl.google.com/dl/android/maven2/com/google/code/findbugs/jsr305/3.0.2/jsr305-3.0.2.pom]
Resource missing. [HTTP GET: https://dl.google.com/dl/android/maven2/com/google/j2objc/j2objc-annotations/1.3/j2objc-annotations-1.3.pom]
Downloading https://repo.maven.apache.org/maven2/com/google/code/findbugs/jsr305/3.0.2/jsr305-3.0.2.pom to /workspace/.gradle/.tmp/gradle_download5433580626958726023bin
Downloading https://repo.maven.apache.org/maven2/com/google/j2objc/j2objc-annotations/1.3/j2objc-annotations-1.3.pom to /workspace/.gradle/.tmp/gradle_download12405024865244890438bin
Invalidating in-memory cache of /workspace/.gradle/8.6/checksums/md5-checksums.bin
Invalidating in-memory cache of /workspace/.gradle/8.6/checksums/sha256-checksums.bin
Invalidating in-memory cache of /workspace/.gradle/8.6/checksums/sha1-checksums.bin
Invalidating in-memory cache of /workspace/.gradle/8.6/checksums/sha512-checksums.bin
Invalidating in-memory cache of /workspace/.gradle/8.6/checksums/md5-checksums.bin
Invalidating in-memory cache of /workspace/.gradle/8.6/checksums/sha256-checksums.bin
Invalidating in-memory cache of /workspace/.gradle/8.6/checksums/sha1-checksums.bin
Invalidating in-memory cache of /workspace/.gradle/8.6/checksums/sha512-checksums.bin
Invalidating in-memory cache of /workspace/.gradle/caches/journal-1/file-access.bin
Resource missing. [HTTP GET: https://dl.google.com/dl/android/maven2/com/google/errorprone/error_prone_annotations/2.18.0/error_prone_annotations-2.18.0.pom]
Downloading https://repo.maven.apache.org/maven2/com/google/errorprone/error_prone_annotations/2.18.0/error_prone_annotations-2.18.0.pom to /workspace/.gradle/.tmp/gradle_download18319226721337070900bin
Invalidating in-memory cache of /workspace/.gradle/8.6/checksums/md5-checksums.bin
Invalidating in-memory cache of /workspace/.gradle/8.6/checksums/sha256-checksums.bin
Invalidating in-memory cache of /workspace/.gradle/8.6/checksums/sha1-checksums.bin
Invalidating in-memory cache of /workspace/.gradle/8.6/checksums/sha512-checksums.bin
Invalidating in-memory cache of /workspace/.gradle/caches/journal-1/file-access.bin
Resource missing. [HTTP GET: https://dl.google.com/dl/android/maven2/com/google/errorprone/error_prone_parent/2.18.0/error_prone_parent-2.18.0.pom]
Downloading https://repo.maven.apache.org/maven2/com/google/errorprone/error_prone_parent/2.18.0/error_prone_parent-2.18.0.pom to /workspace/.gradle/.tmp/gradle_download2085094428113792529bin
Invalidating in-memory cache of /workspace/.gradle/8.6/checksums/md5-checksums.bin
Invalidating in-memory cache of /workspace/.gradle/8.6/checksums/sha256-checksums.bin
Invalidating in-memory cache of /workspace/.gradle/8.6/checksums/sha1-checksums.bin
Invalidating in-memory cache of /workspace/.gradle/8.6/checksums/sha512-checksums.bin
Invalidating in-memory cache of /workspace/.gradle/caches/journal-1/file-access.bin
Downloading https://repo.maven.apache.org/maven2/org/codehaus/mojo/animal-sniffer-annotations/1.23/animal-sniffer-annotations-1.23.pom to /workspace/.gradle/.tmp/gradle_download8552696851387688644bin
Downloading https://repo.maven.apache.org/maven2/io/perfmark/perfmark-api/0.26.0/perfmark-api-0.26.0.pom to /workspace/.gradle/.tmp/gradle_download2819970551186903737bin
Resource missing. [HTTP GET: https://dl.google.com/dl/android/maven2/io/grpc/grpc-context/1.57.0/grpc-context-1.57.0.pom]
Downloading https://repo.maven.apache.org/maven2/com/google/android/annotations/4.1.1.4/annotations-4.1.1.4.pom to /workspace/.gradle/.tmp/gradle_download16980773487168156057bin
Downloading https://repo.maven.apache.org/maven2/io/grpc/grpc-api/1.57.0/grpc-api-1.57.0.pom to /workspace/.gradle/.tmp/gradle_download11380461115364626065bin
Invalidating in-memory cache of /workspace/.gradle/8.6/checksums/md5-checksums.bin
Invalidating in-memory cache of /workspace/.gradle/8.6/checksums/sha256-checksums.bin
Invalidating in-memory cache of /workspace/.gradle/8.6/checksums/sha1-checksums.bin
Invalidating in-memory cache of /workspace/.gradle/8.6/checksums/sha512-checksums.bin
Invalidating in-memory cache of /workspace/.gradle/caches/journal-1/file-access.bin
Resource missing. [HTTP GET: https://dl.google.com/dl/android/maven2/org/codehaus/mojo/animal-sniffer-parent/1.23/animal-sniffer-parent-1.23.pom]
Invalidating in-memory cache of /workspace/.gradle/8.6/checksums/md5-checksums.bin
Invalidating in-memory cache of /workspace/.gradle/8.6/checksums/sha256-checksums.bin
Invalidating in-memory cache of /workspace/.gradle/8.6/checksums/sha1-checksums.bin
Invalidating in-memory cache of /workspace/.gradle/8.6/checksums/sha512-checksums.bin
Invalidating in-memory cache of /workspace/.gradle/caches/journal-1/file-access.bin
Invalidating in-memory cache of /workspace/.gradle/8.6/checksums/md5-checksums.bin
Invalidating in-memory cache of /workspace/.gradle/8.6/checksums/sha256-checksums.bin
Invalidating in-memory cache of /workspace/.gradle/8.6/checksums/sha1-checksums.bin
Invalidating in-memory cache of /workspace/.gradle/8.6/checksums/sha512-checksums.bin
Invalidating in-memory cache of /workspace/.gradle/caches/journal-1/file-access.bin
Invalidating in-memory cache of /workspace/.gradle/8.6/checksums/md5-checksums.bin
Invalidating in-memory cache of /workspace/.gradle/8.6/checksums/sha256-checksums.bin
Invalidating in-memory cache of /workspace/.gradle/8.6/checksums/sha1-checksums.bin
Invalidating in-memory cache of /workspace/.gradle/8.6/checksums/sha512-checksums.bin
Invalidating in-memory cache of /workspace/.gradle/caches/journal-1/file-access.bin
Downloading https://repo.maven.apache.org/maven2/org/codehaus/mojo/animal-sniffer-parent/1.23/animal-sniffer-parent-1.23.pom to /workspace/.gradle/.tmp/gradle_download4334602660080642701bin
Cached resource https://repo.maven.apache.org/maven2/io/perfmark/perfmark-api/0.26.0/perfmark-api-0.26.0.module is up-to-date (lastModified: Wed Nov 09 08:04:04 GMT 2022).
Invalidating in-memory cache of /workspace/.gradle/8.6/checksums/md5-checksums.bin
Invalidating in-memory cache of /workspace/.gradle/8.6/checksums/sha256-checksums.bin
Invalidating in-memory cache of /workspace/.gradle/8.6/checksums/sha1-checksums.bin
Invalidating in-memory cache of /workspace/.gradle/8.6/checksums/sha512-checksums.bin
Invalidating in-memory cache of /workspace/.gradle/caches/journal-1/file-access.bin
Resource missing. [HTTP GET: https://dl.google.com/dl/android/maven2/org/codehaus/mojo/mojo-parent/74/mojo-parent-74.pom]
Cached resource https://repo.maven.apache.org/maven2/org/codehaus/mojo/mojo-parent/74/mojo-parent-74.pom is up-to-date (lastModified: Sat Mar 18 13:19:09 GMT 2023).
Downloading https://repo.maven.apache.org/maven2/org/junit/junit-bom/5.9.2/junit-bom-5.9.2.pom to /workspace/.gradle/.tmp/gradle_download6240372842299927689bin
Invalidating in-memory cache of /workspace/.gradle/8.6/checksums/md5-checksums.bin
Invalidating in-memory cache of /workspace/.gradle/8.6/checksums/sha256-checksums.bin
Invalidating in-memory cache of /workspace/.gradle/8.6/checksums/sha1-checksums.bin
Invalidating in-memory cache of /workspace/.gradle/8.6/checksums/sha512-checksums.bin
Invalidating in-memory cache of /workspace/.gradle/caches/journal-1/file-access.bin
Cached resource https://repo.maven.apache.org/maven2/org/junit/junit-bom/5.9.2/junit-bom-5.9.2.module is up-to-date (lastModified: Tue Jan 10 11:01:37 GMT 2023).
Invalidating in-memory cache of /workspace/.gradle/8.6/checksums/md5-checksums.bin
Invalidating in-memory cache of /workspace/.gradle/8.6/checksums/sha256-checksums.bin
Invalidating in-memory cache of /workspace/.gradle/8.6/checksums/sha1-checksums.bin
Invalidating in-memory cache of /workspace/.gradle/8.6/checksums/sha512-checksums.bin
Invalidating in-memory cache of /workspace/.gradle/caches/journal-1/file-access.bin
Downloading https://repo.maven.apache.org/maven2/io/netty/netty-transport-native-unix-common/4.1.93.Final/netty-transport-native-unix-common-4.1.93.Final.pom to /workspace/.gradle/.tmp/gradle_download15841502342480573613bin
Downloading https://repo.maven.apache.org/maven2/io/netty/netty-handler-proxy/4.1.93.Final/netty-handler-proxy-4.1.93.Final.pom to /workspace/.gradle/.tmp/gradle_download7157758546934495933bin
Invalidating in-memory cache of /workspace/.gradle/8.6/checksums/md5-checksums.bin
Invalidating in-memory cache of /workspace/.gradle/8.6/checksums/sha256-checksums.bin
Invalidating in-memory cache of /workspace/.gradle/8.6/checksums/sha1-checksums.bin
Invalidating in-memory cache of /workspace/.gradle/8.6/checksums/sha512-checksums.bin
Invalidating in-memory cache of /workspace/.gradle/caches/journal-1/file-access.bin
Downloading https://repo.maven.apache.org/maven2/io/netty/netty-codec-http2/4.1.93.Final/netty-codec-http2-4.1.93.Final.pom to /workspace/.gradle/.tmp/gradle_download7482920329351371609bin
Invalidating in-memory cache of /workspace/.gradle/8.6/checksums/md5-checksums.bin
Invalidating in-memory cache of /workspace/.gradle/8.6/checksums/sha256-checksums.bin
Invalidating in-memory cache of /workspace/.gradle/8.6/checksums/sha1-checksums.bin
Invalidating in-memory cache of /workspace/.gradle/8.6/checksums/sha512-checksums.bin
Invalidating in-memory cache of /workspace/.gradle/caches/journal-1/file-access.bin
Invalidating in-memory cache of /workspace/.gradle/8.6/checksums/md5-checksums.bin
Invalidating in-memory cache of /workspace/.gradle/8.6/checksums/sha256-checksums.bin
Invalidating in-memory cache of /workspace/.gradle/8.6/checksums/sha1-checksums.bin
Invalidating in-memory cache of /workspace/.gradle/8.6/checksums/sha512-checksums.bin
Invalidating in-memory cache of /workspace/.gradle/caches/journal-1/file-access.bin
Resource missing. [HTTP GET: https://dl.google.com/dl/android/maven2/io/netty/netty-parent/4.1.93.Final/netty-parent-4.1.93.Final.pom]
Downloading https://repo.maven.apache.org/maven2/io/netty/netty-parent/4.1.93.Final/netty-parent-4.1.93.Final.pom to /workspace/.gradle/.tmp/gradle_download16805031346956450777bin
Invalidating in-memory cache of /workspace/.gradle/8.6/checksums/md5-checksums.bin
Invalidating in-memory cache of /workspace/.gradle/8.6/checksums/sha256-checksums.bin
Invalidating in-memory cache of /workspace/.gradle/8.6/checksums/sha1-checksums.bin
Invalidating in-memory cache of /workspace/.gradle/8.6/checksums/sha512-checksums.bin
Invalidating in-memory cache of /workspace/.gradle/caches/journal-1/file-access.bin
Downloading https://repo.maven.apache.org/maven2/org/sonatype/oss/oss-parent/9/oss-parent-9.pom to /workspace/.gradle/.tmp/gradle_download9428973740200004360bin
Invalidating in-memory cache of /workspace/.gradle/8.6/checksums/md5-checksums.bin
Invalidating in-memory cache of /workspace/.gradle/8.6/checksums/sha256-checksums.bin
Invalidating in-memory cache of /workspace/.gradle/8.6/checksums/sha1-checksums.bin
Invalidating in-memory cache of /workspace/.gradle/8.6/checksums/sha512-checksums.bin
Invalidating in-memory cache of /workspace/.gradle/caches/journal-1/file-access.bin
Resource missing. [HTTP GET: https://dl.google.com/dl/android/maven2/com/google/api/grpc/proto-google-common-protos/2.17.0/proto-google-common-protos-2.17.0.pom]
Resource missing. [HTTP GET: https://dl.google.com/dl/android/maven2/io/grpc/grpc-protobuf-lite/1.57.0/grpc-protobuf-lite-1.57.0.pom]
Downloading https://repo.maven.apache.org/maven2/io/grpc/grpc-protobuf-lite/1.57.0/grpc-protobuf-lite-1.57.0.pom to /workspace/.gradle/.tmp/gradle_download3037271199966938139bin
Invalidating in-memory cache of /workspace/.gradle/8.6/checksums/md5-checksums.bin
Invalidating in-memory cache of /workspace/.gradle/8.6/checksums/sha256-checksums.bin
Invalidating in-memory cache of /workspace/.gradle/8.6/checksums/sha1-checksums.bin
Invalidating in-memory cache of /workspace/.gradle/8.6/checksums/sha512-checksums.bin
Downloading https://repo.maven.apache.org/maven2/com/google/api/grpc/proto-google-common-protos/2.17.0/proto-google-common-protos-2.17.0.pom to /workspace/.gradle/.tmp/gradle_download9075222561919852859bin
Invalidating in-memory cache of /workspace/.gradle/8.6/checksums/md5-checksums.bin
Invalidating in-memory cache of /workspace/.gradle/8.6/checksums/sha256-checksums.bin
Invalidating in-memory cache of /workspace/.gradle/8.6/checksums/sha1-checksums.bin
Invalidating in-memory cache of /workspace/.gradle/8.6/checksums/sha512-checksums.bin
Invalidating in-memory cache of /workspace/.gradle/caches/journal-1/file-access.bin
Resource missing. [HTTP GET: https://dl.google.com/dl/android/maven2/org/checkerframework/checker-qual/2.5.8/checker-qual-2.5.8.pom]
Downloading https://repo.maven.apache.org/maven2/org/checkerframework/checker-qual/2.5.8/checker-qual-2.5.8.pom to /workspace/.gradle/.tmp/gradle_download3345187895491168855bin
Invalidating in-memory cache of /workspace/.gradle/8.6/checksums/md5-checksums.bin
Invalidating in-memory cache of /workspace/.gradle/8.6/checksums/sha256-checksums.bin
Invalidating in-memory cache of /workspace/.gradle/8.6/checksums/sha1-checksums.bin
Invalidating in-memory cache of /workspace/.gradle/8.6/checksums/sha512-checksums.bin
Invalidating in-memory cache of /workspace/.gradle/caches/journal-1/file-access.bin
Downloading https://dl.google.com/dl/android/maven2/com/android/tools/build/apkzlib/8.4.0/apkzlib-8.4.0.pom to /workspace/.gradle/.tmp/gradle_download8958631051545796774bin
Cached resource https://dl.google.com/dl/android/maven2/com/android/tools/build/manifest-merger/31.4.0/manifest-merger-31.4.0.pom is up-to-date (lastModified: Tue Apr 30 17:07:23 GMT 2024).
Downloading https://repo.maven.apache.org/maven2/com/squareup/javawriter/2.5.0/javawriter-2.5.0.pom to /workspace/.gradle/.tmp/gradle_download17649570856992085893bin
Invalidating in-memory cache of /workspace/.gradle/8.6/checksums/md5-checksums.bin
Invalidating in-memory cache of /workspace/.gradle/8.6/checksums/sha256-checksums.bin
Invalidating in-memory cache of /workspace/.gradle/8.6/checksums/sha1-checksums.bin
Invalidating in-memory cache of /workspace/.gradle/8.6/checksums/sha512-checksums.bin
Invalidating in-memory cache of /workspace/.gradle/caches/journal-1/file-access.bin
Downloading https://dl.google.com/dl/android/maven2/com/android/zipflinger/8.4.0/zipflinger-8.4.0.pom to /workspace/.gradle/.tmp/gradle_download1978277800745775763bin
Downloading https://dl.google.com/dl/android/maven2/com/android/tools/analytics-library/tracker/31.4.0/tracker-31.4.0.pom to /workspace/.gradle/.tmp/gradle_download13838057609485895373bin
Downloading https://repo.maven.apache.org/maven2/commons-codec/commons-codec/1.10/commons-codec-1.10.pom to /workspace/.gradle/.tmp/gradle_download6280570064071758850bin
Downloading https://dl.google.com/dl/android/maven2/com/android/signflinger/8.4.0/signflinger-8.4.0.pom to /workspace/.gradle/.tmp/gradle_download15588168460872460492bin
Downloading https://dl.google.com/dl/android/maven2/com/android/tools/build/apksig/8.4.0/apksig-8.4.0.pom to /workspace/.gradle/.tmp/gradle_download15422933981701443773bin
Downloading https://dl.google.com/dl/android/maven2/com/android/tools/build/manifest-merger/31.4.0/manifest-merger-31.4.0.module to /workspace/.gradle/.tmp/gradle_download1505622895700039859bin
Invalidating in-memory cache of /workspace/.gradle/8.6/checksums/md5-checksums.bin
Invalidating in-memory cache of /workspace/.gradle/8.6/checksums/sha256-checksums.bin
Invalidating in-memory cache of /workspace/.gradle/8.6/checksums/sha1-checksums.bin
Invalidating in-memory cache of /workspace/.gradle/8.6/checksums/sha512-checksums.bin
Invalidating in-memory cache of /workspace/.gradle/caches/journal-1/file-access.bin
Invalidating in-memory cache of /workspace/.gradle/8.6/checksums/md5-checksums.bin
Invalidating in-memory cache of /workspace/.gradle/8.6/checksums/sha256-checksums.bin
Invalidating in-memory cache of /workspace/.gradle/8.6/checksums/sha1-checksums.bin
Invalidating in-memory cache of /workspace/.gradle/8.6/checksums/sha512-checksums.bin
Invalidating in-memory cache of /workspace/.gradle/caches/journal-1/file-access.bin
Resource missing. [HTTP GET: https://dl.google.com/dl/android/maven2/org/apache/commons/commons-parent/35/commons-parent-35.pom]
Downloading https://repo.maven.apache.org/maven2/org/apache/commons/commons-parent/35/commons-parent-35.pom to /workspace/.gradle/.tmp/gradle_download3860726005776892311bin
Invalidating in-memory cache of /workspace/.gradle/8.6/checksums/md5-checksums.bin
Invalidating in-memory cache of /workspace/.gradle/8.6/checksums/sha256-checksums.bin
Invalidating in-memory cache of /workspace/.gradle/8.6/checksums/sha1-checksums.bin
Invalidating in-memory cache of /workspace/.gradle/8.6/checksums/sha512-checksums.bin
Invalidating in-memory cache of /workspace/.gradle/caches/journal-1/file-access.bin
Downloading https://repo.maven.apache.org/maven2/org/apache/apache/15/apache-15.pom to /workspace/.gradle/.tmp/gradle_download13479941476378860229bin
Invalidating in-memory cache of /workspace/.gradle/8.6/checksums/md5-checksums.bin
Invalidating in-memory cache of /workspace/.gradle/8.6/checksums/sha256-checksums.bin
Invalidating in-memory cache of /workspace/.gradle/8.6/checksums/sha1-checksums.bin
Invalidating in-memory cache of /workspace/.gradle/8.6/checksums/sha512-checksums.bin
Invalidating in-memory cache of /workspace/.gradle/caches/journal-1/file-access.bin
Resource missing. [HTTP GET: https://dl.google.com/dl/android/maven2/org/jetbrains/kotlin/kotlin-project-model/1.9.23/kotlin-project-model-1.9.23.pom]
Downloading https://repo.maven.apache.org/maven2/org/jetbrains/kotlin/kotlin-project-model/1.9.23/kotlin-project-model-1.9.23.pom to /workspace/.gradle/.tmp/gradle_download5064750958234769555bin
Invalidating in-memory cache of /workspace/.gradle/8.6/checksums/md5-checksums.bin
Invalidating in-memory cache of /workspace/.gradle/8.6/checksums/sha256-checksums.bin
Invalidating in-memory cache of /workspace/.gradle/8.6/checksums/sha1-checksums.bin
Invalidating in-memory cache of /workspace/.gradle/8.6/checksums/sha512-checksums.bin
Invalidating in-memory cache of /workspace/.gradle/caches/journal-1/file-access.bin
Downloading https://repo.maven.apache.org/maven2/org/jetbrains/kotlin/kotlin-native-utils/1.9.23/kotlin-native-utils-1.9.23.pom to /workspace/.gradle/.tmp/gradle_download11092018406248345934bin
Downloading https://repo.maven.apache.org/maven2/org/jetbrains/kotlin/kotlin-tooling-core/1.9.23/kotlin-tooling-core-1.9.23.pom to /workspace/.gradle/.tmp/gradle_download12425609867023194376bin
Downloading https://repo.maven.apache.org/maven2/org/jetbrains/kotlin/kotlin-gradle-plugin-annotations/1.9.23/kotlin-gradle-plugin-annotations-1.9.23.pom to /workspace/.gradle/.tmp/gradle_download5408394261132126792bin
Invalidating in-memory cache of /workspace/.gradle/8.6/checksums/md5-checksums.bin
Invalidating in-memory cache of /workspace/.gradle/8.6/checksums/sha256-checksums.bin
Invalidating in-memory cache of /workspace/.gradle/8.6/checksums/sha1-checksums.bin
Invalidating in-memory cache of /workspace/.gradle/8.6/checksums/sha512-checksums.bin
Invalidating in-memory cache of /workspace/.gradle/caches/journal-1/file-access.bin
Invalidating in-memory cache of /workspace/.gradle/8.6/checksums/md5-checksums.bin
Invalidating in-memory cache of /workspace/.gradle/8.6/checksums/sha256-checksums.bin
Invalidating in-memory cache of /workspace/.gradle/8.6/checksums/sha1-checksums.bin
Invalidating in-memory cache of /workspace/.gradle/8.6/checksums/sha512-checksums.bin
Invalidating in-memory cache of /workspace/.gradle/caches/journal-1/file-access.bin
Resource missing. [HTTP GET: https://dl.google.com/dl/android/maven2/org/jetbrains/kotlin/kotlin-util-io/1.9.23/kotlin-util-io-1.9.23.pom]
Downloading https://repo.maven.apache.org/maven2/org/jetbrains/kotlin/kotlin-util-io/1.9.23/kotlin-util-io-1.9.23.pom to /workspace/.gradle/.tmp/gradle_download7560210729794026515bin
Invalidating in-memory cache of /workspace/.gradle/8.6/checksums/md5-checksums.bin
Invalidating in-memory cache of /workspace/.gradle/8.6/checksums/sha256-checksums.bin
Invalidating in-memory cache of /workspace/.gradle/8.6/checksums/sha1-checksums.bin
Invalidating in-memory cache of /workspace/.gradle/8.6/checksums/sha512-checksums.bin
Invalidating in-memory cache of /workspace/.gradle/caches/journal-1/file-access.bin
Downloading https://repo.maven.apache.org/maven2/org/jetbrains/kotlin/kotlin-daemon-embeddable/1.9.23/kotlin-daemon-embeddable-1.9.23.pom to /workspace/.gradle/.tmp/gradle_download6946915535869173303bin
Invalidating in-memory cache of /workspace/.gradle/8.6/checksums/md5-checksums.bin
Invalidating in-memory cache of /workspace/.gradle/8.6/checksums/sha256-checksums.bin
Invalidating in-memory cache of /workspace/.gradle/8.6/checksums/sha1-checksums.bin
Invalidating in-memory cache of /workspace/.gradle/8.6/checksums/sha512-checksums.bin
Invalidating in-memory cache of /workspace/.gradle/caches/journal-1/file-access.bin
Resource missing. [HTTP GET: https://dl.google.com/dl/android/maven2/org/jetbrains/kotlinx/kotlinx-coroutines-core-jvm/1.5.0/kotlinx-coroutines-core-jvm-1.5.0.pom]
Resource missing. [HTTP GET: https://dl.google.com/dl/android/maven2/org/jetbrains/kotlin/kotlin-daemon-client/1.9.23/kotlin-daemon-client-1.9.23.pom]
Downloading https://repo.maven.apache.org/maven2/org/jetbrains/kotlinx/kotlinx-coroutines-core-jvm/1.5.0/kotlinx-coroutines-core-jvm-1.5.0.pom to /workspace/.gradle/.tmp/gradle_download9663378051115620826bin
Downloading https://repo.maven.apache.org/maven2/org/jetbrains/kotlin/kotlin-daemon-client/1.9.23/kotlin-daemon-client-1.9.23.pom to /workspace/.gradle/.tmp/gradle_download18396629838736256845bin
Invalidating in-memory cache of /workspace/.gradle/8.6/checksums/md5-checksums.bin
Invalidating in-memory cache of /workspace/.gradle/8.6/checksums/sha256-checksums.bin
Invalidating in-memory cache of /workspace/.gradle/8.6/checksums/sha1-checksums.bin
Invalidating in-memory cache of /workspace/.gradle/8.6/checksums/sha512-checksums.bin
Invalidating in-memory cache of /workspace/.gradle/caches/journal-1/file-access.bin
Invalidating in-memory cache of /workspace/.gradle/8.6/checksums/md5-checksums.bin
Invalidating in-memory cache of /workspace/.gradle/8.6/checksums/sha256-checksums.bin
Invalidating in-memory cache of /workspace/.gradle/8.6/checksums/sha1-checksums.bin
Invalidating in-memory cache of /workspace/.gradle/8.6/checksums/sha512-checksums.bin
Invalidating in-memory cache of /workspace/.gradle/caches/journal-1/file-access.bin
Cached resource https://repo.maven.apache.org/maven2/org/jetbrains/kotlinx/kotlinx-coroutines-core-jvm/1.5.0/kotlinx-coroutines-core-jvm-1.5.0.module is up-to-date (lastModified: Fri May 14 14:28:29 GMT 2021).
Invalidating in-memory cache of /workspace/.gradle/8.6/checksums/md5-checksums.bin
Invalidating in-memory cache of /workspace/.gradle/8.6/checksums/sha256-checksums.bin
Invalidating in-memory cache of /workspace/.gradle/8.6/checksums/sha1-checksums.bin
Invalidating in-memory cache of /workspace/.gradle/8.6/checksums/sha512-checksums.bin
Downloading https://repo.maven.apache.org/maven2/org/jetbrains/kotlin/kotlin-scripting-common/1.9.23/kotlin-scripting-common-1.9.23.pom to /workspace/.gradle/.tmp/gradle_download2698427779548598028bin
Resource missing. [HTTP GET: https://dl.google.com/dl/android/maven2/org/jetbrains/kotlin/kotlin-scripting-jvm/1.9.23/kotlin-scripting-jvm-1.9.23.pom]
Invalidating in-memory cache of /workspace/.gradle/8.6/checksums/md5-checksums.bin
Invalidating in-memory cache of /workspace/.gradle/8.6/checksums/sha256-checksums.bin
Invalidating in-memory cache of /workspace/.gradle/8.6/checksums/sha1-checksums.bin
Invalidating in-memory cache of /workspace/.gradle/8.6/checksums/sha512-checksums.bin
Invalidating in-memory cache of /workspace/.gradle/caches/journal-1/file-access.bin
Cached resource https://repo.maven.apache.org/maven2/org/jetbrains/kotlin/kotlin-scripting-jvm/1.9.23/kotlin-scripting-jvm-1.9.23.pom is up-to-date (lastModified: Wed Mar 06 18:59:34 GMT 2024).
Invalidating in-memory cache of /workspace/.gradle/8.6/checksums/md5-checksums.bin
Invalidating in-memory cache of /workspace/.gradle/8.6/checksums/sha256-checksums.bin
Invalidating in-memory cache of /workspace/.gradle/8.6/checksums/sha1-checksums.bin
Invalidating in-memory cache of /workspace/.gradle/8.6/checksums/sha512-checksums.bin
Downloading https://repo.maven.apache.org/maven2/org/checkerframework/checker-qual/3.33.0/checker-qual-3.33.0.pom to /workspace/.gradle/.tmp/gradle_download4112712990097940370bin
Invalidating in-memory cache of /workspace/.gradle/8.6/checksums/md5-checksums.bin
Invalidating in-memory cache of /workspace/.gradle/8.6/checksums/sha256-checksums.bin
Invalidating in-memory cache of /workspace/.gradle/8.6/checksums/sha1-checksums.bin
Invalidating in-memory cache of /workspace/.gradle/8.6/checksums/sha512-checksums.bin
Invalidating in-memory cache of /workspace/.gradle/caches/journal-1/file-access.bin
Downloading https://repo.maven.apache.org/maven2/org/checkerframework/checker-qual/3.33.0/checker-qual-3.33.0.module to /workspace/.gradle/.tmp/gradle_download13584000964936141482bin
Invalidating in-memory cache of /workspace/.gradle/8.6/checksums/md5-checksums.bin
Invalidating in-memory cache of /workspace/.gradle/8.6/checksums/sha256-checksums.bin
Invalidating in-memory cache of /workspace/.gradle/8.6/checksums/sha1-checksums.bin
Invalidating in-memory cache of /workspace/.gradle/8.6/checksums/sha512-checksums.bin
Invalidating in-memory cache of /workspace/.gradle/caches/journal-1/file-access.bin
Resource missing. [HTTP GET: https://dl.google.com/dl/android/maven2/com/google/j2objc/j2objc-annotations/2.8/j2objc-annotations-2.8.pom]
Downloading https://repo.maven.apache.org/maven2/com/google/j2objc/j2objc-annotations/2.8/j2objc-annotations-2.8.pom to /workspace/.gradle/.tmp/gradle_download6157276563695997364bin
Invalidating in-memory cache of /workspace/.gradle/8.6/checksums/md5-checksums.bin
Invalidating in-memory cache of /workspace/.gradle/8.6/checksums/sha256-checksums.bin
Invalidating in-memory cache of /workspace/.gradle/8.6/checksums/sha1-checksums.bin
Invalidating in-memory cache of /workspace/.gradle/8.6/checksums/sha512-checksums.bin
Invalidating in-memory cache of /workspace/.gradle/caches/journal-1/file-access.bin
Resource missing. [HTTP GET: https://dl.google.com/dl/android/maven2/com/google/guava/listenablefuture/9999.0-empty-to-avoid-conflict-with-guava/listenablefuture-9999.0-empty-to-avoid-conflict-with-guava.pom]
Resource missing. [HTTP GET: https://dl.google.com/dl/android/maven2/com/google/guava/failureaccess/1.0.1/failureaccess-1.0.1.pom]
Downloading https://repo.maven.apache.org/maven2/com/google/guava/listenablefuture/9999.0-empty-to-avoid-conflict-with-guava/listenablefuture-9999.0-empty-to-avoid-conflict-with-guava.pom to /workspace/.gradle/.tmp/gradle_download9776693915751831079bin
Downloading https://repo.maven.apache.org/maven2/com/google/guava/failureaccess/1.0.1/failureaccess-1.0.1.pom to /workspace/.gradle/.tmp/gradle_download10373605215143530974bin
Invalidating in-memory cache of /workspace/.gradle/8.6/checksums/md5-checksums.bin
Invalidating in-memory cache of /workspace/.gradle/8.6/checksums/sha256-checksums.bin
Invalidating in-memory cache of /workspace/.gradle/8.6/checksums/sha1-checksums.bin
Invalidating in-memory cache of /workspace/.gradle/8.6/checksums/sha512-checksums.bin
Invalidating in-memory cache of /workspace/.gradle/caches/journal-1/file-access.bin
Invalidating in-memory cache of /workspace/.gradle/8.6/checksums/md5-checksums.bin
Invalidating in-memory cache of /workspace/.gradle/8.6/checksums/sha256-checksums.bin
Invalidating in-memory cache of /workspace/.gradle/8.6/checksums/sha1-checksums.bin
Invalidating in-memory cache of /workspace/.gradle/8.6/checksums/sha512-checksums.bin
Invalidating in-memory cache of /workspace/.gradle/caches/journal-1/file-access.bin
Downloading https://repo.maven.apache.org/maven2/com/google/guava/guava-parent/26.0-android/guava-parent-26.0-android.pom to /workspace/.gradle/.tmp/gradle_download120314513013967628bin
Invalidating in-memory cache of /workspace/.gradle/8.6/checksums/md5-checksums.bin
Invalidating in-memory cache of /workspace/.gradle/8.6/checksums/sha256-checksums.bin
Invalidating in-memory cache of /workspace/.gradle/8.6/checksums/sha1-checksums.bin
Invalidating in-memory cache of /workspace/.gradle/8.6/checksums/sha512-checksums.bin
Invalidating in-memory cache of /workspace/.gradle/caches/journal-1/file-access.bin
Resource missing. [HTTP GET: https://dl.google.com/dl/android/maven2/commons-codec/commons-codec/1.11/commons-codec-1.11.pom]
Downloading https://repo.maven.apache.org/maven2/commons-codec/commons-codec/1.11/commons-codec-1.11.pom to /workspace/.gradle/.tmp/gradle_download5696406100777906570bin
Invalidating in-memory cache of /workspace/.gradle/8.6/checksums/md5-checksums.bin
Invalidating in-memory cache of /workspace/.gradle/8.6/checksums/sha256-checksums.bin
Invalidating in-memory cache of /workspace/.gradle/8.6/checksums/sha1-checksums.bin
Invalidating in-memory cache of /workspace/.gradle/8.6/checksums/sha512-checksums.bin
Resource missing. [HTTP GET: https://dl.google.com/dl/android/maven2/org/apache/commons/commons-parent/42/commons-parent-42.pom]
Downloading https://repo.maven.apache.org/maven2/org/apache/commons/commons-parent/42/commons-parent-42.pom to /workspace/.gradle/.tmp/gradle_download15770256931302476696bin
Invalidating in-memory cache of /workspace/.gradle/8.6/checksums/md5-checksums.bin
Invalidating in-memory cache of /workspace/.gradle/8.6/checksums/sha256-checksums.bin
Invalidating in-memory cache of /workspace/.gradle/8.6/checksums/sha1-checksums.bin
Invalidating in-memory cache of /workspace/.gradle/8.6/checksums/sha512-checksums.bin
Invalidating in-memory cache of /workspace/.gradle/caches/journal-1/file-access.bin
Resource missing. [HTTP GET: https://dl.google.com/dl/android/maven2/commons-logging/commons-logging/1.2/commons-logging-1.2.pom]
Downloading https://repo.maven.apache.org/maven2/commons-logging/commons-logging/1.2/commons-logging-1.2.pom to /workspace/.gradle/.tmp/gradle_download9177567934242475692bin
Invalidating in-memory cache of /workspace/.gradle/8.6/checksums/md5-checksums.bin
Invalidating in-memory cache of /workspace/.gradle/8.6/checksums/sha256-checksums.bin
Invalidating in-memory cache of /workspace/.gradle/8.6/checksums/sha1-checksums.bin
Invalidating in-memory cache of /workspace/.gradle/8.6/checksums/sha512-checksums.bin
Invalidating in-memory cache of /workspace/.gradle/caches/journal-1/file-access.bin
Downloading https://repo.maven.apache.org/maven2/org/apache/commons/commons-parent/34/commons-parent-34.pom to /workspace/.gradle/.tmp/gradle_download2074184550514633653bin
Invalidating in-memory cache of /workspace/.gradle/8.6/checksums/md5-checksums.bin
Invalidating in-memory cache of /workspace/.gradle/8.6/checksums/sha256-checksums.bin
Invalidating in-memory cache of /workspace/.gradle/8.6/checksums/sha1-checksums.bin
Invalidating in-memory cache of /workspace/.gradle/8.6/checksums/sha512-checksums.bin
Invalidating in-memory cache of /workspace/.gradle/caches/journal-1/file-access.bin
Resource missing. [HTTP GET: https://dl.google.com/dl/android/maven2/org/apache/apache/13/apache-13.pom]
Downloading https://repo.maven.apache.org/maven2/org/apache/apache/13/apache-13.pom to /workspace/.gradle/.tmp/gradle_download13349963319963184473bin
Invalidating in-memory cache of /workspace/.gradle/8.6/checksums/md5-checksums.bin
Invalidating in-memory cache of /workspace/.gradle/8.6/checksums/sha256-checksums.bin
Invalidating in-memory cache of /workspace/.gradle/8.6/checksums/sha1-checksums.bin
Invalidating in-memory cache of /workspace/.gradle/8.6/checksums/sha512-checksums.bin
Invalidating in-memory cache of /workspace/.gradle/caches/journal-1/file-access.bin
Resource missing. [HTTP GET: https://dl.google.com/dl/android/maven2/net/java/dev/jna/jna/5.6.0/jna-5.6.0.pom]
Downloading https://repo.maven.apache.org/maven2/net/java/dev/jna/jna/5.6.0/jna-5.6.0.pom to /workspace/.gradle/.tmp/gradle_download14463435708812116118bin
Invalidating in-memory cache of /workspace/.gradle/8.6/checksums/md5-checksums.bin
Invalidating in-memory cache of /workspace/.gradle/8.6/checksums/sha256-checksums.bin
Invalidating in-memory cache of /workspace/.gradle/8.6/checksums/sha1-checksums.bin
Invalidating in-memory cache of /workspace/.gradle/8.6/checksums/sha512-checksums.bin
Resource missing. [HTTP GET: https://dl.google.com/dl/android/maven2/io/netty/netty-handler/4.1.93.Final/netty-handler-4.1.93.Final.pom]
Resource missing. [HTTP GET: https://dl.google.com/dl/android/maven2/io/netty/netty-transport/4.1.93.Final/netty-transport-4.1.93.Final.pom]
Resource missing. [HTTP GET: https://dl.google.com/dl/android/maven2/io/netty/netty-common/4.1.93.Final/netty-common-4.1.93.Final.pom]
Resource missing. [HTTP GET: https://dl.google.com/dl/android/maven2/io/netty/netty-buffer/4.1.93.Final/netty-buffer-4.1.93.Final.pom]
Resource missing. [HTTP GET: https://dl.google.com/dl/android/maven2/io/netty/netty-codec-http/4.1.93.Final/netty-codec-http-4.1.93.Final.pom]
Resource missing. [HTTP GET: https://dl.google.com/dl/android/maven2/io/netty/netty-codec/4.1.93.Final/netty-codec-4.1.93.Final.pom]
Downloading https://repo.maven.apache.org/maven2/io/netty/netty-common/4.1.93.Final/netty-common-4.1.93.Final.pom to /workspace/.gradle/.tmp/gradle_download3922839833717853055bin
Invalidating in-memory cache of /workspace/.gradle/8.6/checksums/md5-checksums.bin
Invalidating in-memory cache of /workspace/.gradle/8.6/checksums/sha256-checksums.bin
Invalidating in-memory cache of /workspace/.gradle/8.6/checksums/sha1-checksums.bin
Invalidating in-memory cache of /workspace/.gradle/8.6/checksums/sha512-checksums.bin
Downloading https://repo.maven.apache.org/maven2/io/netty/netty-buffer/4.1.93.Final/netty-buffer-4.1.93.Final.pom to /workspace/.gradle/.tmp/gradle_download932986949930280076bin
Invalidating in-memory cache of /workspace/.gradle/caches/journal-1/file-access.bin
Downloading https://repo.maven.apache.org/maven2/io/netty/netty-codec-http/4.1.93.Final/netty-codec-http-4.1.93.Final.pom to /workspace/.gradle/.tmp/gradle_download12704570532071620511bin
Downloading https://repo.maven.apache.org/maven2/io/netty/netty-codec/4.1.93.Final/netty-codec-4.1.93.Final.pom to /workspace/.gradle/.tmp/gradle_download417043144328212051bin
Downloading https://repo.maven.apache.org/maven2/io/netty/netty-transport/4.1.93.Final/netty-transport-4.1.93.Final.pom to /workspace/.gradle/.tmp/gradle_download17744298243346047258bin
Downloading https://repo.maven.apache.org/maven2/io/netty/netty-handler/4.1.93.Final/netty-handler-4.1.93.Final.pom to /workspace/.gradle/.tmp/gradle_download13889659102393815828bin
Invalidating in-memory cache of /workspace/.gradle/8.6/checksums/md5-checksums.bin
Invalidating in-memory cache of /workspace/.gradle/8.6/checksums/sha256-checksums.bin
Invalidating in-memory cache of /workspace/.gradle/8.6/checksums/sha1-checksums.bin
Invalidating in-memory cache of /workspace/.gradle/8.6/checksums/sha512-checksums.bin
Invalidating in-memory cache of /workspace/.gradle/caches/journal-1/file-access.bin
Invalidating in-memory cache of /workspace/.gradle/8.6/checksums/md5-checksums.bin
Invalidating in-memory cache of /workspace/.gradle/8.6/checksums/sha256-checksums.bin
Invalidating in-memory cache of /workspace/.gradle/8.6/checksums/sha1-checksums.bin
Invalidating in-memory cache of /workspace/.gradle/8.6/checksums/sha512-checksums.bin
Invalidating in-memory cache of /workspace/.gradle/caches/journal-1/file-access.bin
Resource missing. [HTTP GET: https://dl.google.com/dl/android/maven2/io/netty/netty-codec-socks/4.1.93.Final/netty-codec-socks-4.1.93.Final.pom]
Downloading https://repo.maven.apache.org/maven2/io/netty/netty-codec-socks/4.1.93.Final/netty-codec-socks-4.1.93.Final.pom to /workspace/.gradle/.tmp/gradle_download13679980170233811821bin
Invalidating in-memory cache of /workspace/.gradle/8.6/checksums/md5-checksums.bin
Invalidating in-memory cache of /workspace/.gradle/8.6/checksums/sha256-checksums.bin
Invalidating in-memory cache of /workspace/.gradle/8.6/checksums/sha1-checksums.bin
Invalidating in-memory cache of /workspace/.gradle/8.6/checksums/sha512-checksums.bin
Invalidating in-memory cache of /workspace/.gradle/caches/journal-1/file-access.bin
Resource missing. [HTTP GET: https://dl.google.com/dl/android/maven2/io/netty/netty-resolver/4.1.93.Final/netty-resolver-4.1.93.Final.pom]
Downloading https://repo.maven.apache.org/maven2/io/netty/netty-resolver/4.1.93.Final/netty-resolver-4.1.93.Final.pom to /workspace/.gradle/.tmp/gradle_download7045200811442852424bin
Invalidating in-memory cache of /workspace/.gradle/8.6/checksums/md5-checksums.bin
Invalidating in-memory cache of /workspace/.gradle/8.6/checksums/sha256-checksums.bin
Invalidating in-memory cache of /workspace/.gradle/8.6/checksums/sha1-checksums.bin
Invalidating in-memory cache of /workspace/.gradle/8.6/checksums/sha512-checksums.bin
Invalidating in-memory cache of /workspace/.gradle/caches/journal-1/file-access.bin
Downloading https://repo.maven.apache.org/maven2/org/jetbrains/kotlin/kotlin-gradle-plugin-model/1.9.23/kotlin-gradle-plugin-model-1.9.23.jar to /workspace/.gradle/.tmp/gradle_download14870916710960529850bin
Downloading https://repo.maven.apache.org/maven2/org/jetbrains/kotlin/kotlin-gradle-plugin/1.9.23/kotlin-gradle-plugin-1.9.23-gradle82.jar to /workspace/.gradle/.tmp/gradle_download4368795367935883291bin
Downloading https://repo.maven.apache.org/maven2/org/jetbrains/kotlin/kotlin-gradle-plugin-api/1.9.23/kotlin-gradle-plugin-api-1.9.23-gradle82.jar to /workspace/.gradle/.tmp/gradle_download12607248516961169769bin
Downloading https://repo.maven.apache.org/maven2/org/jetbrains/kotlin/kotlin-serialization/1.9.23/kotlin-serialization-1.9.23-gradle82.jar to /workspace/.gradle/.tmp/gradle_download10532989723312337611bin
Downloading https://repo.maven.apache.org/maven2/org/jetbrains/kotlin/kotlin-gradle-plugin-api/1.9.23/kotlin-gradle-plugin-api-1.9.23.jar to /workspace/.gradle/.tmp/gradle_download7095426505963004840bin
Downloading https://dl.google.com/dl/android/maven2/com/android/tools/build/builder/8.4.0/builder-8.4.0.jar to /workspace/.gradle/.tmp/gradle_download11643408815944131418bin
Downloading https://dl.google.com/dl/android/maven2/com/android/tools/build/gradle-api/8.4.0/gradle-api-8.4.0.jar to /workspace/.gradle/.tmp/gradle_download2217671417691711632bin
Downloading https://dl.google.com/dl/android/maven2/com/android/tools/build/gradle-settings-api/8.4.0/gradle-settings-api-8.4.0.jar to /workspace/.gradle/.tmp/gradle_download2017652251054548129bin
Downloading https://dl.google.com/dl/android/maven2/com/android/tools/ddms/ddmlib/31.4.0/ddmlib-31.4.0.jar to /workspace/.gradle/.tmp/gradle_download3320490579415922492bin
Downloading https://dl.google.com/dl/android/maven2/com/android/tools/repository/31.4.0/repository-31.4.0.jar to /workspace/.gradle/.tmp/gradle_download3485143236204892459bin
Downloading https://dl.google.com/dl/android/maven2/com/android/tools/sdk-common/31.4.0/sdk-common-31.4.0.jar to /workspace/.gradle/.tmp/gradle_download15324537711055651270bin
Downloading https://dl.google.com/dl/android/maven2/com/android/tools/build/builder-test-api/8.4.0/builder-test-api-8.4.0.jar to /workspace/.gradle/.tmp/gradle_download9438284759063591895bin
Downloading https://dl.google.com/dl/android/maven2/com/android/tools/build/manifest-merger/31.4.0/manifest-merger-31.4.0.jar to /workspace/.gradle/.tmp/gradle_download12763758413699587675bin
Downloading https://dl.google.com/dl/android/maven2/com/android/tools/build/gradle/8.4.0/gradle-8.4.0.jar to /workspace/.gradle/.tmp/gradle_download14004515623982146408bin
Downloading https://dl.google.com/dl/android/maven2/com/android/tools/lint/lint-model/31.4.0/lint-model-31.4.0.jar to /workspace/.gradle/.tmp/gradle_download9498878248999632763bin
Downloading https://dl.google.com/dl/android/maven2/com/android/tools/sdklib/31.4.0/sdklib-31.4.0.jar to /workspace/.gradle/.tmp/gradle_download7626748120840417581bin
Invalidating in-memory cache of /workspace/.gradle/8.6/checksums/md5-checksums.bin
Invalidating in-memory cache of /workspace/.gradle/8.6/checksums/sha256-checksums.bin
Invalidating in-memory cache of /workspace/.gradle/8.6/checksums/sha1-checksums.bin
Invalidating in-memory cache of /workspace/.gradle/8.6/checksums/sha512-checksums.bin
Invalidating in-memory cache of /workspace/.gradle/caches/journal-1/file-access.bin
Transforming kotlin-serialization-1.9.23-gradle82.jar (org.jetbrains.kotlin:kotlin-serialization:1.9.23) with ExternalDependencyInstrumentingArtifactTransform
Transforming gradle-settings-api-8.4.0.jar (com.android.tools.build:gradle-settings-api:8.4.0) with ExternalDependencyInstrumentingArtifactTransform
Transforming kotlin-gradle-plugin-model-1.9.23.jar (org.jetbrains.kotlin:kotlin-gradle-plugin-model:1.9.23) with ExternalDependencyInstrumentingArtifactTransform
Transforming builder-test-api-8.4.0.jar (com.android.tools.build:builder-test-api:8.4.0) with ExternalDependencyInstrumentingArtifactTransform
Invalidating in-memory cache of /workspace/.gradle/8.6/checksums/md5-checksums.bin
Invalidating in-memory cache of /workspace/.gradle/8.6/checksums/sha256-checksums.bin
Invalidating in-memory cache of /workspace/.gradle/8.6/checksums/sha1-checksums.bin
Invalidating in-memory cache of /workspace/.gradle/8.6/checksums/sha512-checksums.bin
Invalidating in-memory cache of /workspace/.gradle/caches/journal-1/file-access.bin
Transforming kotlin-gradle-plugin-api-1.9.23.jar (org.jetbrains.kotlin:kotlin-gradle-plugin-api:1.9.23) with ExternalDependencyInstrumentingArtifactTransform
Downloading https://dl.google.com/dl/android/maven2/com/android/tools/analytics-library/crash/31.4.0/crash-31.4.0.jar to /workspace/.gradle/.tmp/gradle_download7413166741093983517bin
Transforming crash-31.4.0.jar (com.android.tools.analytics-library:crash:31.4.0) with ExternalDependencyInstrumentingArtifactTransform
Invalidating in-memory cache of /workspace/.gradle/caches/8.6/fileHashes/fileHashes.bin
Invalidating in-memory cache of /workspace/.gradle/caches/8.6/fileHashes/resourceHashesCache.bin
Downloading https://dl.google.com/dl/android/maven2/com/android/tools/build/aapt2-proto/8.4.0-11315950/aapt2-proto-8.4.0-11315950.jar to /workspace/.gradle/.tmp/gradle_download733162626352817668bin
Downloading https://dl.google.com/dl/android/maven2/com/android/tools/build/bundletool/1.15.6/bundletool-1.15.6.jar to /workspace/.gradle/.tmp/gradle_download18104278473814735642bin
Downloading https://dl.google.com/dl/android/maven2/com/android/tools/analytics-library/shared/31.4.0/shared-31.4.0.jar to /workspace/.gradle/.tmp/gradle_download15396365959649104101bin
Downloading https://dl.google.com/dl/android/maven2/com/android/tools/build/aaptcompiler/8.4.0/aaptcompiler-8.4.0.jar to /workspace/.gradle/.tmp/gradle_download17526319797696281585bin
Downloading https://dl.google.com/dl/android/maven2/com/android/tools/lint/lint-typedef-remover/31.4.0/lint-typedef-remover-31.4.0.jar to /workspace/.gradle/.tmp/gradle_download6624516795017690836bin
Downloading https://dl.google.com/dl/android/maven2/com/android/tools/analytics-library/tracker/31.4.0/tracker-31.4.0.jar to /workspace/.gradle/.tmp/gradle_download3393028037533709491bin
Invalidating in-memory cache of /workspace/.gradle/8.6/checksums/md5-checksums.bin
Invalidating in-memory cache of /workspace/.gradle/8.6/checksums/sha256-checksums.bin
Invalidating in-memory cache of /workspace/.gradle/8.6/checksums/sha1-checksums.bin
Invalidating in-memory cache of /workspace/.gradle/8.6/checksums/sha512-checksums.bin
Invalidating in-memory cache of /workspace/.gradle/caches/journal-1/file-access.bin
Invalidating in-memory cache of /workspace/.gradle/8.6/checksums/md5-checksums.bin
Invalidating in-memory cache of /workspace/.gradle/8.6/checksums/sha256-checksums.bin
Invalidating in-memory cache of /workspace/.gradle/8.6/checksums/sha1-checksums.bin
Invalidating in-memory cache of /workspace/.gradle/8.6/checksums/sha512-checksums.bin
Invalidating in-memory cache of /workspace/.gradle/caches/journal-1/file-access.bin
Transforming kotlin-gradle-plugin-api-1.9.23-gradle82.jar (org.jetbrains.kotlin:kotlin-gradle-plugin-api:1.9.23) with ExternalDependencyInstrumentingArtifactTransform
Transforming lint-model-31.4.0.jar (com.android.tools.lint:lint-model:31.4.0) with ExternalDependencyInstrumentingArtifactTransform
Invalidating in-memory cache of /workspace/.gradle/caches/8.6/fileHashes/fileHashes.bin
Invalidating in-memory cache of /workspace/.gradle/caches/8.6/fileHashes/resourceHashesCache.bin
Invalidating in-memory cache of /workspace/.gradle/8.6/checksums/md5-checksums.bin
Invalidating in-memory cache of /workspace/.gradle/8.6/checksums/sha256-checksums.bin
Invalidating in-memory cache of /workspace/.gradle/8.6/checksums/sha1-checksums.bin
Invalidating in-memory cache of /workspace/.gradle/8.6/checksums/sha512-checksums.bin
Invalidating in-memory cache of /workspace/.gradle/caches/journal-1/file-access.bin
Transforming repository-31.4.0.jar (com.android.tools:repository:31.4.0) with ExternalDependencyInstrumentingArtifactTransform
Downloading https://dl.google.com/dl/android/maven2/androidx/databinding/databinding-common/8.4.0/databinding-common-8.4.0.jar to /workspace/.gradle/.tmp/gradle_download2476648694946058479bin
Downloading https://dl.google.com/dl/android/maven2/androidx/databinding/databinding-compiler-common/8.4.0/databinding-compiler-common-8.4.0.jar to /workspace/.gradle/.tmp/gradle_download2273192439925756433bin
Downloading https://dl.google.com/dl/android/maven2/com/android/databinding/baseLibrary/8.4.0/baseLibrary-8.4.0.jar to /workspace/.gradle/.tmp/gradle_download1965164013933527050bin
Invalidating in-memory cache of /workspace/.gradle/8.6/checksums/md5-checksums.bin
Invalidating in-memory cache of /workspace/.gradle/8.6/checksums/sha256-checksums.bin
Invalidating in-memory cache of /workspace/.gradle/8.6/checksums/sha1-checksums.bin
Invalidating in-memory cache of /workspace/.gradle/8.6/checksums/sha512-checksums.bin
Invalidating in-memory cache of /workspace/.gradle/caches/journal-1/file-access.bin
Transforming lint-typedef-remover-31.4.0.jar (com.android.tools.lint:lint-typedef-remover:31.4.0) with ExternalDependencyInstrumentingArtifactTransform
Transforming shared-31.4.0.jar (com.android.tools.analytics-library:shared:31.4.0) with ExternalDependencyInstrumentingArtifactTransform
Transforming gradle-api-8.4.0.jar (com.android.tools.build:gradle-api:8.4.0) with ExternalDependencyInstrumentingArtifactTransform
Transforming databinding-common-8.4.0.jar (androidx.databinding:databinding-common:8.4.0) with ExternalDependencyInstrumentingArtifactTransform
Transforming ddmlib-31.4.0.jar (com.android.tools.ddms:ddmlib:31.4.0) with ExternalDependencyInstrumentingArtifactTransform
Transforming baseLibrary-8.4.0.jar (com.android.databinding:baseLibrary:8.4.0) with ExternalDependencyInstrumentingArtifactTransform
Transforming manifest-merger-31.4.0.jar (com.android.tools.build:manifest-merger:31.4.0) with ExternalDependencyInstrumentingArtifactTransform
Transforming tracker-31.4.0.jar (com.android.tools.analytics-library:tracker:31.4.0) with ExternalDependencyInstrumentingArtifactTransform
Downloading https://dl.google.com/dl/android/maven2/com/android/tools/utp/android-device-provider-ddmlib-proto/31.4.0/android-device-provider-ddmlib-proto-31.4.0.jar to /workspace/.gradle/.tmp/gradle_download16959674212712306047bin
Downloading https://dl.google.com/dl/android/maven2/com/android/tools/utp/android-test-plugin-host-apk-installer-proto/31.4.0/android-test-plugin-host-apk-installer-proto-31.4.0.jar to /workspace/.gradle/.tmp/gradle_download3595105143535488679bin
Downloading https://dl.google.com/dl/android/maven2/com/android/tools/layoutlib/layoutlib-api/31.4.0/layoutlib-api-31.4.0.jar to /workspace/.gradle/.tmp/gradle_download11952669506294787590bin
Downloading https://dl.google.com/dl/android/maven2/com/android/tools/utp/android-test-plugin-result-listener-gradle-proto/31.4.0/android-test-plugin-result-listener-gradle-proto-31.4.0.jar to /workspace/.gradle/.tmp/gradle_download9252099779184878964bin
Downloading https://dl.google.com/dl/android/maven2/com/android/tools/utp/android-device-provider-gradle-proto/31.4.0/android-device-provider-gradle-proto-31.4.0.jar to /workspace/.gradle/.tmp/gradle_download11724248302337739131bin
Downloading https://dl.google.com/dl/android/maven2/com/android/tools/utp/android-test-plugin-host-additional-test-output-proto/31.4.0/android-test-plugin-host-additional-test-output-proto-31.4.0.jar to /workspace/.gradle/.tmp/gradle_download12692788144758197909bin
Downloading https://dl.google.com/dl/android/maven2/com/android/tools/utp/android-test-plugin-host-retention-proto/31.4.0/android-test-plugin-host-retention-proto-31.4.0.jar to /workspace/.gradle/.tmp/gradle_download13855503832542769192bin
Downloading https://dl.google.com/dl/android/maven2/com/android/tools/utp/android-test-plugin-host-coverage-proto/31.4.0/android-test-plugin-host-coverage-proto-31.4.0.jar to /workspace/.gradle/.tmp/gradle_download11675345460710306663bin
Downloading https://dl.google.com/dl/android/maven2/com/android/tools/utp/android-test-plugin-host-logcat-proto/31.4.0/android-test-plugin-host-logcat-proto-31.4.0.jar to /workspace/.gradle/.tmp/gradle_download16850363665415734736bin
Downloading https://dl.google.com/dl/android/maven2/com/android/tools/utp/android-test-plugin-host-emulator-control-proto/31.4.0/android-test-plugin-host-emulator-control-proto-31.4.0.jar to /workspace/.gradle/.tmp/gradle_download7043332193942494622bin
Invalidating in-memory cache of /workspace/.gradle/caches/8.6/fileHashes/fileHashes.bin
Invalidating in-memory cache of /workspace/.gradle/caches/8.6/fileHashes/resourceHashesCache.bin
Invalidating in-memory cache of /workspace/.gradle/8.6/checksums/md5-checksums.bin
Invalidating in-memory cache of /workspace/.gradle/8.6/checksums/sha256-checksums.bin
Invalidating in-memory cache of /workspace/.gradle/8.6/checksums/sha1-checksums.bin
Invalidating in-memory cache of /workspace/.gradle/8.6/checksums/sha512-checksums.bin
Invalidating in-memory cache of /workspace/.gradle/caches/journal-1/file-access.bin
Transforming android-test-plugin-host-logcat-proto-31.4.0.jar (com.android.tools.utp:android-test-plugin-host-logcat-proto:31.4.0) with ExternalDependencyInstrumentingArtifactTransform
Transforming android-device-provider-ddmlib-proto-31.4.0.jar (com.android.tools.utp:android-device-provider-ddmlib-proto:31.4.0) with ExternalDependencyInstrumentingArtifactTransform
Transforming android-test-plugin-host-additional-test-output-proto-31.4.0.jar (com.android.tools.utp:android-test-plugin-host-additional-test-output-proto:31.4.0) with ExternalDependencyInstrumentingArtifactTransform
Downloading https://dl.google.com/dl/android/maven2/com/android/tools/build/builder-model/8.4.0/builder-model-8.4.0.jar to /workspace/.gradle/.tmp/gradle_download14599419815663580384bin
Invalidating in-memory cache of /workspace/.gradle/8.6/checksums/md5-checksums.bin
Invalidating in-memory cache of /workspace/.gradle/8.6/checksums/sha256-checksums.bin
Invalidating in-memory cache of /workspace/.gradle/8.6/checksums/sha1-checksums.bin
Invalidating in-memory cache of /workspace/.gradle/8.6/checksums/sha512-checksums.bin
Invalidating in-memory cache of /workspace/.gradle/caches/journal-1/file-access.bin
Downloading https://dl.google.com/dl/android/maven2/com/android/tools/common/31.4.0/common-31.4.0.jar to /workspace/.gradle/.tmp/gradle_download6806329309208001267bin
Invalidating in-memory cache of /workspace/.gradle/8.6/checksums/md5-checksums.bin
Invalidating in-memory cache of /workspace/.gradle/8.6/checksums/sha256-checksums.bin
Invalidating in-memory cache of /workspace/.gradle/8.6/checksums/sha1-checksums.bin
Invalidating in-memory cache of /workspace/.gradle/8.6/checksums/sha512-checksums.bin
Invalidating in-memory cache of /workspace/.gradle/caches/journal-1/file-access.bin
Transforming android-device-provider-gradle-proto-31.4.0.jar (com.android.tools.utp:android-device-provider-gradle-proto:31.4.0) with ExternalDependencyInstrumentingArtifactTransform
Transforming android-test-plugin-host-coverage-proto-31.4.0.jar (com.android.tools.utp:android-test-plugin-host-coverage-proto:31.4.0) with ExternalDependencyInstrumentingArtifactTransform
Transforming android-test-plugin-result-listener-gradle-proto-31.4.0.jar (com.android.tools.utp:android-test-plugin-result-listener-gradle-proto:31.4.0) with ExternalDependencyInstrumentingArtifactTransform
Transforming layoutlib-api-31.4.0.jar (com.android.tools.layoutlib:layoutlib-api:31.4.0) with ExternalDependencyInstrumentingArtifactTransform
Transforming sdklib-31.4.0.jar (com.android.tools:sdklib:31.4.0) with ExternalDependencyInstrumentingArtifactTransform
Transforming android-test-plugin-host-retention-proto-31.4.0.jar (com.android.tools.utp:android-test-plugin-host-retention-proto:31.4.0) with ExternalDependencyInstrumentingArtifactTransform
Transforming builder-model-8.4.0.jar (com.android.tools.build:builder-model:8.4.0) with ExternalDependencyInstrumentingArtifactTransform
Transforming android-test-plugin-host-emulator-control-proto-31.4.0.jar (com.android.tools.utp:android-test-plugin-host-emulator-control-proto:31.4.0) with ExternalDependencyInstrumentingArtifactTransform
Transforming android-test-plugin-host-apk-installer-proto-31.4.0.jar (com.android.tools.utp:android-test-plugin-host-apk-installer-proto:31.4.0) with ExternalDependencyInstrumentingArtifactTransform
Downloading https://dl.google.com/dl/android/maven2/com/android/tools/dvlib/31.4.0/dvlib-31.4.0.jar to /workspace/.gradle/.tmp/gradle_download2362343226621392462bin
Invalidating in-memory cache of /workspace/.gradle/caches/8.6/fileHashes/fileHashes.bin
Invalidating in-memory cache of /workspace/.gradle/caches/8.6/fileHashes/resourceHashesCache.bin
Downloading https://dl.google.com/dl/android/maven2/com/android/tools/build/jetifier/jetifier-processor/1.0.0-beta10/jetifier-processor-1.0.0-beta10.jar to /workspace/.gradle/.tmp/gradle_download2862395991738528433bin
Invalidating in-memory cache of /workspace/.gradle/8.6/checksums/md5-checksums.bin
Invalidating in-memory cache of /workspace/.gradle/8.6/checksums/sha256-checksums.bin
Invalidating in-memory cache of /workspace/.gradle/8.6/checksums/sha1-checksums.bin
Invalidating in-memory cache of /workspace/.gradle/8.6/checksums/sha512-checksums.bin
Downloading https://repo.maven.apache.org/maven2/org/jetbrains/kotlin/kotlin-stdlib-jdk8/1.9.20/kotlin-stdlib-jdk8-1.9.20.jar to /workspace/.gradle/.tmp/gradle_download13133600968605172540bin
Downloading https://repo.maven.apache.org/maven2/org/jetbrains/kotlin/kotlin-stdlib-jdk7/1.9.20/kotlin-stdlib-jdk7-1.9.20.jar to /workspace/.gradle/.tmp/gradle_download7320698291896747153bin
Downloading https://dl.google.com/dl/android/maven2/com/android/tools/build/transform-api/2.0.0-deprecated-use-gradle-api/transform-api-2.0.0-deprecated-use-gradle-api.jar to /workspace/.gradle/.tmp/gradle_download15536819979891091265bin
Invalidating in-memory cache of /workspace/.gradle/caches/journal-1/file-access.bin
Downloading https://repo.maven.apache.org/maven2/commons-io/commons-io/2.13.0/commons-io-2.13.0.jar to /workspace/.gradle/.tmp/gradle_download2847117970096151210bin
Downloading https://repo.maven.apache.org/maven2/org/jetbrains/kotlin/kotlin-stdlib/1.9.20/kotlin-stdlib-1.9.20.jar to /workspace/.gradle/.tmp/gradle_download4997777213701637784bin
Downloading https://repo.maven.apache.org/maven2/org/jetbrains/kotlin/kotlin-reflect/1.9.20/kotlin-reflect-1.9.20.jar to /workspace/.gradle/.tmp/gradle_download2251954799132865346bin
Downloading https://dl.google.com/dl/android/maven2/com/android/tools/build/jetifier/jetifier-core/1.0.0-beta10/jetifier-core-1.0.0-beta10.jar to /workspace/.gradle/.tmp/gradle_download17689681307681914248bin
Downloading https://repo.maven.apache.org/maven2/org/ow2/asm/asm-commons/9.6/asm-commons-9.6.jar to /workspace/.gradle/.tmp/gradle_download17671342782248816323bin
Downloading https://repo.maven.apache.org/maven2/org/apache/httpcomponents/httpmime/4.5.6/httpmime-4.5.6.jar to /workspace/.gradle/.tmp/gradle_download11431923834361993049bin
Invalidating in-memory cache of /workspace/.gradle/8.6/checksums/md5-checksums.bin
Invalidating in-memory cache of /workspace/.gradle/8.6/checksums/sha256-checksums.bin
Invalidating in-memory cache of /workspace/.gradle/8.6/checksums/sha1-checksums.bin
Invalidating in-memory cache of /workspace/.gradle/8.6/checksums/sha512-checksums.bin
Invalidating in-memory cache of /workspace/.gradle/caches/journal-1/file-access.bin
Invalidating in-memory cache of /workspace/.gradle/8.6/checksums/md5-checksums.bin
Invalidating in-memory cache of /workspace/.gradle/8.6/checksums/sha256-checksums.bin
Invalidating in-memory cache of /workspace/.gradle/8.6/checksums/sha1-checksums.bin
Invalidating in-memory cache of /workspace/.gradle/8.6/checksums/sha512-checksums.bin
Invalidating in-memory cache of /workspace/.gradle/caches/journal-1/file-access.bin
Invalidating in-memory cache of /workspace/.gradle/8.6/checksums/md5-checksums.bin
Invalidating in-memory cache of /workspace/.gradle/8.6/checksums/sha256-checksums.bin
Invalidating in-memory cache of /workspace/.gradle/8.6/checksums/sha1-checksums.bin
Invalidating in-memory cache of /workspace/.gradle/8.6/checksums/sha512-checksums.bin
Invalidating in-memory cache of /workspace/.gradle/caches/journal-1/file-access.bin
Invalidating in-memory cache of /workspace/.gradle/8.6/checksums/md5-checksums.bin
Invalidating in-memory cache of /workspace/.gradle/8.6/checksums/sha256-checksums.bin
Invalidating in-memory cache of /workspace/.gradle/8.6/checksums/sha1-checksums.bin
Invalidating in-memory cache of /workspace/.gradle/8.6/checksums/sha512-checksums.bin
Invalidating in-memory cache of /workspace/.gradle/caches/journal-1/file-access.bin
Transforming dvlib-31.4.0.jar (com.android.tools:dvlib:31.4.0) with ExternalDependencyInstrumentingArtifactTransform
Invalidating in-memory cache of /workspace/.gradle/8.6/checksums/md5-checksums.bin
Invalidating in-memory cache of /workspace/.gradle/8.6/checksums/sha256-checksums.bin
Invalidating in-memory cache of /workspace/.gradle/8.6/checksums/sha1-checksums.bin
Invalidating in-memory cache of /workspace/.gradle/8.6/checksums/sha512-checksums.bin
Invalidating in-memory cache of /workspace/.gradle/caches/journal-1/file-access.bin
Transforming jetifier-processor-1.0.0-beta10.jar (com.android.tools.build.jetifier:jetifier-processor:1.0.0-beta10) with ExternalDependencyInstrumentingArtifactTransform
Transforming jetifier-core-1.0.0-beta10.jar (com.android.tools.build.jetifier:jetifier-core:1.0.0-beta10) with ExternalDependencyInstrumentingArtifactTransform
Transforming kotlin-stdlib-jdk7-1.9.20.jar (org.jetbrains.kotlin:kotlin-stdlib-jdk7:1.9.20) with ExternalDependencyInstrumentingArtifactTransform
Transforming common-31.4.0.jar (com.android.tools:common:31.4.0) with ExternalDependencyInstrumentingArtifactTransform
Transforming kotlin-stdlib-jdk8-1.9.20.jar (org.jetbrains.kotlin:kotlin-stdlib-jdk8:1.9.20) with ExternalDependencyInstrumentingArtifactTransform
Transforming commons-io-2.13.0.jar (commons-io:commons-io:2.13.0) with ExternalDependencyInstrumentingArtifactTransform
Transforming asm-commons-9.6.jar (org.ow2.asm:asm-commons:9.6) with ExternalDependencyInstrumentingArtifactTransform
Transforming transform-api-2.0.0-deprecated-use-gradle-api.jar (com.android.tools.build:transform-api:2.0.0-deprecated-use-gradle-api) with ExternalDependencyInstrumentingArtifactTransform
Transforming databinding-compiler-common-8.4.0.jar (androidx.databinding:databinding-compiler-common:8.4.0) with ExternalDependencyInstrumentingArtifactTransform
Transforming httpmime-4.5.6.jar (org.apache.httpcomponents:httpmime:4.5.6) with ExternalDependencyInstrumentingArtifactTransform
Transforming aaptcompiler-8.4.0.jar (com.android.tools.build:aaptcompiler:8.4.0) with ExternalDependencyInstrumentingArtifactTransform
Invalidating in-memory cache of /workspace/.gradle/caches/8.6/fileHashes/fileHashes.bin
Invalidating in-memory cache of /workspace/.gradle/caches/8.6/fileHashes/resourceHashesCache.bin
Transforming asm-analysis-9.6.jar (org.ow2.asm:asm-analysis:9.6) with ExternalDependencyInstrumentingArtifactTransform
Transforming asm-util-9.6.jar (org.ow2.asm:asm-util:9.6) with ExternalDependencyInstrumentingArtifactTransform
Transforming asm-tree-9.6.jar (org.ow2.asm:asm-tree:9.6) with ExternalDependencyInstrumentingArtifactTransform
Downloading https://repo.maven.apache.org/maven2/io/grpc/grpc-protobuf/1.57.0/grpc-protobuf-1.57.0.jar to /workspace/.gradle/.tmp/gradle_download15495122535629823839bin
Downloading https://repo.maven.apache.org/maven2/com/google/protobuf/protobuf-java-util/3.22.3/protobuf-java-util-3.22.3.jar to /workspace/.gradle/.tmp/gradle_download315876163087442822bin
Invalidating in-memory cache of /workspace/.gradle/8.6/checksums/md5-checksums.bin
Invalidating in-memory cache of /workspace/.gradle/8.6/checksums/sha256-checksums.bin
Invalidating in-memory cache of /workspace/.gradle/8.6/checksums/sha1-checksums.bin
Invalidating in-memory cache of /workspace/.gradle/8.6/checksums/sha512-checksums.bin
Downloading https://repo.maven.apache.org/maven2/com/squareup/javapoet/1.10.0/javapoet-1.10.0.jar to /workspace/.gradle/.tmp/gradle_download2258767058131877539bin
Downloading https://repo.maven.apache.org/maven2/net/sf/jopt-simple/jopt-simple/4.9/jopt-simple-4.9.jar to /workspace/.gradle/.tmp/gradle_download7682999558967211735bin
Downloading https://repo.maven.apache.org/maven2/com/google/crypto/tink/tink/1.7.0/tink-1.7.0.jar to /workspace/.gradle/.tmp/gradle_download13454848698287102594bin
Downloading https://repo.maven.apache.org/maven2/org/ow2/asm/asm/9.6/asm-9.6.jar to /workspace/.gradle/.tmp/gradle_download9391956672524006803bin
Invalidating in-memory cache of /workspace/.gradle/caches/journal-1/file-access.bin
Transforming grpc-protobuf-1.57.0.jar (io.grpc:grpc-protobuf:1.57.0) with ExternalDependencyInstrumentingArtifactTransform
Transforming sdk-common-31.4.0.jar (com.android.tools:sdk-common:31.4.0) with ExternalDependencyInstrumentingArtifactTransform
Invalidating in-memory cache of /workspace/.gradle/caches/8.6/fileHashes/fileHashes.bin
Invalidating in-memory cache of /workspace/.gradle/caches/8.6/fileHashes/resourceHashesCache.bin
Downloading https://repo.maven.apache.org/maven2/org/glassfish/jaxb/jaxb-runtime/2.3.2/jaxb-runtime-2.3.2.jar to /workspace/.gradle/.tmp/gradle_download2265199005727178292bin
Downloading https://repo.maven.apache.org/maven2/org/bouncycastle/bcpkix-jdk18on/1.77/bcpkix-jdk18on-1.77.jar to /workspace/.gradle/.tmp/gradle_download11366008875558592059bin
Downloading https://dl.google.com/dl/android/maven2/com/android/tools/analytics-library/protos/31.4.0/protos-31.4.0.jar to /workspace/.gradle/.tmp/gradle_download6869742202381563061bin
Downloading https://repo.maven.apache.org/maven2/io/grpc/grpc-netty/1.57.0/grpc-netty-1.57.0.jar to /workspace/.gradle/.tmp/gradle_download3085706243603903954bin
Invalidating in-memory cache of /workspace/.gradle/8.6/checksums/md5-checksums.bin
Invalidating in-memory cache of /workspace/.gradle/8.6/checksums/sha256-checksums.bin
Invalidating in-memory cache of /workspace/.gradle/8.6/checksums/sha1-checksums.bin
Invalidating in-memory cache of /workspace/.gradle/8.6/checksums/sha512-checksums.bin
Invalidating in-memory cache of /workspace/.gradle/caches/journal-1/file-access.bin
Transforming protobuf-java-util-3.22.3.jar (com.google.protobuf:protobuf-java-util:3.22.3) with ExternalDependencyInstrumentingArtifactTransform
Invalidating in-memory cache of /workspace/.gradle/caches/8.6/fileHashes/fileHashes.bin
Invalidating in-memory cache of /workspace/.gradle/caches/8.6/fileHashes/resourceHashesCache.bin
Downloading https://dl.google.com/dl/android/maven2/com/android/tools/build/apkzlib/8.4.0/apkzlib-8.4.0.jar to /workspace/.gradle/.tmp/gradle_download13770677786201314263bin
Transforming asm-9.6.jar (org.ow2.asm:asm:9.6) with ExternalDependencyInstrumentingArtifactTransform
Downloading https://repo.maven.apache.org/maven2/com/google/code/gson/gson/2.10.1/gson-2.10.1.jar to /workspace/.gradle/.tmp/gradle_download13005569663441726474bin
Transforming jopt-simple-4.9.jar (net.sf.jopt-simple:jopt-simple:4.9) with ExternalDependencyInstrumentingArtifactTransform
Downloading https://repo.maven.apache.org/maven2/com/google/api/grpc/proto-google-common-protos/2.17.0/proto-google-common-protos-2.17.0.jar to /workspace/.gradle/.tmp/gradle_download11870261914677706860bin
Downloading https://repo.maven.apache.org/maven2/io/grpc/grpc-core/1.57.0/grpc-core-1.57.0.jar to /workspace/.gradle/.tmp/gradle_download10777838632219355135bin
Downloading https://repo.maven.apache.org/maven2/com/google/protobuf/protobuf-java/3.22.3/protobuf-java-3.22.3.jar to /workspace/.gradle/.tmp/gradle_download2517358514258250926bin
Downloading https://repo.maven.apache.org/maven2/io/grpc/grpc-stub/1.57.0/grpc-stub-1.57.0.jar to /workspace/.gradle/.tmp/gradle_download13172543905222806001bin
Downloading https://dl.google.com/dl/android/maven2/com/google/testing/platform/core-proto/0.0.9-alpha02/core-proto-0.0.9-alpha02.jar to /workspace/.gradle/.tmp/gradle_download10682166378161023889bin
Invalidating in-memory cache of /workspace/.gradle/8.6/checksums/md5-checksums.bin
Invalidating in-memory cache of /workspace/.gradle/8.6/checksums/sha256-checksums.bin
Invalidating in-memory cache of /workspace/.gradle/8.6/checksums/sha1-checksums.bin
Invalidating in-memory cache of /workspace/.gradle/8.6/checksums/sha512-checksums.bin
Invalidating in-memory cache of /workspace/.gradle/caches/journal-1/file-access.bin
Transforming grpc-stub-1.57.0.jar (io.grpc:grpc-stub:1.57.0) with ExternalDependencyInstrumentingArtifactTransform
Invalidating in-memory cache of /workspace/.gradle/caches/8.6/fileHashes/fileHashes.bin
Invalidating in-memory cache of /workspace/.gradle/caches/8.6/fileHashes/resourceHashesCache.bin
Transforming javapoet-1.10.0.jar (com.squareup:javapoet:1.10.0) with ExternalDependencyInstrumentingArtifactTransform
Transforming aapt2-proto-8.4.0-11315950.jar (com.android.tools.build:aapt2-proto:8.4.0-11315950) with ExternalDependencyInstrumentingArtifactTransform
Downloading https://repo.maven.apache.org/maven2/org/tensorflow/tensorflow-lite-metadata/0.1.0-rc2/tensorflow-lite-metadata-0.1.0-rc2.jar to /workspace/.gradle/.tmp/gradle_download16924249644066455262bin
Downloading https://repo.maven.apache.org/maven2/com/google/flatbuffers/flatbuffers-java/1.12.0/flatbuffers-java-1.12.0.jar to /workspace/.gradle/.tmp/gradle_download2758278480584309356bin
Downloading https://repo.maven.apache.org/maven2/net/sf/kxml/kxml2/2.3.0/kxml2-2.3.0.jar to /workspace/.gradle/.tmp/gradle_download7621095149726099254bin
Invalidating in-memory cache of /workspace/.gradle/8.6/checksums/md5-checksums.bin
Invalidating in-memory cache of /workspace/.gradle/8.6/checksums/sha256-checksums.bin
Invalidating in-memory cache of /workspace/.gradle/8.6/checksums/sha1-checksums.bin
Invalidating in-memory cache of /workspace/.gradle/8.6/checksums/sha512-checksums.bin
Invalidating in-memory cache of /workspace/.gradle/caches/journal-1/file-access.bin
Transforming kxml2-2.3.0.jar (net.sf.kxml:kxml2:2.3.0) with ExternalDependencyInstrumentingArtifactTransform
Invalidating in-memory cache of /workspace/.gradle/caches/8.6/fileHashes/fileHashes.bin
Invalidating in-memory cache of /workspace/.gradle/caches/8.6/fileHashes/resourceHashesCache.bin
Downloading https://repo.maven.apache.org/maven2/org/jetbrains/kotlin/kotlin-gradle-plugin-idea-proto/1.9.23/kotlin-gradle-plugin-idea-proto-1.9.23.jar to /workspace/.gradle/.tmp/gradle_download10881983299318603660bin
Invalidating in-memory cache of /workspace/.gradle/8.6/checksums/md5-checksums.bin
Invalidating in-memory cache of /workspace/.gradle/8.6/checksums/sha256-checksums.bin
Invalidating in-memory cache of /workspace/.gradle/8.6/checksums/sha1-checksums.bin
Invalidating in-memory cache of /workspace/.gradle/8.6/checksums/sha512-checksums.bin
Invalidating in-memory cache of /workspace/.gradle/caches/journal-1/file-access.bin
Transforming jaxb-runtime-2.3.2.jar (org.glassfish.jaxb:jaxb-runtime:2.3.2) with ExternalDependencyInstrumentingArtifactTransform
Transforming grpc-netty-1.57.0.jar (io.grpc:grpc-netty:1.57.0) with ExternalDependencyInstrumentingArtifactTransform
Transforming flatbuffers-java-1.12.0.jar (com.google.flatbuffers:flatbuffers-java:1.12.0) with ExternalDependencyInstrumentingArtifactTransform
Invalidating in-memory cache of /workspace/.gradle/8.6/checksums/md5-checksums.bin
Invalidating in-memory cache of /workspace/.gradle/8.6/checksums/sha256-checksums.bin
Invalidating in-memory cache of /workspace/.gradle/8.6/checksums/sha1-checksums.bin
Invalidating in-memory cache of /workspace/.gradle/8.6/checksums/sha512-checksums.bin
Invalidating in-memory cache of /workspace/.gradle/caches/journal-1/file-access.bin
Downloading https://repo.maven.apache.org/maven2/org/jetbrains/kotlin/kotlin-gradle-plugin-idea/1.9.23/kotlin-gradle-plugin-idea-1.9.23.jar to /workspace/.gradle/.tmp/gradle_download3555913376170168991bin
Invalidating in-memory cache of /workspace/.gradle/8.6/checksums/md5-checksums.bin
Invalidating in-memory cache of /workspace/.gradle/8.6/checksums/sha256-checksums.bin
Invalidating in-memory cache of /workspace/.gradle/8.6/checksums/sha1-checksums.bin
Invalidating in-memory cache of /workspace/.gradle/8.6/checksums/sha512-checksums.bin
Invalidating in-memory cache of /workspace/.gradle/caches/journal-1/file-access.bin
Transforming gson-2.10.1.jar (com.google.code.gson:gson:2.10.1) with ExternalDependencyInstrumentingArtifactTransform
Transforming apkzlib-8.4.0.jar (com.android.tools.build:apkzlib:8.4.0) with ExternalDependencyInstrumentingArtifactTransform
Downloading https://repo.maven.apache.org/maven2/org/jetbrains/kotlin/kotlin-klib-commonizer-api/1.9.23/kotlin-klib-commonizer-api-1.9.23.jar to /workspace/.gradle/.tmp/gradle_download7602877695186469366bin
Invalidating in-memory cache of /workspace/.gradle/caches/8.6/fileHashes/fileHashes.bin
Invalidating in-memory cache of /workspace/.gradle/caches/8.6/fileHashes/resourceHashesCache.bin
Invalidating in-memory cache of /workspace/.gradle/caches/journal-1/file-access.bin
Transforming kotlin-klib-commonizer-api-1.9.23.jar (org.jetbrains.kotlin:kotlin-klib-commonizer-api:1.9.23) with ExternalDependencyInstrumentingArtifactTransform
Downloading https://repo.maven.apache.org/maven2/org/jetbrains/kotlin/kotlin-native-utils/1.9.23/kotlin-native-utils-1.9.23.jar to /workspace/.gradle/.tmp/gradle_download8789872698928554141bin
Downloading https://repo.maven.apache.org/maven2/org/jetbrains/kotlin/kotlin-android-extensions/1.9.23/kotlin-android-extensions-1.9.23.jar to /workspace/.gradle/.tmp/gradle_download6983630481627848169bin
Downloading https://repo.maven.apache.org/maven2/org/jetbrains/kotlin/kotlin-build-tools-api/1.9.23/kotlin-build-tools-api-1.9.23.jar to /workspace/.gradle/.tmp/gradle_download2924083122091146098bin
Downloading https://repo.maven.apache.org/maven2/org/jetbrains/kotlin/kotlin-util-klib/1.9.23/kotlin-util-klib-1.9.23.jar to /workspace/.gradle/.tmp/gradle_download8597925652582476463bin
Transforming kotlin-build-tools-api-1.9.23.jar (org.jetbrains.kotlin:kotlin-build-tools-api:1.9.23) with ExternalDependencyInstrumentingArtifactTransform
Transforming tensorflow-lite-metadata-0.1.0-rc2.jar (org.tensorflow:tensorflow-lite-metadata:0.1.0-rc2) with ExternalDependencyInstrumentingArtifactTransform
Transforming kotlin-gradle-plugin-idea-1.9.23.jar (org.jetbrains.kotlin:kotlin-gradle-plugin-idea:1.9.23) with ExternalDependencyInstrumentingArtifactTransform
Downloading https://repo.maven.apache.org/maven2/org/jetbrains/kotlin/kotlin-compiler-runner/1.9.23/kotlin-compiler-runner-1.9.23.jar to /workspace/.gradle/.tmp/gradle_download13939484515042508252bin
Invalidating in-memory cache of /workspace/.gradle/8.6/checksums/md5-checksums.bin
Invalidating in-memory cache of /workspace/.gradle/8.6/checksums/sha256-checksums.bin
Invalidating in-memory cache of /workspace/.gradle/8.6/checksums/sha1-checksums.bin
Invalidating in-memory cache of /workspace/.gradle/8.6/checksums/sha512-checksums.bin
Invalidating in-memory cache of /workspace/.gradle/caches/journal-1/file-access.bin
Transforming kotlin-compiler-runner-1.9.23.jar (org.jetbrains.kotlin:kotlin-compiler-runner:1.9.23) with ExternalDependencyInstrumentingArtifactTransform
Invalidating in-memory cache of /workspace/.gradle/caches/8.6/fileHashes/fileHashes.bin
Invalidating in-memory cache of /workspace/.gradle/caches/8.6/fileHashes/resourceHashesCache.bin
Invalidating in-memory cache of /workspace/.gradle/caches/journal-1/file-access.bin
Downloading https://repo.maven.apache.org/maven2/org/jetbrains/kotlin/kotlin-compiler-embeddable/1.9.23/kotlin-compiler-embeddable-1.9.23.jar to /workspace/.gradle/.tmp/gradle_download1306479719388288631bin
Invalidating in-memory cache of /workspace/.gradle/caches/8.6/fileHashes/fileHashes.bin
Invalidating in-memory cache of /workspace/.gradle/caches/8.6/fileHashes/resourceHashesCache.bin
Downloading https://repo.maven.apache.org/maven2/org/jetbrains/kotlin/kotlin-scripting-compiler-embeddable/1.9.23/kotlin-scripting-compiler-embeddable-1.9.23.jar to /workspace/.gradle/.tmp/gradle_download5533774807894529058bin
Downloading https://repo.maven.apache.org/maven2/org/jetbrains/kotlin/kotlin-scripting-compiler-impl-embeddable/1.9.23/kotlin-scripting-compiler-impl-embeddable-1.9.23.jar to /workspace/.gradle/.tmp/gradle_download1300596697108707583bin
Invalidating in-memory cache of /workspace/.gradle/8.6/checksums/md5-checksums.bin
Invalidating in-memory cache of /workspace/.gradle/8.6/checksums/sha256-checksums.bin
Invalidating in-memory cache of /workspace/.gradle/8.6/checksums/sha1-checksums.bin
Invalidating in-memory cache of /workspace/.gradle/8.6/checksums/sha512-checksums.bin
Invalidating in-memory cache of /workspace/.gradle/caches/journal-1/file-access.bin
Transforming kotlin-native-utils-1.9.23.jar (org.jetbrains.kotlin:kotlin-native-utils:1.9.23) with ExternalDependencyInstrumentingArtifactTransform
Invalidating in-memory cache of /workspace/.gradle/caches/8.6/fileHashes/fileHashes.bin
Invalidating in-memory cache of /workspace/.gradle/caches/8.6/fileHashes/resourceHashesCache.bin
Downloading https://repo.maven.apache.org/maven2/com/google/jimfs/jimfs/1.1/jimfs-1.1.jar to /workspace/.gradle/.tmp/gradle_download3673015819565492634bin
Transforming kotlin-util-klib-1.9.23.jar (org.jetbrains.kotlin:kotlin-util-klib:1.9.23) with ExternalDependencyInstrumentingArtifactTransform
Downloading https://repo.maven.apache.org/maven2/io/grpc/grpc-context/1.57.0/grpc-context-1.57.0.jar to /workspace/.gradle/.tmp/gradle_download11977944595172423782bin
Transforming grpc-context-1.57.0.jar (io.grpc:grpc-context:1.57.0) with ExternalDependencyInstrumentingArtifactTransform
Transforming kotlin-stdlib-1.9.20.jar (org.jetbrains.kotlin:kotlin-stdlib:1.9.20) with ExternalDependencyInstrumentingArtifactTransform
Downloading https://repo.maven.apache.org/maven2/io/grpc/grpc-protobuf-lite/1.57.0/grpc-protobuf-lite-1.57.0.jar to /workspace/.gradle/.tmp/gradle_download5741152084537208274bin
Transforming grpc-protobuf-lite-1.57.0.jar (io.grpc:grpc-protobuf-lite:1.57.0) with ExternalDependencyInstrumentingArtifactTransform
Transforming bcpkix-jdk18on-1.77.jar (org.bouncycastle:bcpkix-jdk18on:1.77) with ExternalDependencyInstrumentingArtifactTransform
Transforming kotlin-scripting-compiler-impl-embeddable-1.9.23.jar (org.jetbrains.kotlin:kotlin-scripting-compiler-impl-embeddable:1.9.23) with ExternalDependencyInstrumentingArtifactTransform
Transforming core-proto-0.0.9-alpha02.jar (com.google.testing.platform:core-proto:0.0.9-alpha02) with ExternalDependencyInstrumentingArtifactTransform
Downloading https://repo.maven.apache.org/maven2/io/grpc/grpc-api/1.57.0/grpc-api-1.57.0.jar to /workspace/.gradle/.tmp/gradle_download16375248901630905855bin
Transforming jimfs-1.1.jar (com.google.jimfs:jimfs:1.1) with ExternalDependencyInstrumentingArtifactTransform
Downloading https://repo.maven.apache.org/maven2/com/google/guava/guava/32.0.1-jre/guava-32.0.1-jre.jar to /workspace/.gradle/.tmp/gradle_download9574681300552862544bin
Downloading https://repo.maven.apache.org/maven2/javax/inject/javax.inject/1/javax.inject-1.jar to /workspace/.gradle/.tmp/gradle_download16036104488873856096bin
Transforming javax.inject-1.jar (javax.inject:javax.inject:1) with ExternalDependencyInstrumentingArtifactTransform
Downloading https://repo.maven.apache.org/maven2/com/google/dagger/dagger/2.28.3/dagger-2.28.3.jar to /workspace/.gradle/.tmp/gradle_download1282655044652428337bin
Invalidating in-memory cache of /workspace/.gradle/8.6/checksums/md5-checksums.bin
Invalidating in-memory cache of /workspace/.gradle/8.6/checksums/sha256-checksums.bin
Invalidating in-memory cache of /workspace/.gradle/8.6/checksums/sha1-checksums.bin
Invalidating in-memory cache of /workspace/.gradle/8.6/checksums/sha512-checksums.bin
Invalidating in-memory cache of /workspace/.gradle/caches/journal-1/file-access.bin
Transforming dagger-2.28.3.jar (com.google.dagger:dagger:2.28.3) with ExternalDependencyInstrumentingArtifactTransform
Invalidating in-memory cache of /workspace/.gradle/caches/8.6/fileHashes/fileHashes.bin
Invalidating in-memory cache of /workspace/.gradle/caches/8.6/fileHashes/resourceHashesCache.bin
Downloading https://repo.maven.apache.org/maven2/org/jetbrains/intellij/deps/trove4j/1.0.20200330/trove4j-1.0.20200330.jar to /workspace/.gradle/.tmp/gradle_download6572369104456426767bin
Downloading https://repo.maven.apache.org/maven2/org/bouncycastle/bcprov-jdk18on/1.77/bcprov-jdk18on-1.77.jar to /workspace/.gradle/.tmp/gradle_download8520170794650069264bin
Invalidating in-memory cache of /workspace/.gradle/8.6/checksums/md5-checksums.bin
Invalidating in-memory cache of /workspace/.gradle/8.6/checksums/sha256-checksums.bin
Invalidating in-memory cache of /workspace/.gradle/8.6/checksums/sha1-checksums.bin
Invalidating in-memory cache of /workspace/.gradle/8.6/checksums/sha512-checksums.bin
Invalidating in-memory cache of /workspace/.gradle/caches/journal-1/file-access.bin
Transforming grpc-core-1.57.0.jar (io.grpc:grpc-core:1.57.0) with ExternalDependencyInstrumentingArtifactTransform
Invalidating in-memory cache of /workspace/.gradle/caches/8.6/fileHashes/fileHashes.bin
Invalidating in-memory cache of /workspace/.gradle/caches/8.6/fileHashes/resourceHashesCache.bin
Downloading https://repo.maven.apache.org/maven2/org/apache/commons/commons-compress/1.21/commons-compress-1.21.jar to /workspace/.gradle/.tmp/gradle_download14879217916632796711bin
Invalidating in-memory cache of /workspace/.gradle/8.6/checksums/md5-checksums.bin
Invalidating in-memory cache of /workspace/.gradle/8.6/checksums/sha256-checksums.bin
Invalidating in-memory cache of /workspace/.gradle/8.6/checksums/sha1-checksums.bin
Invalidating in-memory cache of /workspace/.gradle/8.6/checksums/sha512-checksums.bin
Invalidating in-memory cache of /workspace/.gradle/caches/journal-1/file-access.bin
Transforming kotlin-scripting-compiler-embeddable-1.9.23.jar (org.jetbrains.kotlin:kotlin-scripting-compiler-embeddable:1.9.23) with ExternalDependencyInstrumentingArtifactTransform
Invalidating in-memory cache of /workspace/.gradle/caches/8.6/fileHashes/fileHashes.bin
Invalidating in-memory cache of /workspace/.gradle/caches/8.6/fileHashes/resourceHashesCache.bin
Transforming grpc-api-1.57.0.jar (io.grpc:grpc-api:1.57.0) with ExternalDependencyInstrumentingArtifactTransform
Transforming tink-1.7.0.jar (com.google.crypto.tink:tink:1.7.0) with ExternalDependencyInstrumentingArtifactTransform
Invalidating in-memory cache of /workspace/.gradle/caches/journal-1/file-access.bin
Downloading https://repo.maven.apache.org/maven2/org/apache/httpcomponents/httpclient/4.5.14/httpclient-4.5.14.jar to /workspace/.gradle/.tmp/gradle_download7801268562520325447bin
Invalidating in-memory cache of /workspace/.gradle/caches/8.6/fileHashes/fileHashes.bin
Invalidating in-memory cache of /workspace/.gradle/caches/8.6/fileHashes/resourceHashesCache.bin
Downloading https://repo.maven.apache.org/maven2/com/sun/activation/javax.activation/1.2.0/javax.activation-1.2.0.jar to /workspace/.gradle/.tmp/gradle_download3229873912139727258bin
Downloading https://repo.maven.apache.org/maven2/org/apache/httpcomponents/httpcore/4.4.16/httpcore-4.4.16.jar to /workspace/.gradle/.tmp/gradle_download6702437817982496204bin
Invalidating in-memory cache of /workspace/.gradle/8.6/checksums/md5-checksums.bin
Invalidating in-memory cache of /workspace/.gradle/8.6/checksums/sha256-checksums.bin
Invalidating in-memory cache of /workspace/.gradle/8.6/checksums/sha1-checksums.bin
Invalidating in-memory cache of /workspace/.gradle/8.6/checksums/sha512-checksums.bin
Invalidating in-memory cache of /workspace/.gradle/caches/journal-1/file-access.bin
Transforming protobuf-java-3.22.3.jar (com.google.protobuf:protobuf-java:3.22.3) with ExternalDependencyInstrumentingArtifactTransform
Downloading https://repo.maven.apache.org/maven2/org/jetbrains/annotations/23.0.0/annotations-23.0.0.jar to /workspace/.gradle/.tmp/gradle_download1196478790310199456bin
Transforming annotations-23.0.0.jar (org.jetbrains:annotations:23.0.0) with ExternalDependencyInstrumentingArtifactTransform
Downloading https://repo.maven.apache.org/maven2/org/bouncycastle/bcutil-jdk18on/1.77/bcutil-jdk18on-1.77.jar to /workspace/.gradle/.tmp/gradle_download7567039941816910935bin
Invalidating in-memory cache of /workspace/.gradle/8.6/checksums/md5-checksums.bin
Invalidating in-memory cache of /workspace/.gradle/8.6/checksums/sha256-checksums.bin
Invalidating in-memory cache of /workspace/.gradle/8.6/checksums/sha1-checksums.bin
Invalidating in-memory cache of /workspace/.gradle/8.6/checksums/sha512-checksums.bin
Invalidating in-memory cache of /workspace/.gradle/caches/journal-1/file-access.bin
Transforming javax.activation-1.2.0.jar (com.sun.activation:javax.activation:1.2.0) with ExternalDependencyInstrumentingArtifactTransform
Transforming proto-google-common-protos-2.17.0.jar (com.google.api.grpc:proto-google-common-protos:2.17.0) with ExternalDependencyInstrumentingArtifactTransform
Downloading https://dl.google.com/dl/android/maven2/com/android/signflinger/8.4.0/signflinger-8.4.0.jar to /workspace/.gradle/.tmp/gradle_download6227875331049736111bin
Invalidating in-memory cache of /workspace/.gradle/8.6/checksums/md5-checksums.bin
Invalidating in-memory cache of /workspace/.gradle/8.6/checksums/sha256-checksums.bin
Invalidating in-memory cache of /workspace/.gradle/8.6/checksums/sha1-checksums.bin
Invalidating in-memory cache of /workspace/.gradle/8.6/checksums/sha512-checksums.bin
Downloading https://dl.google.com/dl/android/maven2/com/android/tools/annotations/31.4.0/annotations-31.4.0.jar to /workspace/.gradle/.tmp/gradle_download12960008456738256389bin
Invalidating in-memory cache of /workspace/.gradle/caches/journal-1/file-access.bin
Invalidating in-memory cache of /workspace/.gradle/8.6/checksums/md5-checksums.bin
Invalidating in-memory cache of /workspace/.gradle/8.6/checksums/sha256-checksums.bin
Invalidating in-memory cache of /workspace/.gradle/8.6/checksums/sha1-checksums.bin
Invalidating in-memory cache of /workspace/.gradle/8.6/checksums/sha512-checksums.bin
Invalidating in-memory cache of /workspace/.gradle/caches/journal-1/file-access.bin
Downloading https://dl.google.com/dl/android/maven2/com/android/zipflinger/8.4.0/zipflinger-8.4.0.jar to /workspace/.gradle/.tmp/gradle_download9074117573918231404bin
Transforming signflinger-8.4.0.jar (com.android:signflinger:8.4.0) with ExternalDependencyInstrumentingArtifactTransform
Transforming annotations-31.4.0.jar (com.android.tools:annotations:31.4.0) with ExternalDependencyInstrumentingArtifactTransform
Transforming trove4j-1.0.20200330.jar (org.jetbrains.intellij.deps:trove4j:1.0.20200330) with ExternalDependencyInstrumentingArtifactTransform
Invalidating in-memory cache of /workspace/.gradle/caches/8.6/fileHashes/fileHashes.bin
Invalidating in-memory cache of /workspace/.gradle/caches/8.6/fileHashes/resourceHashesCache.bin
Downloading https://repo.maven.apache.org/maven2/net/java/dev/jna/jna-platform/5.6.0/jna-platform-5.6.0.jar to /workspace/.gradle/.tmp/gradle_download11716068577541134101bin
Invalidating in-memory cache of /workspace/.gradle/caches/journal-1/file-access.bin
Downloading https://repo.maven.apache.org/maven2/org/jvnet/staxex/stax-ex/1.8.1/stax-ex-1.8.1.jar to /workspace/.gradle/.tmp/gradle_download2672495461297052006bin
Transforming zipflinger-8.4.0.jar (com.android:zipflinger:8.4.0) with ExternalDependencyInstrumentingArtifactTransform
Downloading https://repo.maven.apache.org/maven2/javax/annotation/javax.annotation-api/1.3.2/javax.annotation-api-1.3.2.jar to /workspace/.gradle/.tmp/gradle_download16983910286727019055bin
Transforming javax.annotation-api-1.3.2.jar (javax.annotation:javax.annotation-api:1.3.2) with ExternalDependencyInstrumentingArtifactTransform
Transforming httpcore-4.4.16.jar (org.apache.httpcomponents:httpcore:4.4.16) with ExternalDependencyInstrumentingArtifactTransform
Invalidating in-memory cache of /workspace/.gradle/caches/8.6/fileHashes/fileHashes.bin
Invalidating in-memory cache of /workspace/.gradle/caches/8.6/fileHashes/resourceHashesCache.bin
Downloading https://repo.maven.apache.org/maven2/com/googlecode/juniversalchardet/juniversalchardet/1.0.3/juniversalchardet-1.0.3.jar to /workspace/.gradle/.tmp/gradle_download10051428378277724645bin
Invalidating in-memory cache of /workspace/.gradle/caches/journal-1/file-access.bin
Transforming stax-ex-1.8.1.jar (org.jvnet.staxex:stax-ex:1.8.1) with ExternalDependencyInstrumentingArtifactTransform
Invalidating in-memory cache of /workspace/.gradle/caches/8.6/fileHashes/fileHashes.bin
Invalidating in-memory cache of /workspace/.gradle/caches/8.6/fileHashes/resourceHashesCache.bin
Downloading https://repo.maven.apache.org/maven2/com/sun/istack/istack-commons-runtime/3.0.8/istack-commons-runtime-3.0.8.jar to /workspace/.gradle/.tmp/gradle_download5199344844860275254bin
Transforming istack-commons-runtime-3.0.8.jar (com.sun.istack:istack-commons-runtime:3.0.8) with ExternalDependencyInstrumentingArtifactTransform
Transforming bcutil-jdk18on-1.77.jar (org.bouncycastle:bcutil-jdk18on:1.77) with ExternalDependencyInstrumentingArtifactTransform
Downloading https://repo.maven.apache.org/maven2/com/sun/xml/fastinfoset/FastInfoset/1.2.16/FastInfoset-1.2.16.jar to /workspace/.gradle/.tmp/gradle_download14827374128694155620bin
Downloading https://repo.maven.apache.org/maven2/jakarta/xml/bind/jakarta.xml.bind-api/2.3.2/jakarta.xml.bind-api-2.3.2.jar to /workspace/.gradle/.tmp/gradle_download7474958999536586445bin
Downloading https://repo.maven.apache.org/maven2/org/glassfish/jaxb/txw2/2.3.2/txw2-2.3.2.jar to /workspace/.gradle/.tmp/gradle_download11517894732469167966bin
Invalidating in-memory cache of /workspace/.gradle/8.6/checksums/md5-checksums.bin
Invalidating in-memory cache of /workspace/.gradle/8.6/checksums/sha256-checksums.bin
Invalidating in-memory cache of /workspace/.gradle/8.6/checksums/sha1-checksums.bin
Invalidating in-memory cache of /workspace/.gradle/8.6/checksums/sha512-checksums.bin
Invalidating in-memory cache of /workspace/.gradle/caches/journal-1/file-access.bin
Transforming txw2-2.3.2.jar (org.glassfish.jaxb:txw2:2.3.2) with ExternalDependencyInstrumentingArtifactTransform
Invalidating in-memory cache of /workspace/.gradle/caches/8.6/fileHashes/fileHashes.bin
Invalidating in-memory cache of /workspace/.gradle/caches/8.6/fileHashes/resourceHashesCache.bin
Transforming juniversalchardet-1.0.3.jar (com.googlecode.juniversalchardet:juniversalchardet:1.0.3) with ExternalDependencyInstrumentingArtifactTransform
Downloading https://repo.maven.apache.org/maven2/jakarta/activation/jakarta.activation-api/1.2.1/jakarta.activation-api-1.2.1.jar to /workspace/.gradle/.tmp/gradle_download12966713345508201465bin
Invalidating in-memory cache of /workspace/.gradle/8.6/checksums/md5-checksums.bin
Invalidating in-memory cache of /workspace/.gradle/8.6/checksums/sha256-checksums.bin
Invalidating in-memory cache of /workspace/.gradle/8.6/checksums/sha1-checksums.bin
Invalidating in-memory cache of /workspace/.gradle/8.6/checksums/sha512-checksums.bin
Invalidating in-memory cache of /workspace/.gradle/caches/journal-1/file-access.bin
Transforming jakarta.xml.bind-api-2.3.2.jar (jakarta.xml.bind:jakarta.xml.bind-api:2.3.2) with ExternalDependencyInstrumentingArtifactTransform
Invalidating in-memory cache of /workspace/.gradle/caches/8.6/fileHashes/fileHashes.bin
Invalidating in-memory cache of /workspace/.gradle/caches/8.6/fileHashes/resourceHashesCache.bin
Downloading https://repo.maven.apache.org/maven2/com/google/errorprone/error_prone_annotations/2.18.0/error_prone_annotations-2.18.0.jar to /workspace/.gradle/.tmp/gradle_download1075140446192772803bin
Transforming error_prone_annotations-2.18.0.jar (com.google.errorprone:error_prone_annotations:2.18.0) with ExternalDependencyInstrumentingArtifactTransform
Downloading https://repo.maven.apache.org/maven2/org/bitbucket/b_c/jose4j/0.7.0/jose4j-0.7.0.jar to /workspace/.gradle/.tmp/gradle_download11818023190251871800bin
Downloading https://repo.maven.apache.org/maven2/com/google/auto/value/auto-value-annotations/1.6.2/auto-value-annotations-1.6.2.jar to /workspace/.gradle/.tmp/gradle_download11718120538792297973bin
Invalidating in-memory cache of /workspace/.gradle/8.6/checksums/md5-checksums.bin
Invalidating in-memory cache of /workspace/.gradle/8.6/checksums/sha256-checksums.bin
Invalidating in-memory cache of /workspace/.gradle/8.6/checksums/sha1-checksums.bin
Invalidating in-memory cache of /workspace/.gradle/8.6/checksums/sha512-checksums.bin
Invalidating in-memory cache of /workspace/.gradle/caches/journal-1/file-access.bin
Transforming auto-value-annotations-1.6.2.jar (com.google.auto.value:auto-value-annotations:1.6.2) with ExternalDependencyInstrumentingArtifactTransform
Invalidating in-memory cache of /workspace/.gradle/caches/8.6/fileHashes/fileHashes.bin
Invalidating in-memory cache of /workspace/.gradle/caches/8.6/fileHashes/resourceHashesCache.bin
Transforming jakarta.activation-api-1.2.1.jar (jakarta.activation:jakarta.activation-api:1.2.1) with ExternalDependencyInstrumentingArtifactTransform
Downloading https://repo.maven.apache.org/maven2/org/slf4j/slf4j-api/1.7.30/slf4j-api-1.7.30.jar to /workspace/.gradle/.tmp/gradle_download2212173653405024357bin
Transforming slf4j-api-1.7.30.jar (org.slf4j:slf4j-api:1.7.30) with ExternalDependencyInstrumentingArtifactTransform
Downloading https://repo.maven.apache.org/maven2/com/google/code/findbugs/jsr305/3.0.2/jsr305-3.0.2.jar to /workspace/.gradle/.tmp/gradle_download6709498879523189787bin
Transforming jsr305-3.0.2.jar (com.google.code.findbugs:jsr305:3.0.2) with ExternalDependencyInstrumentingArtifactTransform
Downloading https://repo.maven.apache.org/maven2/com/google/j2objc/j2objc-annotations/2.8/j2objc-annotations-2.8.jar to /workspace/.gradle/.tmp/gradle_download2207162131268227948bin
Downloading https://repo.maven.apache.org/maven2/com/google/android/annotations/4.1.1.4/annotations-4.1.1.4.jar to /workspace/.gradle/.tmp/gradle_download12358207667464387072bin
Downloading https://repo.maven.apache.org/maven2/org/jdom/jdom2/2.0.6/jdom2-2.0.6.jar to /workspace/.gradle/.tmp/gradle_download9290753561206493722bin
Downloading https://repo.maven.apache.org/maven2/org/codehaus/mojo/animal-sniffer-annotations/1.23/animal-sniffer-annotations-1.23.jar to /workspace/.gradle/.tmp/gradle_download10716304598993495612bin
Invalidating in-memory cache of /workspace/.gradle/8.6/checksums/md5-checksums.bin
Invalidating in-memory cache of /workspace/.gradle/8.6/checksums/sha256-checksums.bin
Invalidating in-memory cache of /workspace/.gradle/8.6/checksums/sha1-checksums.bin
Invalidating in-memory cache of /workspace/.gradle/8.6/checksums/sha512-checksums.bin
Invalidating in-memory cache of /workspace/.gradle/caches/journal-1/file-access.bin
Invalidating in-memory cache of /workspace/.gradle/8.6/checksums/md5-checksums.bin
Invalidating in-memory cache of /workspace/.gradle/8.6/checksums/sha256-checksums.bin
Invalidating in-memory cache of /workspace/.gradle/8.6/checksums/sha1-checksums.bin
Invalidating in-memory cache of /workspace/.gradle/8.6/checksums/sha512-checksums.bin
Invalidating in-memory cache of /workspace/.gradle/caches/journal-1/file-access.bin
Transforming FastInfoset-1.2.16.jar (com.sun.xml.fastinfoset:FastInfoset:1.2.16) with ExternalDependencyInstrumentingArtifactTransform
Transforming animal-sniffer-annotations-1.23.jar (org.codehaus.mojo:animal-sniffer-annotations:1.23) with ExternalDependencyInstrumentingArtifactTransform
Invalidating in-memory cache of /workspace/.gradle/caches/8.6/fileHashes/fileHashes.bin
Invalidating in-memory cache of /workspace/.gradle/caches/8.6/fileHashes/resourceHashesCache.bin
Transforming j2objc-annotations-2.8.jar (com.google.j2objc:j2objc-annotations:2.8) with ExternalDependencyInstrumentingArtifactTransform
Transforming guava-32.0.1-jre.jar (com.google.guava:guava:32.0.1-jre) with ExternalDependencyInstrumentingArtifactTransform
Transforming jose4j-0.7.0.jar (org.bitbucket.b_c:jose4j:0.7.0) with ExternalDependencyInstrumentingArtifactTransform
Transforming commons-compress-1.21.jar (org.apache.commons:commons-compress:1.21) with ExternalDependencyInstrumentingArtifactTransform
Transforming annotations-4.1.1.4.jar (com.google.android:annotations:4.1.1.4) with ExternalDependencyInstrumentingArtifactTransform
Downloading https://repo.maven.apache.org/maven2/io/netty/netty-handler-proxy/4.1.93.Final/netty-handler-proxy-4.1.93.Final.jar to /workspace/.gradle/.tmp/gradle_download559210263140245309bin
Invalidating in-memory cache of /workspace/.gradle/8.6/checksums/md5-checksums.bin
Invalidating in-memory cache of /workspace/.gradle/8.6/checksums/sha256-checksums.bin
Invalidating in-memory cache of /workspace/.gradle/8.6/checksums/sha1-checksums.bin
Invalidating in-memory cache of /workspace/.gradle/8.6/checksums/sha512-checksums.bin
Downloading https://repo.maven.apache.org/maven2/io/perfmark/perfmark-api/0.26.0/perfmark-api-0.26.0.jar to /workspace/.gradle/.tmp/gradle_download6486195852734122915bin
Downloading https://repo.maven.apache.org/maven2/io/netty/netty-codec-http2/4.1.93.Final/netty-codec-http2-4.1.93.Final.jar to /workspace/.gradle/.tmp/gradle_download9938353177723056093bin
Invalidating in-memory cache of /workspace/.gradle/caches/journal-1/file-access.bin
Transforming kotlin-gradle-plugin-idea-proto-1.9.23.jar (org.jetbrains.kotlin:kotlin-gradle-plugin-idea-proto:1.9.23) with ExternalDependencyInstrumentingArtifactTransform
Transforming netty-handler-proxy-4.1.93.Final.jar (io.netty:netty-handler-proxy:4.1.93.Final) with ExternalDependencyInstrumentingArtifactTransform
Transforming perfmark-api-0.26.0.jar (io.perfmark:perfmark-api:0.26.0) with ExternalDependencyInstrumentingArtifactTransform
Downloading https://repo.maven.apache.org/maven2/io/netty/netty-codec-http/4.1.93.Final/netty-codec-http-4.1.93.Final.jar to /workspace/.gradle/.tmp/gradle_download13842845920308120184bin
Downloading https://repo.maven.apache.org/maven2/io/netty/netty-handler/4.1.93.Final/netty-handler-4.1.93.Final.jar to /workspace/.gradle/.tmp/gradle_download3690067527413625196bin
Downloading https://repo.maven.apache.org/maven2/io/netty/netty-transport-native-unix-common/4.1.93.Final/netty-transport-native-unix-common-4.1.93.Final.jar to /workspace/.gradle/.tmp/gradle_download8165039547372571762bin
Invalidating in-memory cache of /workspace/.gradle/8.6/checksums/md5-checksums.bin
Invalidating in-memory cache of /workspace/.gradle/8.6/checksums/sha256-checksums.bin
Invalidating in-memory cache of /workspace/.gradle/8.6/checksums/sha1-checksums.bin
Invalidating in-memory cache of /workspace/.gradle/8.6/checksums/sha512-checksums.bin
Invalidating in-memory cache of /workspace/.gradle/caches/journal-1/file-access.bin
Transforming netty-transport-native-unix-common-4.1.93.Final.jar (io.netty:netty-transport-native-unix-common:4.1.93.Final) with ExternalDependencyInstrumentingArtifactTransform
Invalidating in-memory cache of /workspace/.gradle/caches/8.6/fileHashes/fileHashes.bin
Invalidating in-memory cache of /workspace/.gradle/caches/8.6/fileHashes/resourceHashesCache.bin
Downloading https://repo.maven.apache.org/maven2/commons-codec/commons-codec/1.11/commons-codec-1.11.jar to /workspace/.gradle/.tmp/gradle_download17471886313919189708bin
Downloading https://repo.maven.apache.org/maven2/org/jetbrains/kotlin/kotlin-gradle-plugin-annotations/1.9.23/kotlin-gradle-plugin-annotations-1.9.23.jar to /workspace/.gradle/.tmp/gradle_download4672130788698284995bin
Transforming kotlin-gradle-plugin-annotations-1.9.23.jar (org.jetbrains.kotlin:kotlin-gradle-plugin-annotations:1.9.23) with ExternalDependencyInstrumentingArtifactTransform
Downloading https://dl.google.com/dl/android/maven2/com/android/tools/build/apksig/8.4.0/apksig-8.4.0.jar to /workspace/.gradle/.tmp/gradle_download13313578475976587174bin
Downloading https://repo.maven.apache.org/maven2/com/squareup/javawriter/2.5.0/javawriter-2.5.0.jar to /workspace/.gradle/.tmp/gradle_download15951981375090577442bin
Invalidating in-memory cache of /workspace/.gradle/8.6/checksums/md5-checksums.bin
Invalidating in-memory cache of /workspace/.gradle/8.6/checksums/sha256-checksums.bin
Invalidating in-memory cache of /workspace/.gradle/8.6/checksums/sha1-checksums.bin
Invalidating in-memory cache of /workspace/.gradle/8.6/checksums/sha512-checksums.bin
Invalidating in-memory cache of /workspace/.gradle/caches/journal-1/file-access.bin
Transforming javawriter-2.5.0.jar (com.squareup:javawriter:2.5.0) with ExternalDependencyInstrumentingArtifactTransform
Invalidating in-memory cache of /workspace/.gradle/caches/8.6/fileHashes/fileHashes.bin
Invalidating in-memory cache of /workspace/.gradle/caches/8.6/fileHashes/resourceHashesCache.bin
Downloading https://repo.maven.apache.org/maven2/org/jetbrains/kotlin/kotlin-project-model/1.9.23/kotlin-project-model-1.9.23.jar to /workspace/.gradle/.tmp/gradle_download14977176883819835808bin
Downloading https://repo.maven.apache.org/maven2/org/checkerframework/checker-qual/3.33.0/checker-qual-3.33.0.jar to /workspace/.gradle/.tmp/gradle_download13169078076087238559bin
Invalidating in-memory cache of /workspace/.gradle/8.6/checksums/md5-checksums.bin
Invalidating in-memory cache of /workspace/.gradle/8.6/checksums/sha256-checksums.bin
Invalidating in-memory cache of /workspace/.gradle/8.6/checksums/sha1-checksums.bin
Invalidating in-memory cache of /workspace/.gradle/8.6/checksums/sha512-checksums.bin
Invalidating in-memory cache of /workspace/.gradle/caches/journal-1/file-access.bin
Transforming httpclient-4.5.14.jar (org.apache.httpcomponents:httpclient:4.5.14) with ExternalDependencyInstrumentingArtifactTransform
Invalidating in-memory cache of /workspace/.gradle/caches/8.6/fileHashes/fileHashes.bin
Invalidating in-memory cache of /workspace/.gradle/caches/8.6/fileHashes/resourceHashesCache.bin
Transforming kotlin-project-model-1.9.23.jar (org.jetbrains.kotlin:kotlin-project-model:1.9.23) with ExternalDependencyInstrumentingArtifactTransform
Downloading https://repo.maven.apache.org/maven2/org/jetbrains/kotlin/kotlin-tooling-core/1.9.23/kotlin-tooling-core-1.9.23.jar to /workspace/.gradle/.tmp/gradle_download6536964689654626956bin
Downloading https://repo.maven.apache.org/maven2/org/jetbrains/kotlin/kotlin-daemon-embeddable/1.9.23/kotlin-daemon-embeddable-1.9.23.jar to /workspace/.gradle/.tmp/gradle_download2582538123616517131bin
Downloading https://repo.maven.apache.org/maven2/org/jetbrains/kotlin/kotlin-util-io/1.9.23/kotlin-util-io-1.9.23.jar to /workspace/.gradle/.tmp/gradle_download10480300477750737948bin
Transforming kotlin-tooling-core-1.9.23.jar (org.jetbrains.kotlin:kotlin-tooling-core:1.9.23) with ExternalDependencyInstrumentingArtifactTransform
Transforming jdom2-2.0.6.jar (org.jdom:jdom2:2.0.6) with ExternalDependencyInstrumentingArtifactTransform
Transforming checker-qual-3.33.0.jar (org.checkerframework:checker-qual:3.33.0) with ExternalDependencyInstrumentingArtifactTransform
Transforming netty-codec-http2-4.1.93.Final.jar (io.netty:netty-codec-http2:4.1.93.Final) with ExternalDependencyInstrumentingArtifactTransform
Transforming kotlin-util-io-1.9.23.jar (org.jetbrains.kotlin:kotlin-util-io:1.9.23) with ExternalDependencyInstrumentingArtifactTransform
Transforming commons-codec-1.11.jar (commons-codec:commons-codec:1.11) with ExternalDependencyInstrumentingArtifactTransform
Downloading https://repo.maven.apache.org/maven2/com/google/guava/failureaccess/1.0.1/failureaccess-1.0.1.jar to /workspace/.gradle/.tmp/gradle_download7651949314420740615bin
Downloading https://repo.maven.apache.org/maven2/org/jetbrains/kotlinx/kotlinx-coroutines-core-jvm/1.5.0/kotlinx-coroutines-core-jvm-1.5.0.jar to /workspace/.gradle/.tmp/gradle_download4074423073138525773bin
Downloading https://repo.maven.apache.org/maven2/com/google/guava/listenablefuture/9999.0-empty-to-avoid-conflict-with-guava/listenablefuture-9999.0-empty-to-avoid-conflict-with-guava.jar to /workspace/.gradle/.tmp/gradle_download15930372201826842311bin
Downloading https://repo.maven.apache.org/maven2/org/jetbrains/kotlin/kotlin-daemon-client/1.9.23/kotlin-daemon-client-1.9.23.jar to /workspace/.gradle/.tmp/gradle_download1068230210966473810bin
Downloading https://repo.maven.apache.org/maven2/org/jetbrains/kotlin/kotlin-scripting-jvm/1.9.23/kotlin-scripting-jvm-1.9.23.jar to /workspace/.gradle/.tmp/gradle_download5726371839358690195bin
Invalidating in-memory cache of /workspace/.gradle/8.6/checksums/md5-checksums.bin
Invalidating in-memory cache of /workspace/.gradle/8.6/checksums/sha256-checksums.bin
Invalidating in-memory cache of /workspace/.gradle/8.6/checksums/sha1-checksums.bin
Invalidating in-memory cache of /workspace/.gradle/8.6/checksums/sha512-checksums.bin
Invalidating in-memory cache of /workspace/.gradle/caches/journal-1/file-access.bin
Downloading https://repo.maven.apache.org/maven2/org/jetbrains/kotlin/kotlin-scripting-common/1.9.23/kotlin-scripting-common-1.9.23.jar to /workspace/.gradle/.tmp/gradle_download13083248744468338956bin
Invalidating in-memory cache of /workspace/.gradle/8.6/checksums/md5-checksums.bin
Invalidating in-memory cache of /workspace/.gradle/8.6/checksums/sha256-checksums.bin
Invalidating in-memory cache of /workspace/.gradle/8.6/checksums/sha1-checksums.bin
Invalidating in-memory cache of /workspace/.gradle/8.6/checksums/sha512-checksums.bin
Invalidating in-memory cache of /workspace/.gradle/caches/journal-1/file-access.bin
Invalidating in-memory cache of /workspace/.gradle/8.6/checksums/md5-checksums.bin
Invalidating in-memory cache of /workspace/.gradle/8.6/checksums/sha256-checksums.bin
Invalidating in-memory cache of /workspace/.gradle/8.6/checksums/sha1-checksums.bin
Invalidating in-memory cache of /workspace/.gradle/8.6/checksums/sha512-checksums.bin
Invalidating in-memory cache of /workspace/.gradle/caches/journal-1/file-access.bin
Transforming failureaccess-1.0.1.jar (com.google.guava:failureaccess:1.0.1) with ExternalDependencyInstrumentingArtifactTransform
Invalidating in-memory cache of /workspace/.gradle/8.6/checksums/md5-checksums.bin
Invalidating in-memory cache of /workspace/.gradle/8.6/checksums/sha256-checksums.bin
Invalidating in-memory cache of /workspace/.gradle/8.6/checksums/sha1-checksums.bin
Invalidating in-memory cache of /workspace/.gradle/8.6/checksums/sha512-checksums.bin
Invalidating in-memory cache of /workspace/.gradle/caches/journal-1/file-access.bin
Transforming netty-codec-http-4.1.93.Final.jar (io.netty:netty-codec-http:4.1.93.Final) with ExternalDependencyInstrumentingArtifactTransform
Transforming kotlin-daemon-embeddable-1.9.23.jar (org.jetbrains.kotlin:kotlin-daemon-embeddable:1.9.23) with ExternalDependencyInstrumentingArtifactTransform
Transforming kotlin-reflect-1.9.20.jar (org.jetbrains.kotlin:kotlin-reflect:1.9.20) with ExternalDependencyInstrumentingArtifactTransform
Transforming kotlin-scripting-jvm-1.9.23.jar (org.jetbrains.kotlin:kotlin-scripting-jvm:1.9.23) with ExternalDependencyInstrumentingArtifactTransform
Transforming netty-handler-4.1.93.Final.jar (io.netty:netty-handler:4.1.93.Final) with ExternalDependencyInstrumentingArtifactTransform
Transforming listenablefuture-9999.0-empty-to-avoid-conflict-with-guava.jar (com.google.guava:listenablefuture:9999.0-empty-to-avoid-conflict-with-guava) with ExternalDependencyInstrumentingArtifactTransform
Invalidating in-memory cache of /workspace/.gradle/caches/8.6/fileHashes/fileHashes.bin
Invalidating in-memory cache of /workspace/.gradle/caches/8.6/fileHashes/resourceHashesCache.bin
Downloading https://repo.maven.apache.org/maven2/io/netty/netty-codec-socks/4.1.93.Final/netty-codec-socks-4.1.93.Final.jar to /workspace/.gradle/.tmp/gradle_download510762287001514482bin
Downloading https://repo.maven.apache.org/maven2/io/netty/netty-codec/4.1.93.Final/netty-codec-4.1.93.Final.jar to /workspace/.gradle/.tmp/gradle_download10993755802133109065bin
Downloading https://repo.maven.apache.org/maven2/io/netty/netty-buffer/4.1.93.Final/netty-buffer-4.1.93.Final.jar to /workspace/.gradle/.tmp/gradle_download16547071559789299954bin
Downloading https://repo.maven.apache.org/maven2/commons-logging/commons-logging/1.2/commons-logging-1.2.jar to /workspace/.gradle/.tmp/gradle_download3456679355769191473bin
Downloading https://repo.maven.apache.org/maven2/io/netty/netty-transport/4.1.93.Final/netty-transport-4.1.93.Final.jar to /workspace/.gradle/.tmp/gradle_download16405575286566974634bin
Downloading https://repo.maven.apache.org/maven2/net/java/dev/jna/jna/5.6.0/jna-5.6.0.jar to /workspace/.gradle/.tmp/gradle_download8437371447554120919bin
Downloading https://repo.maven.apache.org/maven2/io/netty/netty-resolver/4.1.93.Final/netty-resolver-4.1.93.Final.jar to /workspace/.gradle/.tmp/gradle_download10680305588890016197bin
Invalidating in-memory cache of /workspace/.gradle/8.6/checksums/md5-checksums.bin
Invalidating in-memory cache of /workspace/.gradle/8.6/checksums/sha256-checksums.bin
Invalidating in-memory cache of /workspace/.gradle/8.6/checksums/sha1-checksums.bin
Invalidating in-memory cache of /workspace/.gradle/8.6/checksums/sha512-checksums.bin
Invalidating in-memory cache of /workspace/.gradle/caches/journal-1/file-access.bin
Transforming netty-resolver-4.1.93.Final.jar (io.netty:netty-resolver:4.1.93.Final) with ExternalDependencyInstrumentingArtifactTransform
Invalidating in-memory cache of /workspace/.gradle/caches/8.6/fileHashes/fileHashes.bin
Invalidating in-memory cache of /workspace/.gradle/caches/8.6/fileHashes/resourceHashesCache.bin
Transforming netty-codec-socks-4.1.93.Final.jar (io.netty:netty-codec-socks:4.1.93.Final) with ExternalDependencyInstrumentingArtifactTransform
Downloading https://repo.maven.apache.org/maven2/io/netty/netty-common/4.1.93.Final/netty-common-4.1.93.Final.jar to /workspace/.gradle/.tmp/gradle_download4453829638556398489bin
Invalidating in-memory cache of /workspace/.gradle/8.6/checksums/md5-checksums.bin
Invalidating in-memory cache of /workspace/.gradle/8.6/checksums/sha256-checksums.bin
Invalidating in-memory cache of /workspace/.gradle/8.6/checksums/sha1-checksums.bin
Invalidating in-memory cache of /workspace/.gradle/8.6/checksums/sha512-checksums.bin
Invalidating in-memory cache of /workspace/.gradle/caches/journal-1/file-access.bin
Transforming kotlin-scripting-common-1.9.23.jar (org.jetbrains.kotlin:kotlin-scripting-common:1.9.23) with ExternalDependencyInstrumentingArtifactTransform
Transforming commons-logging-1.2.jar (commons-logging:commons-logging:1.2) with ExternalDependencyInstrumentingArtifactTransform
Invalidating in-memory cache of /workspace/.gradle/caches/8.6/fileHashes/fileHashes.bin
Invalidating in-memory cache of /workspace/.gradle/caches/8.6/fileHashes/resourceHashesCache.bin
Transforming apksig-8.4.0.jar (com.android.tools.build:apksig:8.4.0) with ExternalDependencyInstrumentingArtifactTransform
Invalidating in-memory cache of /workspace/.gradle/8.6/checksums/md5-checksums.bin
Invalidating in-memory cache of /workspace/.gradle/8.6/checksums/sha256-checksums.bin
Invalidating in-memory cache of /workspace/.gradle/8.6/checksums/sha1-checksums.bin
Invalidating in-memory cache of /workspace/.gradle/8.6/checksums/sha512-checksums.bin
Invalidating in-memory cache of /workspace/.gradle/caches/journal-1/file-access.bin
Transforming netty-codec-4.1.93.Final.jar (io.netty:netty-codec:4.1.93.Final) with ExternalDependencyInstrumentingArtifactTransform
Invalidating in-memory cache of /workspace/.gradle/8.6/checksums/md5-checksums.bin
Invalidating in-memory cache of /workspace/.gradle/8.6/checksums/sha256-checksums.bin
Invalidating in-memory cache of /workspace/.gradle/8.6/checksums/sha1-checksums.bin
Invalidating in-memory cache of /workspace/.gradle/8.6/checksums/sha512-checksums.bin
Invalidating in-memory cache of /workspace/.gradle/caches/journal-1/file-access.bin
Invalidating in-memory cache of /workspace/.gradle/8.6/checksums/md5-checksums.bin
Invalidating in-memory cache of /workspace/.gradle/8.6/checksums/sha256-checksums.bin
Invalidating in-memory cache of /workspace/.gradle/8.6/checksums/sha1-checksums.bin
Invalidating in-memory cache of /workspace/.gradle/8.6/checksums/sha512-checksums.bin
Invalidating in-memory cache of /workspace/.gradle/caches/journal-1/file-access.bin
Invalidating in-memory cache of /workspace/.gradle/caches/8.6/fileHashes/fileHashes.bin
Invalidating in-memory cache of /workspace/.gradle/caches/8.6/fileHashes/resourceHashesCache.bin
Transforming netty-transport-4.1.93.Final.jar (io.netty:netty-transport:4.1.93.Final) with ExternalDependencyInstrumentingArtifactTransform
Invalidating in-memory cache of /workspace/.gradle/8.6/checksums/md5-checksums.bin
Invalidating in-memory cache of /workspace/.gradle/8.6/checksums/sha256-checksums.bin
Invalidating in-memory cache of /workspace/.gradle/8.6/checksums/sha1-checksums.bin
Invalidating in-memory cache of /workspace/.gradle/8.6/checksums/sha512-checksums.bin
Invalidating in-memory cache of /workspace/.gradle/caches/journal-1/file-access.bin
Invalidating in-memory cache of /workspace/.gradle/caches/8.6/fileHashes/fileHashes.bin
Invalidating in-memory cache of /workspace/.gradle/caches/8.6/fileHashes/resourceHashesCache.bin
Transforming netty-buffer-4.1.93.Final.jar (io.netty:netty-buffer:4.1.93.Final) with ExternalDependencyInstrumentingArtifactTransform
Transforming kotlin-daemon-client-1.9.23.jar (org.jetbrains.kotlin:kotlin-daemon-client:1.9.23) with ExternalDependencyInstrumentingArtifactTransform
Invalidating in-memory cache of /workspace/.gradle/caches/journal-1/file-access.bin
Invalidating in-memory cache of /workspace/.gradle/8.6/checksums/md5-checksums.bin
Invalidating in-memory cache of /workspace/.gradle/8.6/checksums/sha256-checksums.bin
Invalidating in-memory cache of /workspace/.gradle/8.6/checksums/sha1-checksums.bin
Invalidating in-memory cache of /workspace/.gradle/8.6/checksums/sha512-checksums.bin
Invalidating in-memory cache of /workspace/.gradle/caches/journal-1/file-access.bin
Transforming netty-common-4.1.93.Final.jar (io.netty:netty-common:4.1.93.Final) with ExternalDependencyInstrumentingArtifactTransform
Invalidating in-memory cache of /workspace/.gradle/caches/8.6/fileHashes/fileHashes.bin
Invalidating in-memory cache of /workspace/.gradle/caches/8.6/fileHashes/resourceHashesCache.bin
Transforming kotlinx-coroutines-core-jvm-1.5.0.jar (org.jetbrains.kotlinx:kotlinx-coroutines-core-jvm:1.5.0) with ExternalDependencyInstrumentingArtifactTransform
Transforming jna-platform-5.6.0.jar (net.java.dev.jna:jna-platform:5.6.0) with ExternalDependencyInstrumentingArtifactTransform
Invalidating in-memory cache of /workspace/.gradle/8.6/checksums/md5-checksums.bin
Invalidating in-memory cache of /workspace/.gradle/8.6/checksums/sha256-checksums.bin
Invalidating in-memory cache of /workspace/.gradle/8.6/checksums/sha1-checksums.bin
Invalidating in-memory cache of /workspace/.gradle/8.6/checksums/sha512-checksums.bin
Invalidating in-memory cache of /workspace/.gradle/caches/journal-1/file-access.bin
Transforming kotlin-gradle-plugin-1.9.23-gradle82.jar (org.jetbrains.kotlin:kotlin-gradle-plugin:1.9.23) with ExternalDependencyInstrumentingArtifactTransform
Transforming jna-5.6.0.jar (net.java.dev.jna:jna:5.6.0) with ExternalDependencyInstrumentingArtifactTransform
Invalidating in-memory cache of /workspace/.gradle/caches/8.6/fileHashes/fileHashes.bin
Invalidating in-memory cache of /workspace/.gradle/caches/8.6/fileHashes/resourceHashesCache.bin
Invalidating in-memory cache of /workspace/.gradle/8.6/checksums/md5-checksums.bin
Invalidating in-memory cache of /workspace/.gradle/8.6/checksums/sha256-checksums.bin
Invalidating in-memory cache of /workspace/.gradle/8.6/checksums/sha1-checksums.bin
Invalidating in-memory cache of /workspace/.gradle/8.6/checksums/sha512-checksums.bin
Invalidating in-memory cache of /workspace/.gradle/caches/journal-1/file-access.bin
Transforming protos-31.4.0.jar (com.android.tools.analytics-library:protos:31.4.0) with ExternalDependencyInstrumentingArtifactTransform
Invalidating in-memory cache of /workspace/.gradle/caches/8.6/fileHashes/fileHashes.bin
Invalidating in-memory cache of /workspace/.gradle/caches/8.6/fileHashes/resourceHashesCache.bin
Invalidating in-memory cache of /workspace/.gradle/caches/8.6/fileHashes/fileHashes.bin
Invalidating in-memory cache of /workspace/.gradle/caches/8.6/fileHashes/resourceHashesCache.bin
Cached resource https://repo.maven.apache.org/maven2/org/jetbrains/kotlin/kotlin-android-extensions/1.9.23/kotlin-android-extensions-1.9.23.jar is up-to-date (lastModified: Wed Mar 06 19:00:14 GMT 2024).
Transforming kotlin-android-extensions-1.9.23.jar (org.jetbrains.kotlin:kotlin-android-extensions:1.9.23) with ExternalDependencyInstrumentingArtifactTransform
Invalidating in-memory cache of /workspace/.gradle/caches/8.6/fileHashes/fileHashes.bin
Invalidating in-memory cache of /workspace/.gradle/caches/8.6/fileHashes/resourceHashesCache.bin
Invalidating in-memory cache of /workspace/.gradle/caches/journal-1/file-access.bin
Invalidating in-memory cache of /workspace/.gradle/8.6/checksums/md5-checksums.bin
Invalidating in-memory cache of /workspace/.gradle/8.6/checksums/sha256-checksums.bin
Invalidating in-memory cache of /workspace/.gradle/8.6/checksums/sha1-checksums.bin
Invalidating in-memory cache of /workspace/.gradle/8.6/checksums/sha512-checksums.bin
Invalidating in-memory cache of /workspace/.gradle/caches/journal-1/file-access.bin
Transforming bcprov-jdk18on-1.77.jar (org.bouncycastle:bcprov-jdk18on:1.77) with ExternalDependencyInstrumentingArtifactTransform
Invalidating in-memory cache of /workspace/.gradle/caches/8.6/fileHashes/fileHashes.bin
Invalidating in-memory cache of /workspace/.gradle/caches/8.6/fileHashes/resourceHashesCache.bin
Invalidating in-memory cache of /workspace/.gradle/caches/8.6/fileHashes/fileHashes.bin
Invalidating in-memory cache of /workspace/.gradle/caches/8.6/fileHashes/resourceHashesCache.bin
Invalidating in-memory cache of /workspace/.gradle/8.6/checksums/md5-checksums.bin
Invalidating in-memory cache of /workspace/.gradle/8.6/checksums/sha256-checksums.bin
Invalidating in-memory cache of /workspace/.gradle/8.6/checksums/sha1-checksums.bin
Invalidating in-memory cache of /workspace/.gradle/8.6/checksums/sha512-checksums.bin
Invalidating in-memory cache of /workspace/.gradle/caches/journal-1/file-access.bin
Transforming gradle-8.4.0.jar (com.android.tools.build:gradle:8.4.0) with ExternalDependencyInstrumentingArtifactTransform
Invalidating in-memory cache of /workspace/.gradle/caches/8.6/fileHashes/fileHashes.bin
Invalidating in-memory cache of /workspace/.gradle/caches/8.6/fileHashes/resourceHashesCache.bin
Invalidating in-memory cache of /workspace/.gradle/8.6/checksums/md5-checksums.bin
Invalidating in-memory cache of /workspace/.gradle/8.6/checksums/sha256-checksums.bin
Invalidating in-memory cache of /workspace/.gradle/8.6/checksums/sha1-checksums.bin
Invalidating in-memory cache of /workspace/.gradle/8.6/checksums/sha512-checksums.bin
Invalidating in-memory cache of /workspace/.gradle/caches/journal-1/file-access.bin
Transforming bundletool-1.15.6.jar (com.android.tools.build:bundletool:1.15.6) with ExternalDependencyInstrumentingArtifactTransform
Invalidating in-memory cache of /workspace/.gradle/caches/8.6/fileHashes/fileHashes.bin
Invalidating in-memory cache of /workspace/.gradle/caches/8.6/fileHashes/resourceHashesCache.bin
Transforming builder-8.4.0.jar (com.android.tools.build:builder:8.4.0) with ExternalDependencyInstrumentingArtifactTransform
Transforming kotlin-compiler-embeddable-1.9.23.jar (org.jetbrains.kotlin:kotlin-compiler-embeddable:1.9.23) with ExternalDependencyInstrumentingArtifactTransform
Invalidating in-memory cache of /workspace/.gradle/caches/8.6/fileHashes/fileHashes.bin
Invalidating in-memory cache of /workspace/.gradle/caches/8.6/fileHashes/resourceHashesCache.bin
Invalidating in-memory cache of /workspace/.gradle/caches/8.6/fileHashes/fileHashes.bin
Invalidating in-memory cache of /workspace/.gradle/caches/8.6/fileHashes/resourceHashesCache.bin
Compiling build file '/workspace/build.gradle' using BuildScriptTransformer.
Invalidating in-memory cache of /workspace/.gradle/caches/8.6/fileHashes/fileHashes.bin
Invalidating in-memory cache of /workspace/.gradle/caches/8.6/fileHashes/resourceHashesCache.bin

Invalidating in-memory cache of /workspace/.gradle/caches/journal-1/file-access.bin
Invalidating in-memory cache of /workspace/.gradle/caches/journal-1/file-access.bin

> Configure project :app
Evaluating project ':app' using build file '/workspace/app/build.gradle'.
Compiling build file '/workspace/app/build.gradle' using SubsetScriptTransformer.
Invalidating in-memory cache of /workspace/.gradle/caches/8.6/fileHashes/fileHashes.bin
Invalidating in-memory cache of /workspace/.gradle/caches/8.6/fileHashes/resourceHashesCache.bin
Using default execution profile
Using Kotlin Gradle Plugin gradle82 variant
Compiling build file '/workspace/app/build.gradle' using BuildScriptTransformer.
Invalidating in-memory cache of /workspace/.gradle/caches/8.6/fileHashes/fileHashes.bin
Invalidating in-memory cache of /workspace/.gradle/caches/8.6/fileHashes/resourceHashesCache.bin

Invalidating in-memory cache of /workspace/.gradle/caches/journal-1/file-access.bin

> Configure project :app
Parsed shrinker version: 8.4.22
All projects evaluated.
Task name matched 'testDebugUnitTest'
Selected primary task 'testDebugUnitTest' from project :
Tasks to be executed: [task ':app:checkKotlinGradlePluginConfigurationErrors', task ':app:preBuild', task ':app:preDebugBuild', task ':app:checkDebugAarMetadata', task ':app:generateDebugResValues', task ':app:mapDebugSourceSetPaths', task ':app:generateDebugResources', task ':app:mergeDebugResources', task ':app:packageDebugResources', task ':app:parseDebugLocalResources', task ':app:createDebugCompatibleScreenManifests', task ':app:extractDeepLinksDebug', task ':app:processDebugMainManifest', task ':app:processDebugManifest', task ':app:processDebugManifestForPackage', task ':app:processDebugResources', task ':app:compileDebugKotlin', task ':app:javaPreCompileDebug', task ':app:compileDebugJavaWithJavac', task ':app:bundleDebugClassesToRuntimeJar', task ':app:bundleDebugClassesToCompileJar', task ':app:compileDebugUnitTestKotlin', task ':app:preDebugUnitTestBuild', task ':app:javaPreCompileDebugUnitTest', task ':app:compileDebugUnitTestJavaWithJavac', task ':app:generateDebugJacocoPropertiesFile', task ':app:processDebugJavaRes', task ':app:processDebugUnitTestJavaRes', task ':app:testDebugUnitTest']
Tasks that were excluded: []
Resolve mutations for :app:checkKotlinGradlePluginConfigurationErrors (Thread[Execution worker,5,main]) started.
:app:checkKotlinGradlePluginConfigurationErrors (Thread[Execution worker,5,main]) started.

> Task :app:checkKotlinGradlePluginConfigurationErrors
Caching disabled for task ':app:checkKotlinGradlePluginConfigurationErrors' because:
  This task renders reported diagnostics; caching this task will hide diagnostics and obscure issues in the build
Task ':app:checkKotlinGradlePluginConfigurationErrors' is not up-to-date because:
  Task has not declared any outputs despite executing actions.
Resolve mutations for :app:preBuild (Thread[Execution worker,5,main]) started.
:app:preBuild (Thread[Execution worker,5,main]) started.

> Task :app:preBuild UP-TO-DATE
Skipping task ':app:preBuild' as it has no actions.
Resolve mutations for :app:preDebugBuild (Thread[Execution worker,5,main]) started.
:app:preDebugBuild (Thread[Execution worker Thread 4,5,main]) started.

> Task :app:preDebugBuild UP-TO-DATE
Skipping task ':app:preDebugBuild' as it has no actions.
Resolve mutations for :app:checkDebugAarMetadata (Thread[Execution worker Thread 4,5,main]) started.
:app:checkDebugAarMetadata (Thread[Execution worker Thread 4,5,main]) started.

> Task :app:checkDebugAarMetadata
Downloading https://dl.google.com/dl/android/maven2/androidx/compose/compose-bom/2024.03.00/compose-bom-2024.03.00.pom to /workspace/.gradle/.tmp/gradle_download4860932058978735612bin
Invalidating in-memory cache of /workspace/.gradle/8.6/checksums/md5-checksums.bin
Invalidating in-memory cache of /workspace/.gradle/8.6/checksums/sha256-checksums.bin
Invalidating in-memory cache of /workspace/.gradle/8.6/checksums/sha1-checksums.bin
Invalidating in-memory cache of /workspace/.gradle/8.6/checksums/sha512-checksums.bin
Invalidating in-memory cache of /workspace/.gradle/caches/journal-1/file-access.bin
Downloading https://dl.google.com/dl/android/maven2/androidx/core/core-ktx/1.12.0/core-ktx-1.12.0.pom to /workspace/.gradle/.tmp/gradle_download15744466442800390282bin
Downloading https://dl.google.com/dl/android/maven2/androidx/core/core-ktx/1.12.0/core-ktx-1.12.0.module to /workspace/.gradle/.tmp/gradle_download5050009142680196094bin
Resource missing. [HTTP GET: https://dl.google.com/dl/android/maven2/org/jetbrains/kotlin/kotlin-stdlib/1.9.23/kotlin-stdlib-1.9.23.pom]
Downloading https://dl.google.com/dl/android/maven2/androidx/datastore/datastore-preferences/1.0.0/datastore-preferences-1.0.0.pom to /workspace/.gradle/.tmp/gradle_download7724199752865810166bin
Downloading https://dl.google.com/dl/android/maven2/androidx/lifecycle/lifecycle-viewmodel-ktx/2.7.0/lifecycle-viewmodel-ktx-2.7.0.pom to /workspace/.gradle/.tmp/gradle_download2685664550143393067bin
Downloading https://dl.google.com/dl/android/maven2/androidx/lifecycle/lifecycle-viewmodel-savedstate/2.7.0/lifecycle-viewmodel-savedstate-2.7.0.pom to /workspace/.gradle/.tmp/gradle_download4074084057409027546bin
Resource missing. [HTTP GET: https://dl.google.com/dl/android/maven2/org/jacoco/org.jacoco.agent/0.8.11/org.jacoco.agent-0.8.11.pom]
Downloading https://dl.google.com/dl/android/maven2/androidx/activity/activity-compose/1.8.2/activity-compose-1.8.2.pom to /workspace/.gradle/.tmp/gradle_download9989454572181877111bin
Downloading https://dl.google.com/dl/android/maven2/androidx/lifecycle/lifecycle-livedata-ktx/2.7.0/lifecycle-livedata-ktx-2.7.0.pom to /workspace/.gradle/.tmp/gradle_download14020977797570414494bin
Downloading https://dl.google.com/dl/android/maven2/androidx/lifecycle/lifecycle-runtime-ktx/2.7.0/lifecycle-runtime-ktx-2.7.0.pom to /workspace/.gradle/.tmp/gradle_download3093746987999010770bin
Downloading https://dl.google.com/dl/android/maven2/androidx/navigation/navigation-compose/2.7.7/navigation-compose-2.7.7.pom to /workspace/.gradle/.tmp/gradle_download8953561607691922075bin
Resource missing. [HTTP GET: https://dl.google.com/dl/android/maven2/org/jetbrains/kotlinx/kotlinx-serialization-json/1.6.3/kotlinx-serialization-json-1.6.3.pom]
Invalidating in-memory cache of /workspace/.gradle/8.6/checksums/md5-checksums.bin
Invalidating in-memory cache of /workspace/.gradle/8.6/checksums/sha256-checksums.bin
Invalidating in-memory cache of /workspace/.gradle/8.6/checksums/sha1-checksums.bin
Invalidating in-memory cache of /workspace/.gradle/8.6/checksums/sha512-checksums.bin
Invalidating in-memory cache of /workspace/.gradle/caches/journal-1/file-access.bin
Downloading https://dl.google.com/dl/android/maven2/androidx/lifecycle/lifecycle-viewmodel-savedstate/2.7.0/lifecycle-viewmodel-savedstate-2.7.0.module to /workspace/.gradle/.tmp/gradle_download9817684156726461293bin
Downloading https://dl.google.com/dl/android/maven2/androidx/lifecycle/lifecycle-runtime-ktx/2.7.0/lifecycle-runtime-ktx-2.7.0.module to /workspace/.gradle/.tmp/gradle_download13736069272181320160bin
Downloading https://dl.google.com/dl/android/maven2/androidx/navigation/navigation-compose/2.7.7/navigation-compose-2.7.7.module to /workspace/.gradle/.tmp/gradle_download7500166962590330432bin
Downloading https://dl.google.com/dl/android/maven2/androidx/lifecycle/lifecycle-livedata-ktx/2.7.0/lifecycle-livedata-ktx-2.7.0.module to /workspace/.gradle/.tmp/gradle_download5261925963129784772bin
Downloading https://dl.google.com/dl/android/maven2/androidx/activity/activity-compose/1.8.2/activity-compose-1.8.2.module to /workspace/.gradle/.tmp/gradle_download990265632700474397bin
Downloading https://dl.google.com/dl/android/maven2/androidx/datastore/datastore-preferences/1.0.0/datastore-preferences-1.0.0.module to /workspace/.gradle/.tmp/gradle_download9039544197119531154bin
Downloading https://dl.google.com/dl/android/maven2/androidx/lifecycle/lifecycle-viewmodel-ktx/2.7.0/lifecycle-viewmodel-ktx-2.7.0.module to /workspace/.gradle/.tmp/gradle_download11826481602134722723bin
Downloading https://repo.maven.apache.org/maven2/org/jetbrains/kotlinx/kotlinx-serialization-json/1.6.3/kotlinx-serialization-json-1.6.3.pom to /workspace/.gradle/.tmp/gradle_download13500326213230486108bin
Downloading https://repo.maven.apache.org/maven2/org/jetbrains/kotlin/kotlin-stdlib/1.9.23/kotlin-stdlib-1.9.23.pom to /workspace/.gradle/.tmp/gradle_download12480993883596083596bin
Downloading https://repo.maven.apache.org/maven2/org/jacoco/org.jacoco.agent/0.8.11/org.jacoco.agent-0.8.11.pom to /workspace/.gradle/.tmp/gradle_download8674681032106375153bin
Invalidating in-memory cache of /workspace/.gradle/8.6/checksums/md5-checksums.bin
Invalidating in-memory cache of /workspace/.gradle/8.6/checksums/sha256-checksums.bin
Invalidating in-memory cache of /workspace/.gradle/8.6/checksums/sha1-checksums.bin
Invalidating in-memory cache of /workspace/.gradle/8.6/checksums/sha512-checksums.bin
Invalidating in-memory cache of /workspace/.gradle/caches/journal-1/file-access.bin
Invalidating in-memory cache of /workspace/.gradle/8.6/checksums/md5-checksums.bin
Invalidating in-memory cache of /workspace/.gradle/8.6/checksums/sha256-checksums.bin
Invalidating in-memory cache of /workspace/.gradle/8.6/checksums/sha1-checksums.bin
Invalidating in-memory cache of /workspace/.gradle/8.6/checksums/sha512-checksums.bin
Invalidating in-memory cache of /workspace/.gradle/caches/journal-1/file-access.bin
Invalidating in-memory cache of /workspace/.gradle/8.6/checksums/md5-checksums.bin
Invalidating in-memory cache of /workspace/.gradle/8.6/checksums/sha256-checksums.bin
Invalidating in-memory cache of /workspace/.gradle/8.6/checksums/sha1-checksums.bin
Invalidating in-memory cache of /workspace/.gradle/8.6/checksums/sha512-checksums.bin
Invalidating in-memory cache of /workspace/.gradle/caches/journal-1/file-access.bin
Resource missing. [HTTP GET: https://dl.google.com/dl/android/maven2/org/jetbrains/kotlinx/kotlinx-serialization-bom/1.6.3/kotlinx-serialization-bom-1.6.3.pom]
Resource missing. [HTTP GET: https://dl.google.com/dl/android/maven2/org/jacoco/org.jacoco.build/0.8.11/org.jacoco.build-0.8.11.pom]
Downloading https://repo.maven.apache.org/maven2/org/jetbrains/kotlin/kotlin-stdlib/1.9.23/kotlin-stdlib-1.9.23.module to /workspace/.gradle/.tmp/gradle_download4597247602509509813bin
Downloading https://repo.maven.apache.org/maven2/org/jetbrains/kotlinx/kotlinx-serialization-bom/1.6.3/kotlinx-serialization-bom-1.6.3.pom to /workspace/.gradle/.tmp/gradle_download11387637616487319262bin
Downloading https://repo.maven.apache.org/maven2/org/jacoco/org.jacoco.build/0.8.11/org.jacoco.build-0.8.11.pom to /workspace/.gradle/.tmp/gradle_download2307748798611906782bin
Invalidating in-memory cache of /workspace/.gradle/8.6/checksums/md5-checksums.bin
Invalidating in-memory cache of /workspace/.gradle/8.6/checksums/sha256-checksums.bin
Invalidating in-memory cache of /workspace/.gradle/8.6/checksums/sha1-checksums.bin
Invalidating in-memory cache of /workspace/.gradle/8.6/checksums/sha512-checksums.bin
Invalidating in-memory cache of /workspace/.gradle/caches/journal-1/file-access.bin
Invalidating in-memory cache of /workspace/.gradle/8.6/checksums/md5-checksums.bin
Invalidating in-memory cache of /workspace/.gradle/8.6/checksums/sha256-checksums.bin
Invalidating in-memory cache of /workspace/.gradle/8.6/checksums/sha1-checksums.bin
Invalidating in-memory cache of /workspace/.gradle/8.6/checksums/sha512-checksums.bin
Invalidating in-memory cache of /workspace/.gradle/caches/journal-1/file-access.bin
Invalidating in-memory cache of /workspace/.gradle/8.6/checksums/md5-checksums.bin
Invalidating in-memory cache of /workspace/.gradle/8.6/checksums/sha256-checksums.bin
Invalidating in-memory cache of /workspace/.gradle/8.6/checksums/sha1-checksums.bin
Invalidating in-memory cache of /workspace/.gradle/8.6/checksums/sha512-checksums.bin
Invalidating in-memory cache of /workspace/.gradle/caches/journal-1/file-access.bin
Resource missing. [HTTP GET: https://dl.google.com/dl/android/maven2/org/ow2/asm/asm-bom/9.6/asm-bom-9.6.pom]
Invalidating in-memory cache of /workspace/.gradle/8.6/checksums/md5-checksums.bin
Invalidating in-memory cache of /workspace/.gradle/8.6/checksums/sha256-checksums.bin
Invalidating in-memory cache of /workspace/.gradle/8.6/checksums/sha1-checksums.bin
Invalidating in-memory cache of /workspace/.gradle/8.6/checksums/sha512-checksums.bin
Cached resource https://repo.maven.apache.org/maven2/org/jetbrains/kotlinx/kotlinx-serialization-json/1.6.3/kotlinx-serialization-json-1.6.3.module is up-to-date (lastModified: Fri Feb 16 15:16:40 GMT 2024).
Invalidating in-memory cache of /workspace/.gradle/8.6/checksums/md5-checksums.bin
Invalidating in-memory cache of /workspace/.gradle/8.6/checksums/sha256-checksums.bin
Invalidating in-memory cache of /workspace/.gradle/8.6/checksums/sha1-checksums.bin
Invalidating in-memory cache of /workspace/.gradle/8.6/checksums/sha512-checksums.bin
Cached resource https://repo.maven.apache.org/maven2/org/ow2/asm/asm-bom/9.6/asm-bom-9.6.pom is up-to-date (lastModified: Sat Sep 30 11:18:29 GMT 2023).
Invalidating in-memory cache of /workspace/.gradle/8.6/checksums/md5-checksums.bin
Invalidating in-memory cache of /workspace/.gradle/8.6/checksums/sha256-checksums.bin
Invalidating in-memory cache of /workspace/.gradle/8.6/checksums/sha1-checksums.bin
Invalidating in-memory cache of /workspace/.gradle/8.6/checksums/sha512-checksums.bin
Invalidating in-memory cache of /workspace/.gradle/caches/journal-1/file-access.bin
Transforming navigation-common-2.7.7.aar (androidx.navigation:navigation-common:2.7.7) with ExtractAarTransform
Invalidating in-memory cache of /workspace/.gradle/caches/8.6/fileHashes/fileHashes.bin
Transforming navigation-runtime-2.7.7.aar (androidx.navigation:navigation-runtime:2.7.7) with ExtractAarTransform
Invalidating in-memory cache of /workspace/.gradle/caches/8.6/fileHashes/resourceHashesCache.bin
Transforming navigation-common-ktx-2.7.7.aar (androidx.navigation:navigation-common-ktx:2.7.7) with ExtractAarTransform
Transforming activity-1.8.2.aar (androidx.activity:activity:1.8.2) with ExtractAarTransform
Transforming navigation-runtime-ktx-2.7.7.aar (androidx.navigation:navigation-runtime-ktx:2.7.7) with ExtractAarTransform
Transforming navigation-compose-2.7.7.aar (androidx.navigation:navigation-compose:2.7.7) with ExtractAarTransform
Transforming material-release.aar (androidx.compose.material:material-android:1.6.4) with ExtractAarTransform
Transforming activity-ktx-1.8.2.aar (androidx.activity:activity-ktx:1.8.2) with ExtractAarTransform
Transforming material-icons-core-release.aar (androidx.compose.material:material-icons-core-android:1.6.4) with ExtractAarTransform
Transforming material-ripple-release.aar (androidx.compose.material:material-ripple-android:1.6.4) with ExtractAarTransform
Transforming foundation-layout-release.aar (androidx.compose.foundation:foundation-layout-android:1.6.4) with ExtractAarTransform
Transforming ui-tooling-data-release.aar (androidx.compose.ui:ui-tooling-data-android:1.6.4) with ExtractAarTransform
Transforming ui-geometry-release.aar (androidx.compose.ui:ui-geometry-android:1.6.4) with ExtractAarTransform
Transforming ui-text-release.aar (androidx.compose.ui:ui-text-android:1.6.4) with ExtractAarTransform
Transforming ui-util-release.aar (androidx.compose.ui:ui-util-android:1.6.4) with ExtractAarTransform
Transforming ui-unit-release.aar (androidx.compose.ui:ui-unit-android:1.6.4) with ExtractAarTransform
Transforming navigation-runtime-ktx-2.7.7.aar (androidx.navigation:navigation-runtime-ktx:2.7.7) with AarTransform
Transforming ui-util-release.aar (androidx.compose.ui:ui-util-android:1.6.4) with AarTransform
Transforming navigation-common-ktx-2.7.7.aar (androidx.navigation:navigation-common-ktx:2.7.7) with AarTransform
Transforming navigation-runtime-2.7.7.aar (androidx.navigation:navigation-runtime:2.7.7) with AarTransform
Transforming ui-text-release.aar (androidx.compose.ui:ui-text-android:1.6.4) with AarTransform
Transforming activity-ktx-1.8.2.aar (androidx.activity:activity-ktx:1.8.2) with AarTransform
Transforming ui-unit-release.aar (androidx.compose.ui:ui-unit-android:1.6.4) with AarTransform
Transforming navigation-common-2.7.7.aar (androidx.navigation:navigation-common:2.7.7) with AarTransform
Transforming activity-1.8.2.aar (androidx.activity:activity:1.8.2) with AarTransform
Transforming material-icons-core-release.aar (androidx.compose.material:material-icons-core-android:1.6.4) with AarTransform
Transforming ui-geometry-release.aar (androidx.compose.ui:ui-geometry-android:1.6.4) with AarTransform
Transforming navigation-compose-2.7.7.aar (androidx.navigation:navigation-compose:2.7.7) with AarTransform
Transforming material-ripple-release.aar (androidx.compose.material:material-ripple-android:1.6.4) with AarTransform
Transforming foundation-layout-release.aar (androidx.compose.foundation:foundation-layout-android:1.6.4) with AarTransform
Transforming material-release.aar (androidx.compose.material:material-android:1.6.4) with AarTransform
Transforming ui-graphics-release.aar (androidx.compose.ui:ui-graphics-android:1.6.4) with ExtractAarTransform
Transforming ui-tooling-release.aar (androidx.compose.ui:ui-tooling-android:1.6.4) with ExtractAarTransform
Transforming savedstate-ktx-1.2.1.aar (androidx.savedstate:savedstate-ktx:1.2.1) with ExtractAarTransform
Transforming activity-compose-1.8.2.aar (androidx.activity:activity-compose:1.8.2) with ExtractAarTransform
Transforming ui-test-manifest-1.6.4.aar (androidx.compose.ui:ui-test-manifest:1.6.4) with ExtractAarTransform
Transforming ui-tooling-preview-release.aar (androidx.compose.ui:ui-tooling-preview-android:1.6.4) with ExtractAarTransform
Transforming emoji2-1.3.0.aar (androidx.emoji2:emoji2:1.3.0) with ExtractAarTransform
Transforming savedstate-1.2.1.aar (androidx.savedstate:savedstate:1.2.1) with ExtractAarTransform
Transforming lifecycle-process-2.7.0.aar (androidx.lifecycle:lifecycle-process:2.7.0) with ExtractAarTransform
Transforming lifecycle-livedata-core-ktx-2.7.0.aar (androidx.lifecycle:lifecycle-livedata-core-ktx:2.7.0) with ExtractAarTransform
Transforming lifecycle-livedata-2.7.0.aar (androidx.lifecycle:lifecycle-livedata:2.7.0) with ExtractAarTransform
Transforming lifecycle-livedata-core-2.7.0.aar (androidx.lifecycle:lifecycle-livedata-core:2.7.0) with ExtractAarTransform
Transforming lifecycle-viewmodel-2.7.0.aar (androidx.lifecycle:lifecycle-viewmodel:2.7.0) with ExtractAarTransform
Transforming ui-tooling-data-release.aar (androidx.compose.ui:ui-tooling-data-android:1.6.4) with AarTransform
Transforming lifecycle-viewmodel-compose-2.7.0.aar (androidx.lifecycle:lifecycle-viewmodel-compose:2.7.0) with ExtractAarTransform
Transforming ui-test-manifest-1.6.4.aar (androidx.compose.ui:ui-test-manifest:1.6.4) with AarTransform
Transforming autofill-1.0.0.aar (androidx.autofill:autofill:1.0.0) with ExtractAarTransform
Transforming savedstate-ktx-1.2.1.aar (androidx.savedstate:savedstate-ktx:1.2.1) with AarTransform
Transforming ui-tooling-preview-release.aar (androidx.compose.ui:ui-tooling-preview-android:1.6.4) with AarTransform
Transforming savedstate-1.2.1.aar (androidx.savedstate:savedstate:1.2.1) with AarTransform
Transforming lifecycle-process-2.7.0.aar (androidx.lifecycle:lifecycle-process:2.7.0) with AarTransform
Transforming lifecycle-livedata-core-ktx-2.7.0.aar (androidx.lifecycle:lifecycle-livedata-core-ktx:2.7.0) with AarTransform
Transforming activity-compose-1.8.2.aar (androidx.activity:activity-compose:1.8.2) with AarTransform
Transforming lifecycle-livedata-2.7.0.aar (androidx.lifecycle:lifecycle-livedata:2.7.0) with AarTransform
Transforming ui-graphics-release.aar (androidx.compose.ui:ui-graphics-android:1.6.4) with AarTransform
Transforming ui-tooling-release.aar (androidx.compose.ui:ui-tooling-android:1.6.4) with AarTransform
Transforming lifecycle-viewmodel-compose-2.7.0.aar (androidx.lifecycle:lifecycle-viewmodel-compose:2.7.0) with AarTransform
Transforming autofill-1.0.0.aar (androidx.autofill:autofill:1.0.0) with AarTransform
Transforming lifecycle-runtime-2.7.0.aar (androidx.lifecycle:lifecycle-runtime:2.7.0) with ExtractAarTransform
Transforming lifecycle-viewmodel-ktx-2.7.0.aar (androidx.lifecycle:lifecycle-viewmodel-ktx:2.7.0) with ExtractAarTransform
Transforming lifecycle-runtime-ktx-2.7.0.aar (androidx.lifecycle:lifecycle-runtime-ktx:2.7.0) with ExtractAarTransform
Transforming lifecycle-livedata-ktx-2.7.0.aar (androidx.lifecycle:lifecycle-livedata-ktx:2.7.0) with ExtractAarTransform
Transforming lifecycle-viewmodel-savedstate-2.7.0.aar (androidx.lifecycle:lifecycle-viewmodel-savedstate:2.7.0) with ExtractAarTransform
Transforming lifecycle-livedata-core-2.7.0.aar (androidx.lifecycle:lifecycle-livedata-core:2.7.0) with AarTransform
Transforming customview-poolingcontainer-1.0.0.aar (androidx.customview:customview-poolingcontainer:1.0.0) with ExtractAarTransform
Transforming datastore-preferences-1.0.0.aar (androidx.datastore:datastore-preferences:1.0.0) with ExtractAarTransform
Transforming core-ktx-1.12.0.aar (androidx.core:core-ktx:1.12.0) with ExtractAarTransform
Transforming datastore-1.0.0.aar (androidx.datastore:datastore:1.0.0) with ExtractAarTransform
Transforming lifecycle-viewmodel-2.7.0.aar (androidx.lifecycle:lifecycle-viewmodel:2.7.0) with AarTransform
Transforming emoji2-1.3.0.aar (androidx.emoji2:emoji2:1.3.0) with AarTransform
Transforming lifecycle-livedata-ktx-2.7.0.aar (androidx.lifecycle:lifecycle-livedata-ktx:2.7.0) with AarTransform
Transforming runtime-saveable-release.aar (androidx.compose.runtime:runtime-saveable-android:1.6.4) with ExtractAarTransform
Transforming lifecycle-runtime-ktx-2.7.0.aar (androidx.lifecycle:lifecycle-runtime-ktx:2.7.0) with AarTransform
Transforming lifecycle-runtime-2.7.0.aar (androidx.lifecycle:lifecycle-runtime:2.7.0) with AarTransform
Transforming annotation-experimental-1.4.0.aar (androidx.annotation:annotation-experimental:1.4.0) with ExtractAarTransform
Transforming datastore-1.0.0.aar (androidx.datastore:datastore:1.0.0) with AarTransform
Transforming core-ktx-1.12.0.aar (androidx.core:core-ktx:1.12.0) with AarTransform
Transforming versionedparcelable-1.1.1.aar (androidx.versionedparcelable:versionedparcelable:1.1.1) with ExtractAarTransform
Transforming customview-poolingcontainer-1.0.0.aar (androidx.customview:customview-poolingcontainer:1.0.0) with AarTransform
Transforming datastore-preferences-1.0.0.aar (androidx.datastore:datastore-preferences:1.0.0) with AarTransform
Transforming lifecycle-viewmodel-savedstate-2.7.0.aar (androidx.lifecycle:lifecycle-viewmodel-savedstate:2.7.0) with AarTransform
Transforming interpolator-1.0.0.aar (androidx.interpolator:interpolator:1.0.0) with ExtractAarTransform
Transforming core-runtime-2.2.0.aar (androidx.arch.core:core-runtime:2.2.0) with ExtractAarTransform
Transforming lifecycle-viewmodel-ktx-2.7.0.aar (androidx.lifecycle:lifecycle-viewmodel-ktx:2.7.0) with AarTransform
Transforming startup-runtime-1.1.1.aar (androidx.startup:startup-runtime:1.1.1) with ExtractAarTransform
Transforming profileinstaller-1.3.0.aar (androidx.profileinstaller:profileinstaller:1.3.0) with ExtractAarTransform
Transforming tracing-1.0.0.aar (androidx.tracing:tracing:1.0.0) with ExtractAarTransform
Transforming interpolator-1.0.0.aar (androidx.interpolator:interpolator:1.0.0) with AarTransform
Transforming runtime-saveable-release.aar (androidx.compose.runtime:runtime-saveable-android:1.6.4) with AarTransform
Transforming versionedparcelable-1.1.1.aar (androidx.versionedparcelable:versionedparcelable:1.1.1) with AarTransform
Transforming annotation-experimental-1.4.0.aar (androidx.annotation:annotation-experimental:1.4.0) with AarTransform
Transforming core-runtime-2.2.0.aar (androidx.arch.core:core-runtime:2.2.0) with AarTransform
Transforming profileinstaller-1.3.0.aar (androidx.profileinstaller:profileinstaller:1.3.0) with AarTransform
Transforming startup-runtime-1.1.1.aar (androidx.startup:startup-runtime:1.1.1) with AarTransform
Transforming tracing-1.0.0.aar (androidx.tracing:tracing:1.0.0) with AarTransform
Downloading https://dl.google.com/dl/android/maven2/androidx/core/core/1.12.0/core-1.12.0.aar to /workspace/.gradle/.tmp/gradle_download11719725966374206597bin
Downloading https://dl.google.com/dl/android/maven2/androidx/compose/foundation/foundation-android/1.6.4/foundation-android-1.6.4.aar to /workspace/.gradle/.tmp/gradle_download6178254246425659758bin
Downloading https://dl.google.com/dl/android/maven2/androidx/compose/ui/ui-android/1.6.4/ui-android-1.6.4.aar to /workspace/.gradle/.tmp/gradle_download17252195504575735546bin
Downloading https://dl.google.com/dl/android/maven2/androidx/compose/animation/animation-android/1.6.4/animation-android-1.6.4.aar to /workspace/.gradle/.tmp/gradle_download1578031338690238181bin
Downloading https://dl.google.com/dl/android/maven2/androidx/compose/runtime/runtime-android/1.6.4/runtime-android-1.6.4.aar to /workspace/.gradle/.tmp/gradle_download6800568061499906738bin
Downloading https://dl.google.com/dl/android/maven2/androidx/compose/animation/animation-core-android/1.6.4/animation-core-android-1.6.4.aar to /workspace/.gradle/.tmp/gradle_download17534477254503752846bin
Downloading https://dl.google.com/dl/android/maven2/androidx/compose/material3/material3-android/1.2.1/material3-android-1.2.1.aar to /workspace/.gradle/.tmp/gradle_download13417303989369426591bin
Invalidating in-memory cache of /workspace/.gradle/8.6/checksums/md5-checksums.bin
Invalidating in-memory cache of /workspace/.gradle/8.6/checksums/sha256-checksums.bin
Invalidating in-memory cache of /workspace/.gradle/8.6/checksums/sha1-checksums.bin
Invalidating in-memory cache of /workspace/.gradle/8.6/checksums/sha512-checksums.bin
Invalidating in-memory cache of /workspace/.gradle/caches/journal-1/file-access.bin
Transforming animation-release.aar (androidx.compose.animation:animation-android:1.6.4) with ExtractAarTransform
Invalidating in-memory cache of /workspace/.gradle/caches/8.6/fileHashes/fileHashes.bin
Invalidating in-memory cache of /workspace/.gradle/caches/8.6/fileHashes/resourceHashesCache.bin
Caching disabled for ExtractAarTransform: /workspace/.gradle/caches/modules-2/files-2.1/androidx.compose.animation/animation-android/1.6.4/9fc5d5d5812c7babadf9b641f916d4549018d1d3/animation-release.aar because:
  Caching not enabled.
Transforming animation-release.aar (androidx.compose.animation:animation-android:1.6.4) with AarTransform
Caching disabled for AarTransform: /workspace/.gradle/caches/transforms-4/1d623f34420b284961d7513382c67f4d/transformed/animation-release because:
  Caching not enabled.
Invalidating in-memory cache of /workspace/.gradle/8.6/checksums/md5-checksums.bin
Invalidating in-memory cache of /workspace/.gradle/8.6/checksums/sha256-checksums.bin
Invalidating in-memory cache of /workspace/.gradle/8.6/checksums/sha1-checksums.bin
Invalidating in-memory cache of /workspace/.gradle/8.6/checksums/sha512-checksums.bin
Invalidating in-memory cache of /workspace/.gradle/caches/journal-1/file-access.bin
Transforming core-1.12.0.aar (androidx.core:core:1.12.0) with ExtractAarTransform
Transforming core-1.12.0.aar (androidx.core:core:1.12.0) with ExtractAarTransform
Invalidating in-memory cache of /workspace/.gradle/caches/8.6/fileHashes/fileHashes.bin
Invalidating in-memory cache of /workspace/.gradle/caches/8.6/fileHashes/resourceHashesCache.bin
Transforming foundation-release.aar (androidx.compose.foundation:foundation-android:1.6.4) with ExtractAarTransform
Transforming foundation-release.aar (androidx.compose.foundation:foundation-android:1.6.4) with AarTransform
Transforming core-1.12.0.aar (androidx.core:core:1.12.0) with AarTransform
Transforming core-1.12.0.aar (androidx.core:core:1.12.0) with AarTransform
Transforming animation-core-release.aar (androidx.compose.animation:animation-core-android:1.6.4) with ExtractAarTransform
Transforming animation-core-release.aar (androidx.compose.animation:animation-core-android:1.6.4) with AarTransform
Transforming ui-release.aar (androidx.compose.ui:ui-android:1.6.4) with ExtractAarTransform
Transforming ui-release.aar (androidx.compose.ui:ui-android:1.6.4) with AarTransform
Transforming runtime-release.aar (androidx.compose.runtime:runtime-android:1.6.4) with ExtractAarTransform
Transforming runtime-release.aar (androidx.compose.runtime:runtime-android:1.6.4) with AarTransform
Invalidating in-memory cache of /workspace/.gradle/8.6/checksums/md5-checksums.bin
Invalidating in-memory cache of /workspace/.gradle/8.6/checksums/sha256-checksums.bin
Invalidating in-memory cache of /workspace/.gradle/8.6/checksums/sha1-checksums.bin
Invalidating in-memory cache of /workspace/.gradle/8.6/checksums/sha512-checksums.bin
Invalidating in-memory cache of /workspace/.gradle/caches/journal-1/file-access.bin
Transforming material3-release.aar (androidx.compose.material3:material3-android:1.2.1) with ExtractAarTransform
Invalidating in-memory cache of /workspace/.gradle/caches/8.6/fileHashes/fileHashes.bin
Invalidating in-memory cache of /workspace/.gradle/caches/8.6/fileHashes/resourceHashesCache.bin
Transforming material3-release.aar (androidx.compose.material3:material3-android:1.2.1) with AarTransform
Caching disabled for task ':app:checkDebugAarMetadata' because:
  Caching has been disabled for the task
Task ':app:checkDebugAarMetadata' is not up-to-date because:
  No history is available.

Resolve mutations for :app:generateDebugResValues (Thread[Execution worker Thread 5,5,main]) started.
:app:generateDebugResValues (Thread[Execution worker Thread 5,5,main]) started.

> Task :app:generateDebugResValues
Invalidating in-memory cache of /workspace/.gradle/buildOutputCleanup/outputFiles.bin
Build cache key for task ':app:generateDebugResValues' is 1a2a34c20083851d01ce11fce184de9f
Task ':app:generateDebugResValues' is not up-to-date because:
  No history is available.
Stored cache entry for task ':app:generateDebugResValues' with cache key 1a2a34c20083851d01ce11fce184de9f
Resolve mutations for :app:mapDebugSourceSetPaths (Thread[Execution worker Thread 5,5,main]) started.
:app:mapDebugSourceSetPaths (Thread[Execution worker Thread 5,5,main]) started.

> Task :app:mapDebugSourceSetPaths
Transforming navigation-common-2.7.7.aar (androidx.navigation:navigation-common:2.7.7) with ExtractAarTransform
Transforming navigation-common-2.7.7.aar (androidx.navigation:navigation-common:2.7.7) with AarTransform
Transforming navigation-runtime-2.7.7.aar (androidx.navigation:navigation-runtime:2.7.7) with ExtractAarTransform
Transforming navigation-runtime-2.7.7.aar (androidx.navigation:navigation-runtime:2.7.7) with AarTransform
Transforming navigation-common-ktx-2.7.7.aar (androidx.navigation:navigation-common-ktx:2.7.7) with ExtractAarTransform
Transforming navigation-common-ktx-2.7.7.aar (androidx.navigation:navigation-common-ktx:2.7.7) with AarTransform
Transforming navigation-runtime-ktx-2.7.7.aar (androidx.navigation:navigation-runtime-ktx:2.7.7) with ExtractAarTransform
Transforming navigation-runtime-ktx-2.7.7.aar (androidx.navigation:navigation-runtime-ktx:2.7.7) with AarTransform
Caching disabled for AarTransform: /workspace/.gradle/caches/transforms-4/0fea065fb4234b12f991c69970cee8d3/transformed/navigation-common-2.7.7 because:
  Caching not enabled.
Caching disabled for AarTransform: /workspace/.gradle/caches/transforms-4/86d70db63e1eb756fda5071aeb227f39/transformed/navigation-runtime-2.7.7 because:
  Caching not enabled.
Transforming navigation-compose-2.7.7.aar (androidx.navigation:navigation-compose:2.7.7) with ExtractAarTransform
Caching disabled for AarTransform: /workspace/.gradle/caches/transforms-4/85ea1ea404a182def58458c63b0d9836/transformed/navigation-common-ktx-2.7.7 because:
  Caching not enabled.
Transforming navigation-compose-2.7.7.aar (androidx.navigation:navigation-compose:2.7.7) with AarTransform
Transforming activity-1.8.2.aar (androidx.activity:activity:1.8.2) with ExtractAarTransform
Transforming activity-1.8.2.aar (androidx.activity:activity:1.8.2) with AarTransform
Transforming activity-ktx-1.8.2.aar (androidx.activity:activity-ktx:1.8.2) with ExtractAarTransform
Caching disabled for AarTransform: /workspace/.gradle/caches/transforms-4/15379664a606b955b42233db57753c41/transformed/navigation-runtime-ktx-2.7.7 because:
  Caching not enabled.
Caching disabled for AarTransform: /workspace/.gradle/caches/transforms-4/b5971f5da2fd52e75497edb51137b0cb/transformed/navigation-compose-2.7.7 because:
  Caching not enabled.
Caching disabled for AarTransform: /workspace/.gradle/caches/transforms-4/c7b0c69307091fc7d69b42a0325a8124/transformed/activity-1.8.2 because:
  Caching not enabled.
Transforming activity-ktx-1.8.2.aar (androidx.activity:activity-ktx:1.8.2) with AarTransform
Transforming material3-release.aar (androidx.compose.material3:material3-android:1.2.1) with ExtractAarTransform
Caching disabled for AarTransform: /workspace/.gradle/caches/transforms-4/76c38cc3f7f788cea8335f8d51cd3122/transformed/activity-ktx-1.8.2 because:
  Caching not enabled.
Transforming material3-release.aar (androidx.compose.material3:material3-android:1.2.1) with AarTransform
Transforming material-release.aar (androidx.compose.material:material-android:1.6.4) with ExtractAarTransform
Transforming material-release.aar (androidx.compose.material:material-android:1.6.4) with AarTransform
Transforming material-icons-core-release.aar (androidx.compose.material:material-icons-core-android:1.6.4) with ExtractAarTransform
Transforming material-icons-core-release.aar (androidx.compose.material:material-icons-core-android:1.6.4) with AarTransform
Transforming material-ripple-release.aar (androidx.compose.material:material-ripple-android:1.6.4) with ExtractAarTransform
Transforming material-ripple-release.aar (androidx.compose.material:material-ripple-android:1.6.4) with AarTransform
Transforming foundation-release.aar (androidx.compose.foundation:foundation-android:1.6.4) with ExtractAarTransform
Transforming foundation-release.aar (androidx.compose.foundation:foundation-android:1.6.4) with AarTransform
Caching disabled for AarTransform: /workspace/.gradle/caches/transforms-4/62fba5d43d60fc339483d72a9140269a/transformed/material-icons-core-release because:
  Caching not enabled.
Caching disabled for AarTransform: /workspace/.gradle/caches/transforms-4/de80c736eb80f3d60e6ba2a31e60f975/transformed/material-release because:
  Caching not enabled.
Transforming foundation-layout-release.aar (androidx.compose.foundation:foundation-layout-android:1.6.4) with ExtractAarTransform
Transforming foundation-layout-release.aar (androidx.compose.foundation:foundation-layout-android:1.6.4) with AarTransform
Transforming animation-core-release.aar (androidx.compose.animation:animation-core-android:1.6.4) with ExtractAarTransform
Transforming animation-core-release.aar (androidx.compose.animation:animation-core-android:1.6.4) with AarTransform
Transforming animation-release.aar (androidx.compose.animation:animation-android:1.6.4) with ExtractAarTransform
Caching disabled for AarTransform: /workspace/.gradle/caches/transforms-4/b738e97444bb68b92450887935dd6be5/transformed/material-ripple-release because:
  Caching not enabled.
Transforming animation-release.aar (androidx.compose.animation:animation-android:1.6.4) with AarTransform
Transforming ui-tooling-data-release.aar (androidx.compose.ui:ui-tooling-data-android:1.6.4) with ExtractAarTransform
Transforming ui-tooling-data-release.aar (androidx.compose.ui:ui-tooling-data-android:1.6.4) with AarTransform
Caching disabled for AarTransform: /workspace/.gradle/caches/transforms-4/dcbdec9e729edbf1b9c060e556ed1dec/transformed/material3-release because:
  Caching not enabled.
Caching disabled for AarTransform: /workspace/.gradle/caches/transforms-4/232232c78e6b619ff76bc2d7543a9b59/transformed/foundation-layout-release because:
  Caching not enabled.
Transforming ui-unit-release.aar (androidx.compose.ui:ui-unit-android:1.6.4) with ExtractAarTransform
Caching disabled for AarTransform: /workspace/.gradle/caches/transforms-4/16b00306a1526991350c47e98548813b/transformed/animation-core-release because:
  Caching not enabled.
Transforming ui-unit-release.aar (androidx.compose.ui:ui-unit-android:1.6.4) with AarTransform
Transforming ui-geometry-release.aar (androidx.compose.ui:ui-geometry-android:1.6.4) with ExtractAarTransform
Transforming ui-geometry-release.aar (androidx.compose.ui:ui-geometry-android:1.6.4) with AarTransform
Transforming ui-util-release.aar (androidx.compose.ui:ui-util-android:1.6.4) with ExtractAarTransform
Transforming ui-util-release.aar (androidx.compose.ui:ui-util-android:1.6.4) with AarTransform
Caching disabled for AarTransform: /workspace/.gradle/caches/transforms-4/1d623f34420b284961d7513382c67f4d/transformed/animation-release because:
  Caching not enabled.
Transforming ui-text-release.aar (androidx.compose.ui:ui-text-android:1.6.4) with ExtractAarTransform
Transforming ui-text-release.aar (androidx.compose.ui:ui-text-android:1.6.4) with AarTransform
Transforming ui-tooling-preview-release.aar (androidx.compose.ui:ui-tooling-preview-android:1.6.4) with ExtractAarTransform
Transforming ui-tooling-preview-release.aar (androidx.compose.ui:ui-tooling-preview-android:1.6.4) with AarTransform
Transforming ui-graphics-release.aar (androidx.compose.ui:ui-graphics-android:1.6.4) with ExtractAarTransform
Caching disabled for AarTransform: /workspace/.gradle/caches/transforms-4/ac1d32fd2c95445ce5cfb81e798b051b/transformed/foundation-release because:
  Caching not enabled.
Transforming ui-graphics-release.aar (androidx.compose.ui:ui-graphics-android:1.6.4) with AarTransform
Transforming ui-test-manifest-1.6.4.aar (androidx.compose.ui:ui-test-manifest:1.6.4) with ExtractAarTransform
Transforming ui-test-manifest-1.6.4.aar (androidx.compose.ui:ui-test-manifest:1.6.4) with AarTransform
Transforming ui-tooling-release.aar (androidx.compose.ui:ui-tooling-android:1.6.4) with ExtractAarTransform
Transforming ui-tooling-release.aar (androidx.compose.ui:ui-tooling-android:1.6.4) with AarTransform
Transforming activity-compose-1.8.2.aar (androidx.activity:activity-compose:1.8.2) with ExtractAarTransform
Transforming activity-compose-1.8.2.aar (androidx.activity:activity-compose:1.8.2) with AarTransform
Transforming savedstate-ktx-1.2.1.aar (androidx.savedstate:savedstate-ktx:1.2.1) with ExtractAarTransform
Transforming savedstate-ktx-1.2.1.aar (androidx.savedstate:savedstate-ktx:1.2.1) with AarTransform
Transforming savedstate-1.2.1.aar (androidx.savedstate:savedstate:1.2.1) with ExtractAarTransform
Transforming savedstate-1.2.1.aar (androidx.savedstate:savedstate:1.2.1) with AarTransform
Transforming emoji2-1.3.0.aar (androidx.emoji2:emoji2:1.3.0) with ExtractAarTransform
Caching disabled for AarTransform: /workspace/.gradle/caches/transforms-4/e4e506f8b154a1e43acb500d635ef647/transformed/ui-tooling-data-release because:
  Caching not enabled.
Transforming emoji2-1.3.0.aar (androidx.emoji2:emoji2:1.3.0) with AarTransform
Transforming lifecycle-process-2.7.0.aar (androidx.lifecycle:lifecycle-process:2.7.0) with ExtractAarTransform
Transforming lifecycle-process-2.7.0.aar (androidx.lifecycle:lifecycle-process:2.7.0) with AarTransform
Transforming lifecycle-livedata-core-ktx-2.7.0.aar (androidx.lifecycle:lifecycle-livedata-core-ktx:2.7.0) with ExtractAarTransform
Transforming lifecycle-livedata-core-ktx-2.7.0.aar (androidx.lifecycle:lifecycle-livedata-core-ktx:2.7.0) with AarTransform
Transforming lifecycle-livedata-2.7.0.aar (androidx.lifecycle:lifecycle-livedata:2.7.0) with ExtractAarTransform
Caching disabled for AarTransform: /workspace/.gradle/caches/transforms-4/710df8012bdd042bfd191f1e335da5cd/transformed/ui-unit-release because:
  Caching not enabled.
Transforming lifecycle-livedata-2.7.0.aar (androidx.lifecycle:lifecycle-livedata:2.7.0) with AarTransform
Transforming lifecycle-livedata-core-2.7.0.aar (androidx.lifecycle:lifecycle-livedata-core:2.7.0) with ExtractAarTransform
Transforming lifecycle-livedata-core-2.7.0.aar (androidx.lifecycle:lifecycle-livedata-core:2.7.0) with AarTransform
Transforming lifecycle-viewmodel-2.7.0.aar (androidx.lifecycle:lifecycle-viewmodel:2.7.0) with ExtractAarTransform
Transforming lifecycle-viewmodel-2.7.0.aar (androidx.lifecycle:lifecycle-viewmodel:2.7.0) with AarTransform
Transforming lifecycle-viewmodel-compose-2.7.0.aar (androidx.lifecycle:lifecycle-viewmodel-compose:2.7.0) with ExtractAarTransform
Transforming lifecycle-viewmodel-compose-2.7.0.aar (androidx.lifecycle:lifecycle-viewmodel-compose:2.7.0) with AarTransform
Transforming ui-release.aar (androidx.compose.ui:ui-android:1.6.4) with ExtractAarTransform
Transforming ui-release.aar (androidx.compose.ui:ui-android:1.6.4) with AarTransform
Transforming autofill-1.0.0.aar (androidx.autofill:autofill:1.0.0) with ExtractAarTransform
Transforming autofill-1.0.0.aar (androidx.autofill:autofill:1.0.0) with AarTransform
Transforming core-1.12.0.aar (androidx.core:core:1.12.0) with ExtractAarTransform
Transforming core-1.12.0.aar (androidx.core:core:1.12.0) with AarTransform
Caching disabled for AarTransform: /workspace/.gradle/caches/transforms-4/aaeb1ae96531b02e68ce6a486f277a33/transformed/ui-util-release because:
  Caching not enabled.
Caching disabled for AarTransform: /workspace/.gradle/caches/transforms-4/ce5b020653ddba712bc061c275e9ad61/transformed/ui-geometry-release because:
  Caching not enabled.
Transforming core-1.12.0.aar (androidx.core:core:1.12.0) with ExtractAarTransform
Transforming core-1.12.0.aar (androidx.core:core:1.12.0) with AarTransform
Transforming lifecycle-runtime-2.7.0.aar (androidx.lifecycle:lifecycle-runtime:2.7.0) with ExtractAarTransform
Transforming lifecycle-runtime-2.7.0.aar (androidx.lifecycle:lifecycle-runtime:2.7.0) with AarTransform
Transforming lifecycle-livedata-ktx-2.7.0.aar (androidx.lifecycle:lifecycle-livedata-ktx:2.7.0) with ExtractAarTransform
Transforming lifecycle-livedata-ktx-2.7.0.aar (androidx.lifecycle:lifecycle-livedata-ktx:2.7.0) with AarTransform
Transforming lifecycle-viewmodel-ktx-2.7.0.aar (androidx.lifecycle:lifecycle-viewmodel-ktx:2.7.0) with ExtractAarTransform
Transforming lifecycle-viewmodel-ktx-2.7.0.aar (androidx.lifecycle:lifecycle-viewmodel-ktx:2.7.0) with AarTransform
Transforming lifecycle-runtime-ktx-2.7.0.aar (androidx.lifecycle:lifecycle-runtime-ktx:2.7.0) with ExtractAarTransform
Transforming lifecycle-runtime-ktx-2.7.0.aar (androidx.lifecycle:lifecycle-runtime-ktx:2.7.0) with AarTransform
Transforming lifecycle-viewmodel-savedstate-2.7.0.aar (androidx.lifecycle:lifecycle-viewmodel-savedstate:2.7.0) with ExtractAarTransform
Transforming lifecycle-viewmodel-savedstate-2.7.0.aar (androidx.lifecycle:lifecycle-viewmodel-savedstate:2.7.0) with AarTransform
Transforming customview-poolingcontainer-1.0.0.aar (androidx.customview:customview-poolingcontainer:1.0.0) with ExtractAarTransform
Transforming customview-poolingcontainer-1.0.0.aar (androidx.customview:customview-poolingcontainer:1.0.0) with AarTransform
Transforming core-ktx-1.12.0.aar (androidx.core:core-ktx:1.12.0) with ExtractAarTransform
Transforming core-ktx-1.12.0.aar (androidx.core:core-ktx:1.12.0) with AarTransform
Transforming datastore-preferences-1.0.0.aar (androidx.datastore:datastore-preferences:1.0.0) with ExtractAarTransform
Transforming datastore-preferences-1.0.0.aar (androidx.datastore:datastore-preferences:1.0.0) with AarTransform
Transforming datastore-1.0.0.aar (androidx.datastore:datastore:1.0.0) with ExtractAarTransform
Transforming datastore-1.0.0.aar (androidx.datastore:datastore:1.0.0) with AarTransform
Transforming runtime-saveable-release.aar (androidx.compose.runtime:runtime-saveable-android:1.6.4) with ExtractAarTransform
Transforming runtime-saveable-release.aar (androidx.compose.runtime:runtime-saveable-android:1.6.4) with AarTransform
Transforming runtime-release.aar (androidx.compose.runtime:runtime-android:1.6.4) with ExtractAarTransform
Transforming runtime-release.aar (androidx.compose.runtime:runtime-android:1.6.4) with AarTransform
Transforming annotation-experimental-1.4.0.aar (androidx.annotation:annotation-experimental:1.4.0) with ExtractAarTransform
Transforming annotation-experimental-1.4.0.aar (androidx.annotation:annotation-experimental:1.4.0) with AarTransform
Transforming versionedparcelable-1.1.1.aar (androidx.versionedparcelable:versionedparcelable:1.1.1) with ExtractAarTransform
Transforming versionedparcelable-1.1.1.aar (androidx.versionedparcelable:versionedparcelable:1.1.1) with AarTransform
Caching disabled for AarTransform: /workspace/.gradle/caches/transforms-4/4565f55f0f07c5efed9edf1bb0274dff/transformed/ui-text-release because:
  Caching not enabled.
Caching disabled for AarTransform: /workspace/.gradle/caches/transforms-4/8d6b0761d75c78b228ec1f5dea9c4cee/transformed/activity-compose-1.8.2 because:
  Caching not enabled.
Transforming interpolator-1.0.0.aar (androidx.interpolator:interpolator:1.0.0) with ExtractAarTransform
Caching disabled for AarTransform: /workspace/.gradle/caches/transforms-4/c74c575b27d0b56d7a70ecc055137df6/transformed/ui-graphics-release because:
  Caching not enabled.
Transforming interpolator-1.0.0.aar (androidx.interpolator:interpolator:1.0.0) with AarTransform
Caching disabled for AarTransform: /workspace/.gradle/caches/transforms-4/0b166972d7952571cb2da19fc0566dca/transformed/savedstate-ktx-1.2.1 because:
  Caching not enabled.
Transforming core-runtime-2.2.0.aar (androidx.arch.core:core-runtime:2.2.0) with ExtractAarTransform
Transforming core-runtime-2.2.0.aar (androidx.arch.core:core-runtime:2.2.0) with AarTransform
Transforming profileinstaller-1.3.0.aar (androidx.profileinstaller:profileinstaller:1.3.0) with ExtractAarTransform
Transforming profileinstaller-1.3.0.aar (androidx.profileinstaller:profileinstaller:1.3.0) with AarTransform
Transforming startup-runtime-1.1.1.aar (androidx.startup:startup-runtime:1.1.1) with ExtractAarTransform
Transforming startup-runtime-1.1.1.aar (androidx.startup:startup-runtime:1.1.1) with AarTransform
Transforming tracing-1.0.0.aar (androidx.tracing:tracing:1.0.0) with ExtractAarTransform
Transforming tracing-1.0.0.aar (androidx.tracing:tracing:1.0.0) with AarTransform
Caching disabled for AarTransform: /workspace/.gradle/caches/transforms-4/94d1a4405153c77be1357eeffb7b9bcc/transformed/ui-tooling-release because:
  Caching not enabled.
Caching disabled for AarTransform: /workspace/.gradle/caches/transforms-4/0b153673e76d503f1b8aad3e5a48ee0f/transformed/ui-tooling-preview-release because:
  Caching not enabled.
Caching disabled for AarTransform: /workspace/.gradle/caches/transforms-4/d9899dfc4c6b0e9f93e464010bddbfd7/transformed/ui-test-manifest-1.6.4 because:
  Caching not enabled.
Caching disabled for AarTransform: /workspace/.gradle/caches/transforms-4/b2b9e56cbb698003967f600d06aa3c7a/transformed/emoji2-1.3.0 because:
  Caching not enabled.
Caching disabled for AarTransform: /workspace/.gradle/caches/transforms-4/cf310a40479184744538dfa8e4fb2615/transformed/lifecycle-livedata-core-ktx-2.7.0 because:
  Caching not enabled.
Caching disabled for AarTransform: /workspace/.gradle/caches/transforms-4/db184dfcebec29d49067bacff1afa7f0/transformed/savedstate-1.2.1 because:
  Caching not enabled.
Caching disabled for AarTransform: /workspace/.gradle/caches/transforms-4/a407dfa33d80152d8268c0a0c9c98049/transformed/lifecycle-process-2.7.0 because:
  Caching not enabled.
Caching disabled for AarTransform: /workspace/.gradle/caches/transforms-4/d21afd2a3376f9c0706b340814c01fd1/transformed/lifecycle-livedata-2.7.0 because:
  Caching not enabled.
Caching disabled for AarTransform: /workspace/.gradle/caches/transforms-4/9eb2a18eb394740451f9e7d424c1f3dd/transformed/lifecycle-livedata-core-2.7.0 because:
  Caching not enabled.
Caching disabled for AarTransform: /workspace/.gradle/caches/transforms-4/d600063c72699ca9da51a7d16a7c268d/transformed/lifecycle-viewmodel-2.7.0 because:
  Caching not enabled.
Caching disabled for AarTransform: /workspace/.gradle/caches/transforms-4/9e111fb35cc77cf2ed1f2ee31703d6c2/transformed/autofill-1.0.0 because:
  Caching not enabled.
Caching disabled for AarTransform: /workspace/.gradle/caches/transforms-4/57c968b9bb5236e58b4a8a5c5198c8fb/transformed/lifecycle-runtime-2.7.0 because:
  Caching not enabled.
Caching disabled for AarTransform: /workspace/.gradle/caches/transforms-4/50acb597d049e48696ac71503e753e17/transformed/lifecycle-viewmodel-compose-2.7.0 because:
  Caching not enabled.
Caching disabled for AarTransform: /workspace/.gradle/caches/transforms-4/b72a7cccc2ae488abf1eb1d51baafd1a/transformed/lifecycle-livedata-ktx-2.7.0 because:
  Caching not enabled.
Caching disabled for AarTransform: /workspace/.gradle/caches/transforms-4/4771a1eb69f3512016b20a53493ce3a2/transformed/core-1.12.0 because:
  Caching not enabled.
Caching disabled for AarTransform: /workspace/.gradle/caches/transforms-4/5029422ae79e3c232555577f5eaa6118/transformed/ui-release because:
  Caching not enabled.
Caching disabled for AarTransform: /workspace/.gradle/caches/transforms-4/631aeafa2c7328777909676ddf7792f2/transformed/lifecycle-viewmodel-ktx-2.7.0 because:
  Caching not enabled.
Caching disabled for AarTransform: /workspace/.gradle/caches/transforms-4/d468713a3521c28f477ac7c312ce98f5/transformed/lifecycle-runtime-ktx-2.7.0 because:
  Caching not enabled.
Caching disabled for AarTransform: /workspace/.gradle/caches/transforms-4/ef067102df3a8de17087cbc1506ee732/transformed/lifecycle-viewmodel-savedstate-2.7.0 because:
  Caching not enabled.
Caching disabled for AarTransform: /workspace/.gradle/caches/transforms-4/b0a886c878b6c0a73d5fba1ceb949adc/transformed/customview-poolingcontainer-1.0.0 because:
  Caching not enabled.
Caching disabled for AarTransform: /workspace/.gradle/caches/transforms-4/26e29483bf683be15b713d78c98239a5/transformed/datastore-1.0.0 because:
  Caching not enabled.
Caching disabled for AarTransform: /workspace/.gradle/caches/transforms-4/07bb1b9d25de4029dfe6d3bdf5de5a8a/transformed/datastore-preferences-1.0.0 because:
  Caching not enabled.
Caching disabled for AarTransform: /workspace/.gradle/caches/transforms-4/5859385c9c13e1cb3a90ec2ea9b3522b/transformed/core-ktx-1.12.0 because:
  Caching not enabled.
Caching disabled for AarTransform: /workspace/.gradle/caches/transforms-4/d52ae1484565a3bc155819b9d6429554/transformed/runtime-saveable-release because:
  Caching not enabled.
Caching disabled for AarTransform: /workspace/.gradle/caches/transforms-4/4de248ce99c8084f7c7fc996faf502aa/transformed/runtime-release because:
  Caching not enabled.
Caching disabled for AarTransform: /workspace/.gradle/caches/transforms-4/c2a1e21b219405b319654d3f4ea66960/transformed/annotation-experimental-1.4.0 because:
  Caching not enabled.
Caching disabled for AarTransform: /workspace/.gradle/caches/transforms-4/3bfc64ca99154eaf8516431bd7a80926/transformed/interpolator-1.0.0 because:
  Caching not enabled.
Caching disabled for AarTransform: /workspace/.gradle/caches/transforms-4/e423d569bb6334f228f038087639aeb7/transformed/versionedparcelable-1.1.1 because:
  Caching not enabled.
Caching disabled for AarTransform: /workspace/.gradle/caches/transforms-4/6a4e242f2ad8de9cf9daa6da53dda784/transformed/profileinstaller-1.3.0 because:
  Caching not enabled.
Caching disabled for AarTransform: /workspace/.gradle/caches/transforms-4/7e84ae563f08e451c19e83405a44d953/transformed/core-runtime-2.2.0 because:
  Caching not enabled.
Caching disabled for AarTransform: /workspace/.gradle/caches/transforms-4/ef77213a492e1dbb8dea0f9c1c13dd6e/transformed/tracing-1.0.0 because:
  Caching not enabled.
Caching disabled for AarTransform: /workspace/.gradle/caches/transforms-4/93b3459ee74e2302eb60ea65038362a0/transformed/startup-runtime-1.1.1 because:
  Caching not enabled.
Caching disabled for task ':app:mapDebugSourceSetPaths' because:
  Caching has been disabled for the task
Task ':app:mapDebugSourceSetPaths' is not up-to-date because:
  No history is available.
Resolve mutations for :app:generateDebugResources (Thread[Execution worker Thread 5,5,main]) started.
:app:generateDebugResources (Thread[Execution worker Thread 5,5,main]) started.

> Task :app:generateDebugResources
Build cache key for task ':app:generateDebugResources' is 2e119ed8fc6e7d7e68bf1fb5bd9b028d
Task ':app:generateDebugResources' is not up-to-date because:
  No history is available.
Stored cache entry for task ':app:generateDebugResources' with cache key 2e119ed8fc6e7d7e68bf1fb5bd9b028d
Resolve mutations for :app:mergeDebugResources (Thread[Execution worker Thread 5,5,main]) started.
:app:mergeDebugResources (Thread[Execution worker Thread 5,5,main]) started.
Resolve mutations for :app:packageDebugResources (Thread[Execution worker Thread 14,5,main]) started.
:app:packageDebugResources (Thread[Execution worker Thread 14,5,main]) started.

> Task :app:packageDebugResources
Build cache key for task ':app:packageDebugResources' is c1456fd8bb0f4b8f71cfaf0c25e9fe01
Task ':app:packageDebugResources' is not up-to-date because:
  No history is available.
The input changes require a full rebuild for incremental task ':app:packageDebugResources'.
[MergeResources] Inputs are non-incremental full task action.
Stored cache entry for task ':app:packageDebugResources' with cache key c1456fd8bb0f4b8f71cfaf0c25e9fe01
Resolve mutations for :app:parseDebugLocalResources (Thread[Execution worker Thread 14,5,main]) started.
:app:parseDebugLocalResources (Thread[Execution worker Thread 14,5,main]) started.

> Task :app:mergeDebugResources
Build cache key for task ':app:mergeDebugResources' is eda08093813212f436be1ee36acc581c
Task ':app:mergeDebugResources' is not up-to-date because:
  No history is available.
The input changes require a full rebuild for incremental task ':app:mergeDebugResources'.
[MergeResources] Inputs are non-incremental full task action.
Compiling XML table /workspace/app/build/intermediates/incremental/debug/mergeDebugResources/merged.dir/values-de/values-de.xml to /workspace/app/build/intermediates/merged_res/debug/mergeDebugResources/values-de_values-de.arsc.flat
Compiling XML table /workspace/app/build/intermediates/incremental/debug/mergeDebugResources/merged.dir/values-lo/values-lo.xml to /workspace/app/build/intermediates/merged_res/debug/mergeDebugResources/values-lo_values-lo.arsc.flat
Compiling XML table /workspace/app/build/intermediates/incremental/debug/mergeDebugResources/merged.dir/values-pt/values-pt.xml to /workspace/app/build/intermediates/merged_res/debug/mergeDebugResources/values-pt_values-pt.arsc.flat
Compiling XML table /workspace/app/build/intermediates/incremental/debug/mergeDebugResources/merged.dir/values-hi/values-hi.xml to /workspace/app/build/intermediates/merged_res/debug/mergeDebugResources/values-hi_values-hi.arsc.flat
Compiling XML table /workspace/app/build/intermediates/incremental/debug/mergeDebugResources/merged.dir/values/values.xml to /workspace/app/build/intermediates/merged_res/debug/mergeDebugResources/values_values.arsc.flat
Compiling XML table /workspace/app/build/intermediates/incremental/debug/mergeDebugResources/merged.dir/values-lt/values-lt.xml to /workspace/app/build/intermediates/merged_res/debug/mergeDebugResources/values-lt_values-lt.arsc.flat
Compiling XML table /workspace/app/build/intermediates/incremental/debug/mergeDebugResources/merged.dir/values-lv/values-lv.xml to /workspace/app/build/intermediates/merged_res/debug/mergeDebugResources/values-lv_values-lv.arsc.flat
Compiling XML table /workspace/app/build/intermediates/incremental/debug/mergeDebugResources/merged.dir/values-hr/values-hr.xml to /workspace/app/build/intermediates/merged_res/debug/mergeDebugResources/values-hr_values-hr.arsc.flat
Compiling XML table /workspace/app/build/intermediates/incremental/debug/mergeDebugResources/merged.dir/values-hu/values-hu.xml to /workspace/app/build/intermediates/merged_res/debug/mergeDebugResources/values-hu_values-hu.arsc.flat
Compiling XML table /workspace/app/build/intermediates/incremental/debug/mergeDebugResources/merged.dir/values-en-rIN/values-en-rIN.xml to /workspace/app/build/intermediates/merged_res/debug/mergeDebugResources/values-en-rIN_values-en-rIN.arsc.flat
Compiling XML table /workspace/app/build/intermediates/incremental/debug/mergeDebugResources/merged.dir/values-hy/values-hy.xml to /workspace/app/build/intermediates/merged_res/debug/mergeDebugResources/values-hy_values-hy.arsc.flat
Compiling XML table /workspace/app/build/intermediates/incremental/debug/mergeDebugResources/merged.dir/values-uk/values-uk.xml to /workspace/app/build/intermediates/merged_res/debug/mergeDebugResources/values-uk_values-uk.arsc.flat
Compiling XML table /workspace/app/build/intermediates/incremental/debug/mergeDebugResources/merged.dir/values-v16/values-v16.xml to /workspace/app/build/intermediates/merged_res/debug/mergeDebugResources/values-v16_values-v16.arsc.flat
Compiling XML table /workspace/app/build/intermediates/incremental/debug/mergeDebugResources/merged.dir/values-ur/values-ur.xml to /workspace/app/build/intermediates/merged_res/debug/mergeDebugResources/values-ur_values-ur.arsc.flat
Compiling XML table /workspace/app/build/intermediates/incremental/debug/mergeDebugResources/merged.dir/values-mk/values-mk.xml to /workspace/app/build/intermediates/merged_res/debug/mergeDebugResources/values-mk_values-mk.arsc.flat
Compiling XML table /workspace/app/build/intermediates/incremental/debug/mergeDebugResources/merged.dir/values-mn/values-mn.xml to /workspace/app/build/intermediates/merged_res/debug/mergeDebugResources/values-mn_values-mn.arsc.flat
Compiling XML table /workspace/app/build/intermediates/incremental/debug/mergeDebugResources/merged.dir/values-uz/values-uz.xml to /workspace/app/build/intermediates/merged_res/debug/mergeDebugResources/values-uz_values-uz.arsc.flat
Compiling XML table /workspace/app/build/intermediates/incremental/debug/mergeDebugResources/merged.dir/values-mr/values-mr.xml to /workspace/app/build/intermediates/merged_res/debug/mergeDebugResources/values-mr_values-mr.arsc.flat
Compiling XML table /workspace/app/build/intermediates/incremental/debug/mergeDebugResources/merged.dir/values-ml/values-ml.xml to /workspace/app/build/intermediates/merged_res/debug/mergeDebugResources/values-ml_values-ml.arsc.flat
Compiling XML table /workspace/app/build/intermediates/incremental/debug/mergeDebugResources/merged.dir/values-es/values-es.xml to /workspace/app/build/intermediates/merged_res/debug/mergeDebugResources/values-es_values-es.arsc.flat
Compiling XML table /workspace/app/build/intermediates/incremental/debug/mergeDebugResources/merged.dir/values-vi/values-vi.xml to /workspace/app/build/intermediates/merged_res/debug/mergeDebugResources/values-vi_values-vi.arsc.flat
Compiling XML table /workspace/app/build/intermediates/incremental/debug/mergeDebugResources/merged.dir/values-zh-rHK/values-zh-rHK.xml to /workspace/app/build/intermediates/merged_res/debug/mergeDebugResources/values-zh-rHK_values-zh-rHK.arsc.flat
Compiling XML table /workspace/app/build/intermediates/incremental/debug/mergeDebugResources/merged.dir/values-it/values-it.xml to /workspace/app/build/intermediates/merged_res/debug/mergeDebugResources/values-it_values-it.arsc.flat
Compiling XML table /workspace/app/build/intermediates/incremental/debug/mergeDebugResources/merged.dir/values-ar/values-ar.xml to /workspace/app/build/intermediates/merged_res/debug/mergeDebugResources/values-ar_values-ar.arsc.flat
Compiling XML table /workspace/app/build/intermediates/incremental/debug/mergeDebugResources/merged.dir/values-ms/values-ms.xml to /workspace/app/build/intermediates/merged_res/debug/mergeDebugResources/values-ms_values-ms.arsc.flat
Compiling XML table /workspace/app/build/intermediates/incremental/debug/mergeDebugResources/merged.dir/values-eu/values-eu.xml to /workspace/app/build/intermediates/merged_res/debug/mergeDebugResources/values-eu_values-eu.arsc.flat
Compiling XML table /workspace/app/build/intermediates/incremental/debug/mergeDebugResources/merged.dir/values-as/values-as.xml to /workspace/app/build/intermediates/merged_res/debug/mergeDebugResources/values-as_values-as.arsc.flat
Compiling XML table /workspace/app/build/intermediates/incremental/debug/mergeDebugResources/merged.dir/values-zh-rTW/values-zh-rTW.xml to /workspace/app/build/intermediates/merged_res/debug/mergeDebugResources/values-zh-rTW_values-zh-rTW.arsc.flat
Compiling XML table /workspace/app/build/intermediates/incremental/debug/mergeDebugResources/merged.dir/values-b+sr+Latn/values-b+sr+Latn.xml to /workspace/app/build/intermediates/merged_res/debug/mergeDebugResources/values-b+sr+Latn_values-b+sr+Latn.arsc.flat
Compiling XML table /workspace/app/build/intermediates/incremental/debug/mergeDebugResources/merged.dir/values-el/values-el.xml to /workspace/app/build/intermediates/merged_res/debug/mergeDebugResources/values-el_values-el.arsc.flat
Compiling XML table /workspace/app/build/intermediates/incremental/debug/mergeDebugResources/merged.dir/values-am/values-am.xml to /workspace/app/build/intermediates/merged_res/debug/mergeDebugResources/values-am_values-am.arsc.flat
Compiling XML table /workspace/app/build/intermediates/incremental/debug/mergeDebugResources/merged.dir/values-in/values-in.xml to /workspace/app/build/intermediates/merged_res/debug/mergeDebugResources/values-in_values-in.arsc.flat
Compiling XML table /workspace/app/build/intermediates/incremental/debug/mergeDebugResources/merged.dir/values-is/values-is.xml to /workspace/app/build/intermediates/merged_res/debug/mergeDebugResources/values-is_values-is.arsc.flat
Compiling XML table /workspace/app/build/intermediates/incremental/debug/mergeDebugResources/merged.dir/values-nb/values-nb.xml to /workspace/app/build/intermediates/merged_res/debug/mergeDebugResources/values-nb_values-nb.arsc.flat
Compiling XML table /workspace/app/build/intermediates/incremental/debug/mergeDebugResources/merged.dir/values-et/values-et.xml to /workspace/app/build/intermediates/merged_res/debug/mergeDebugResources/values-et_values-et.arsc.flat
Compiling XML table /workspace/app/build/intermediates/incremental/debug/mergeDebugResources/merged.dir/values-fi/values-fi.xml to /workspace/app/build/intermediates/merged_res/debug/mergeDebugResources/values-fi_values-fi.arsc.flat
Compiling XML table /workspace/app/build/intermediates/incremental/debug/mergeDebugResources/merged.dir/values-my/values-my.xml to /workspace/app/build/intermediates/merged_res/debug/mergeDebugResources/values-my_values-my.arsc.flat
Compiling XML table /workspace/app/build/intermediates/incremental/debug/mergeDebugResources/merged.dir/values-iw/values-iw.xml to /workspace/app/build/intermediates/merged_res/debug/mergeDebugResources/values-iw_values-iw.arsc.flat
Compiling XML table /workspace/app/build/intermediates/incremental/debug/mergeDebugResources/merged.dir/values-zh-rCN/values-zh-rCN.xml to /workspace/app/build/intermediates/merged_res/debug/mergeDebugResources/values-zh-rCN_values-zh-rCN.arsc.flat
Compiling XML table /workspace/app/build/intermediates/incremental/debug/mergeDebugResources/merged.dir/values-ko/values-ko.xml to /workspace/app/build/intermediates/merged_res/debug/mergeDebugResources/values-ko_values-ko.arsc.flat
Compiling XML table /workspace/app/build/intermediates/incremental/debug/mergeDebugResources/merged.dir/values-fa/values-fa.xml to /workspace/app/build/intermediates/merged_res/debug/mergeDebugResources/values-fa_values-fa.arsc.flat
Compiling XML table /workspace/app/build/intermediates/incremental/debug/mergeDebugResources/merged.dir/values-bs/values-bs.xml to /workspace/app/build/intermediates/merged_res/debug/mergeDebugResources/values-bs_values-bs.arsc.flat
Compiling XML table /workspace/app/build/intermediates/incremental/debug/mergeDebugResources/merged.dir/values-ne/values-ne.xml to /workspace/app/build/intermediates/merged_res/debug/mergeDebugResources/values-ne_values-ne.arsc.flat
Compiling XML table /workspace/app/build/intermediates/incremental/debug/mergeDebugResources/merged.dir/values-ru/values-ru.xml to /workspace/app/build/intermediates/merged_res/debug/mergeDebugResources/values-ru_values-ru.arsc.flat
Compiling XML table /workspace/app/build/intermediates/incremental/debug/mergeDebugResources/merged.dir/values-az/values-az.xml to /workspace/app/build/intermediates/merged_res/debug/mergeDebugResources/values-az_values-az.arsc.flat
Compiling XML table /workspace/app/build/intermediates/incremental/debug/mergeDebugResources/merged.dir/values-nl/values-nl.xml to /workspace/app/build/intermediates/merged_res/debug/mergeDebugResources/values-nl_values-nl.arsc.flat
Compiling XML table /workspace/app/build/intermediates/incremental/debug/mergeDebugResources/merged.dir/values-ro/values-ro.xml to /workspace/app/build/intermediates/merged_res/debug/mergeDebugResources/values-ro_values-ro.arsc.flat
Compiling XML table /workspace/app/build/intermediates/incremental/debug/mergeDebugResources/merged.dir/values-ja/values-ja.xml to /workspace/app/build/intermediates/merged_res/debug/mergeDebugResources/values-ja_values-ja.arsc.flat
Compiling XML table /workspace/app/build/intermediates/incremental/debug/mergeDebugResources/merged.dir/values-pt-rPT/values-pt-rPT.xml to /workspace/app/build/intermediates/merged_res/debug/mergeDebugResources/values-pt-rPT_values-pt-rPT.arsc.flat
Compiling XML table /workspace/app/build/intermediates/incremental/debug/mergeDebugResources/merged.dir/values-pt-rBR/values-pt-rBR.xml to /workspace/app/build/intermediates/merged_res/debug/mergeDebugResources/values-pt-rBR_values-pt-rBR.arsc.flat
Compiling XML table /workspace/app/build/intermediates/incremental/debug/mergeDebugResources/merged.dir/values-sl/values-sl.xml to /workspace/app/build/intermediates/merged_res/debug/mergeDebugResources/values-sl_values-sl.arsc.flat
Compiling XML table /workspace/app/build/intermediates/incremental/debug/mergeDebugResources/merged.dir/values-kk/values-kk.xml to /workspace/app/build/intermediates/merged_res/debug/mergeDebugResources/values-kk_values-kk.arsc.flat
Compiling XML table /workspace/app/build/intermediates/incremental/debug/mergeDebugResources/merged.dir/values-bn/values-bn.xml to /workspace/app/build/intermediates/merged_res/debug/mergeDebugResources/values-bn_values-bn.arsc.flat
Compiling XML table /workspace/app/build/intermediates/incremental/debug/mergeDebugResources/merged.dir/values-sr/values-sr.xml to /workspace/app/build/intermediates/merged_res/debug/mergeDebugResources/values-sr_values-sr.arsc.flat
Compiling xml file /workspace/app/src/main/res/xml/backup_rules.xml to /workspace/app/build/intermediates/merged_res/debug/mergeDebugResources/xml_backup_rules.xml.flat
Compiling XML table /workspace/app/build/intermediates/incremental/debug/mergeDebugResources/merged.dir/values-km/values-km.xml to /workspace/app/build/intermediates/merged_res/debug/mergeDebugResources/values-km_values-km.arsc.flat
Compiling XML table /workspace/app/build/intermediates/incremental/debug/mergeDebugResources/merged.dir/values-bg/values-bg.xml to /workspace/app/build/intermediates/merged_res/debug/mergeDebugResources/values-bg_values-bg.arsc.flat
Compiling XML table /workspace/app/build/intermediates/incremental/debug/mergeDebugResources/merged.dir/values-be/values-be.xml to /workspace/app/build/intermediates/merged_res/debug/mergeDebugResources/values-be_values-be.arsc.flat
Compiling XML table /workspace/app/build/intermediates/incremental/debug/mergeDebugResources/merged.dir/values-or/values-or.xml to /workspace/app/build/intermediates/merged_res/debug/mergeDebugResources/values-or_values-or.arsc.flat
Compiling XML table /workspace/app/build/intermediates/incremental/debug/mergeDebugResources/merged.dir/values-fr/values-fr.xml to /workspace/app/build/intermediates/merged_res/debug/mergeDebugResources/values-fr_values-fr.arsc.flat
Compiling XML table /workspace/app/build/intermediates/incremental/debug/mergeDebugResources/merged.dir/values-sv/values-sv.xml to /workspace/app/build/intermediates/merged_res/debug/mergeDebugResources/values-sv_values-sv.arsc.flat
Compiling XML table /workspace/app/build/intermediates/incremental/debug/mergeDebugResources/merged.dir/values-sk/values-sk.xml to /workspace/app/build/intermediates/merged_res/debug/mergeDebugResources/values-sk_values-sk.arsc.flat
Compiling XML table /workspace/app/build/intermediates/incremental/debug/mergeDebugResources/merged.dir/values-zu/values-zu.xml to /workspace/app/build/intermediates/merged_res/debug/mergeDebugResources/values-zu_values-zu.arsc.flat
Compiling XML table /workspace/app/build/intermediates/incremental/debug/mergeDebugResources/merged.dir/values-en-rXC/values-en-rXC.xml to /workspace/app/build/intermediates/merged_res/debug/mergeDebugResources/values-en-rXC_values-en-rXC.arsc.flat
Compiling XML table /workspace/app/build/intermediates/incremental/debug/mergeDebugResources/merged.dir/values-en-rAU/values-en-rAU.xml to /workspace/app/build/intermediates/merged_res/debug/mergeDebugResources/values-en-rAU_values-en-rAU.arsc.flat
Compiling XML table /workspace/app/build/intermediates/incremental/debug/mergeDebugResources/merged.dir/values-si/values-si.xml to /workspace/app/build/intermediates/merged_res/debug/mergeDebugResources/values-si_values-si.arsc.flat
Compiling xml file /workspace/app/src/main/res/drawable/ic_launcher.xml to /workspace/app/build/intermediates/merged_res/debug/mergeDebugResources/drawable_ic_launcher.xml.flat
Compiling XML table /workspace/app/build/intermediates/incremental/debug/mergeDebugResources/merged.dir/values-th/values-th.xml to /workspace/app/build/intermediates/merged_res/debug/mergeDebugResources/values-th_values-th.arsc.flat
Compiling XML table /workspace/app/build/intermediates/incremental/debug/mergeDebugResources/merged.dir/values-ta/values-ta.xml to /workspace/app/build/intermediates/merged_res/debug/mergeDebugResources/values-ta_values-ta.arsc.flat
Compiling XML table /workspace/app/build/intermediates/incremental/debug/mergeDebugResources/merged.dir/values-tl/values-tl.xml to /workspace/app/build/intermediates/merged_res/debug/mergeDebugResources/values-tl_values-tl.arsc.flat
Compiling XML table /workspace/app/build/intermediates/incremental/debug/mergeDebugResources/merged.dir/values-tr/values-tr.xml to /workspace/app/build/intermediates/merged_res/debug/mergeDebugResources/values-tr_values-tr.arsc.flat
Compiling XML table /workspace/app/build/intermediates/incremental/debug/mergeDebugResources/merged.dir/values-en-rCA/values-en-rCA.xml to /workspace/app/build/intermediates/merged_res/debug/mergeDebugResources/values-en-rCA_values-en-rCA.arsc.flat
Compiling XML table /workspace/app/build/intermediates/incremental/debug/mergeDebugResources/merged.dir/values-ky/values-ky.xml to /workspace/app/build/intermediates/merged_res/debug/mergeDebugResources/values-ky_values-ky.arsc.flat
Compiling XML table /workspace/app/build/intermediates/incremental/debug/mergeDebugResources/merged.dir/values-sq/values-sq.xml to /workspace/app/build/intermediates/merged_res/debug/mergeDebugResources/values-sq_values-sq.arsc.flat
Compiling XML table /workspace/app/build/intermediates/incremental/debug/mergeDebugResources/merged.dir/values-gl/values-gl.xml to /workspace/app/build/intermediates/merged_res/debug/mergeDebugResources/values-gl_values-gl.arsc.flat
Compiling XML table /workspace/app/build/intermediates/incremental/debug/mergeDebugResources/merged.dir/values-fr-rCA/values-fr-rCA.xml to /workspace/app/build/intermediates/merged_res/debug/mergeDebugResources/values-fr-rCA_values-fr-rCA.arsc.flat
Compiling XML table /workspace/app/build/intermediates/incremental/debug/mergeDebugResources/merged.dir/values-kn/values-kn.xml to /workspace/app/build/intermediates/merged_res/debug/mergeDebugResources/values-kn_values-kn.arsc.flat
Compiling XML table /workspace/app/build/intermediates/incremental/debug/mergeDebugResources/merged.dir/values-pa/values-pa.xml to /workspace/app/build/intermediates/merged_res/debug/mergeDebugResources/values-pa_values-pa.arsc.flat
Compiling XML table /workspace/app/build/intermediates/incremental/debug/mergeDebugResources/merged.dir/values-af/values-af.xml to /workspace/app/build/intermediates/merged_res/debug/mergeDebugResources/values-af_values-af.arsc.flat
Compiling XML table /workspace/app/build/intermediates/incremental/debug/mergeDebugResources/merged.dir/values-ca/values-ca.xml to /workspace/app/build/intermediates/merged_res/debug/mergeDebugResources/values-ca_values-ca.arsc.flat
Compiling XML table /workspace/app/build/intermediates/incremental/debug/mergeDebugResources/merged.dir/values-pl/values-pl.xml to /workspace/app/build/intermediates/merged_res/debug/mergeDebugResources/values-pl_values-pl.arsc.flat
Compiling xml file /workspace/app/src/main/res/mipmap-anydpi-v26/ic_launcher.xml to /workspace/app/build/intermediates/merged_res/debug/mergeDebugResources/mipmap-anydpi-v26_ic_launcher.xml.flat
Compiling xml file /workspace/app/src/main/res/drawable/ic_launcher_foreground.xml to /workspace/app/build/intermediates/merged_res/debug/mergeDebugResources/drawable_ic_launcher_foreground.xml.flat
Compiling XML table /workspace/app/build/intermediates/incremental/debug/mergeDebugResources/merged.dir/values-da/values-da.xml to /workspace/app/build/intermediates/merged_res/debug/mergeDebugResources/values-da_values-da.arsc.flat
Compiling XML table /workspace/app/build/intermediates/incremental/debug/mergeDebugResources/merged.dir/values-es-rUS/values-es-rUS.xml to /workspace/app/build/intermediates/merged_res/debug/mergeDebugResources/values-es-rUS_values-es-rUS.arsc.flat
Compiling xml file /workspace/app/src/main/res/mipmap-anydpi-v26/ic_launcher_round.xml to /workspace/app/build/intermediates/merged_res/debug/mergeDebugResources/mipmap-anydpi-v26_ic_launcher_round.xml.flat
Compiling XML table /workspace/app/build/intermediates/incremental/debug/mergeDebugResources/merged.dir/values-v21/values-v21.xml to /workspace/app/build/intermediates/merged_res/debug/mergeDebugResources/values-v21_values-v21.arsc.flat
Compiling XML table /workspace/app/build/intermediates/incremental/debug/mergeDebugResources/merged.dir/values-gu/values-gu.xml to /workspace/app/build/intermediates/merged_res/debug/mergeDebugResources/values-gu_values-gu.arsc.flat
Compiling XML table /workspace/app/build/intermediates/incremental/debug/mergeDebugResources/merged.dir/values-sw/values-sw.xml to /workspace/app/build/intermediates/merged_res/debug/mergeDebugResources/values-sw_values-sw.arsc.flat
Compiling XML table /workspace/app/build/intermediates/incremental/debug/mergeDebugResources/merged.dir/values-en-rGB/values-en-rGB.xml to /workspace/app/build/intermediates/merged_res/debug/mergeDebugResources/values-en-rGB_values-en-rGB.arsc.flat
Compiling XML table /workspace/app/build/intermediates/incremental/debug/mergeDebugResources/merged.dir/values-ka/values-ka.xml to /workspace/app/build/intermediates/merged_res/debug/mergeDebugResources/values-ka_values-ka.arsc.flat
Compiling xml file /workspace/app/src/main/res/xml/data_extraction_rules.xml to /workspace/app/build/intermediates/merged_res/debug/mergeDebugResources/xml_data_extraction_rules.xml.flat
Compiling XML table /workspace/app/build/intermediates/incremental/debug/mergeDebugResources/merged.dir/values-cs/values-cs.xml to /workspace/app/build/intermediates/merged_res/debug/mergeDebugResources/values-cs_values-cs.arsc.flat
Compiling XML table /workspace/app/build/intermediates/incremental/debug/mergeDebugResources/merged.dir/values-te/values-te.xml to /workspace/app/build/intermediates/merged_res/debug/mergeDebugResources/values-te_values-te.arsc.flat
Stored cache entry for task ':app:mergeDebugResources' with cache key eda08093813212f436be1ee36acc581c
Resolve mutations for :app:createDebugCompatibleScreenManifests (Thread[included builds,5,main]) started.
:app:createDebugCompatibleScreenManifests (Thread[included builds,5,main]) started.

> Task :app:createDebugCompatibleScreenManifests
Caching disabled for task ':app:createDebugCompatibleScreenManifests' because:
  Caching has been disabled for the task
Task ':app:createDebugCompatibleScreenManifests' is not up-to-date because:
  No history is available.
Resolve mutations for :app:extractDeepLinksDebug (Thread[included builds,5,main]) started.
:app:extractDeepLinksDebug (Thread[Execution worker Thread 16,5,main]) started.

> Task :app:extractDeepLinksDebug
Build cache key for task ':app:extractDeepLinksDebug' is b0a60278c2591b6df5cccef178dc57e3
Task ':app:extractDeepLinksDebug' is not up-to-date because:
  No history is available.
Stored cache entry for task ':app:extractDeepLinksDebug' with cache key b0a60278c2591b6df5cccef178dc57e3
Resolve mutations for :app:processDebugMainManifest (Thread[Execution worker Thread 16,5,main]) started.
:app:processDebugMainManifest (Thread[Execution worker Thread 16,5,main]) started.

> Task :app:parseDebugLocalResources
Transforming android.jar with PlatformAttrTransform
Build cache key for PlatformAttrTransform: /opt/android-sdk/platforms/android-34/android.jar is d381ff1ace38aaec55ac739a07548900
Stored cache entry for PlatformAttrTransform: /opt/android-sdk/platforms/android-34/android.jar with cache key d381ff1ace38aaec55ac739a07548900
Transforming android.jar with PlatformAttrTransform
Build cache key for task ':app:parseDebugLocalResources' is 84de180b48e5cc68105616357bf3be68
Task ':app:parseDebugLocalResources' is not up-to-date because:
  No history is available.
The input changes require a full rebuild for incremental task ':app:parseDebugLocalResources'.
Transforming android.jar with PlatformAttrTransform
Stored cache entry for task ':app:parseDebugLocalResources' with cache key 84de180b48e5cc68105616357bf3be68

> Task :app:processDebugMainManifest
Transforming navigation-common-2.7.7.aar (androidx.navigation:navigation-common:2.7.7) with ExtractAarTransform
Transforming navigation-common-2.7.7.aar (androidx.navigation:navigation-common:2.7.7) with AarTransform
Transforming navigation-runtime-2.7.7.aar (androidx.navigation:navigation-runtime:2.7.7) with ExtractAarTransform
Transforming navigation-runtime-2.7.7.aar (androidx.navigation:navigation-runtime:2.7.7) with AarTransform
Transforming navigation-common-ktx-2.7.7.aar (androidx.navigation:navigation-common-ktx:2.7.7) with ExtractAarTransform
Transforming navigation-common-ktx-2.7.7.aar (androidx.navigation:navigation-common-ktx:2.7.7) with AarTransform
Caching disabled for AarTransform: /workspace/.gradle/caches/transforms-4/0fea065fb4234b12f991c69970cee8d3/transformed/navigation-common-2.7.7 because:
  Caching not enabled.
Transforming navigation-runtime-ktx-2.7.7.aar (androidx.navigation:navigation-runtime-ktx:2.7.7) with ExtractAarTransform
Transforming navigation-runtime-ktx-2.7.7.aar (androidx.navigation:navigation-runtime-ktx:2.7.7) with AarTransform
Caching disabled for AarTransform: /workspace/.gradle/caches/transforms-4/85ea1ea404a182def58458c63b0d9836/transformed/navigation-common-ktx-2.7.7 because:
  Caching not enabled.
Transforming navigation-compose-2.7.7.aar (androidx.navigation:navigation-compose:2.7.7) with ExtractAarTransform
Caching disabled for AarTransform: /workspace/.gradle/caches/transforms-4/86d70db63e1eb756fda5071aeb227f39/transformed/navigation-runtime-2.7.7 because:
  Caching not enabled.
Transforming navigation-compose-2.7.7.aar (androidx.navigation:navigation-compose:2.7.7) with AarTransform
Caching disabled for AarTransform: /workspace/.gradle/caches/transforms-4/15379664a606b955b42233db57753c41/transformed/navigation-runtime-ktx-2.7.7 because:
  Caching not enabled.
Transforming activity-1.8.2.aar (androidx.activity:activity:1.8.2) with ExtractAarTransform
Transforming activity-1.8.2.aar (androidx.activity:activity:1.8.2) with AarTransform
Caching disabled for AarTransform: /workspace/.gradle/caches/transforms-4/b5971f5da2fd52e75497edb51137b0cb/transformed/navigation-compose-2.7.7 because:
  Caching not enabled.
Transforming activity-ktx-1.8.2.aar (androidx.activity:activity-ktx:1.8.2) with ExtractAarTransform
Transforming activity-ktx-1.8.2.aar (androidx.activity:activity-ktx:1.8.2) with AarTransform
Transforming material3-release.aar (androidx.compose.material3:material3-android:1.2.1) with ExtractAarTransform
Transforming material3-release.aar (androidx.compose.material3:material3-android:1.2.1) with AarTransform
Caching disabled for AarTransform: /workspace/.gradle/caches/transforms-4/c7b0c69307091fc7d69b42a0325a8124/transformed/activity-1.8.2 because:
  Caching not enabled.
Transforming material-release.aar (androidx.compose.material:material-android:1.6.4) with ExtractAarTransform
Transforming material-release.aar (androidx.compose.material:material-android:1.6.4) with AarTransform
Caching disabled for AarTransform: /workspace/.gradle/caches/transforms-4/76c38cc3f7f788cea8335f8d51cd3122/transformed/activity-ktx-1.8.2 because:
  Caching not enabled.
Transforming material-icons-core-release.aar (androidx.compose.material:material-icons-core-android:1.6.4) with ExtractAarTransform
Caching disabled for AarTransform: /workspace/.gradle/caches/transforms-4/de80c736eb80f3d60e6ba2a31e60f975/transformed/material-release because:
  Caching not enabled.
Caching disabled for AarTransform: /workspace/.gradle/caches/transforms-4/dcbdec9e729edbf1b9c060e556ed1dec/transformed/material3-release because:
  Caching not enabled.
Transforming material-icons-core-release.aar (androidx.compose.material:material-icons-core-android:1.6.4) with AarTransform
Transforming material-ripple-release.aar (androidx.compose.material:material-ripple-android:1.6.4) with ExtractAarTransform
Transforming material-ripple-release.aar (androidx.compose.material:material-ripple-android:1.6.4) with AarTransform
Transforming foundation-release.aar (androidx.compose.foundation:foundation-android:1.6.4) with ExtractAarTransform
Transforming foundation-release.aar (androidx.compose.foundation:foundation-android:1.6.4) with AarTransform
Caching disabled for AarTransform: /workspace/.gradle/caches/transforms-4/62fba5d43d60fc339483d72a9140269a/transformed/material-icons-core-release because:
  Caching not enabled.
Transforming foundation-layout-release.aar (androidx.compose.foundation:foundation-layout-android:1.6.4) with ExtractAarTransform
Transforming foundation-layout-release.aar (androidx.compose.foundation:foundation-layout-android:1.6.4) with AarTransform
Transforming animation-core-release.aar (androidx.compose.animation:animation-core-android:1.6.4) with ExtractAarTransform
Transforming animation-core-release.aar (androidx.compose.animation:animation-core-android:1.6.4) with AarTransform
Transforming animation-release.aar (androidx.compose.animation:animation-android:1.6.4) with ExtractAarTransform
Transforming animation-release.aar (androidx.compose.animation:animation-android:1.6.4) with AarTransform
Caching disabled for AarTransform: /workspace/.gradle/caches/transforms-4/b738e97444bb68b92450887935dd6be5/transformed/material-ripple-release because:
  Caching not enabled.
Transforming ui-tooling-data-release.aar (androidx.compose.ui:ui-tooling-data-android:1.6.4) with ExtractAarTransform
Transforming ui-tooling-data-release.aar (androidx.compose.ui:ui-tooling-data-android:1.6.4) with AarTransform
Caching disabled for AarTransform: /workspace/.gradle/caches/transforms-4/16b00306a1526991350c47e98548813b/transformed/animation-core-release because:
  Caching not enabled.
Caching disabled for AarTransform: /workspace/.gradle/caches/transforms-4/ac1d32fd2c95445ce5cfb81e798b051b/transformed/foundation-release because:
  Caching not enabled.
Caching disabled for AarTransform: /workspace/.gradle/caches/transforms-4/232232c78e6b619ff76bc2d7543a9b59/transformed/foundation-layout-release because:
  Caching not enabled.
Transforming ui-unit-release.aar (androidx.compose.ui:ui-unit-android:1.6.4) with ExtractAarTransform
Transforming ui-unit-release.aar (androidx.compose.ui:ui-unit-android:1.6.4) with AarTransform
Transforming ui-geometry-release.aar (androidx.compose.ui:ui-geometry-android:1.6.4) with ExtractAarTransform
Transforming ui-geometry-release.aar (androidx.compose.ui:ui-geometry-android:1.6.4) with AarTransform
Transforming ui-util-release.aar (androidx.compose.ui:ui-util-android:1.6.4) with ExtractAarTransform
Transforming ui-util-release.aar (androidx.compose.ui:ui-util-android:1.6.4) with AarTransform
Caching disabled for AarTransform: /workspace/.gradle/caches/transforms-4/e4e506f8b154a1e43acb500d635ef647/transformed/ui-tooling-data-release because:
  Caching not enabled.
Transforming ui-text-release.aar (androidx.compose.ui:ui-text-android:1.6.4) with ExtractAarTransform
Caching disabled for AarTransform: /workspace/.gradle/caches/transforms-4/ce5b020653ddba712bc061c275e9ad61/transformed/ui-geometry-release because:
  Caching not enabled.
Transforming ui-text-release.aar (androidx.compose.ui:ui-text-android:1.6.4) with AarTransform
Transforming ui-tooling-preview-release.aar (androidx.compose.ui:ui-tooling-preview-android:1.6.4) with ExtractAarTransform
Transforming ui-tooling-preview-release.aar (androidx.compose.ui:ui-tooling-preview-android:1.6.4) with AarTransform
Transforming ui-graphics-release.aar (androidx.compose.ui:ui-graphics-android:1.6.4) with ExtractAarTransform
Transforming ui-graphics-release.aar (androidx.compose.ui:ui-graphics-android:1.6.4) with AarTransform
Transforming ui-test-manifest-1.6.4.aar (androidx.compose.ui:ui-test-manifest:1.6.4) with ExtractAarTransform
Caching disabled for AarTransform: /workspace/.gradle/caches/transforms-4/aaeb1ae96531b02e68ce6a486f277a33/transformed/ui-util-release because:
  Caching not enabled.
Caching disabled for AarTransform: /workspace/.gradle/caches/transforms-4/0b153673e76d503f1b8aad3e5a48ee0f/transformed/ui-tooling-preview-release because:
  Caching not enabled.
Transforming ui-test-manifest-1.6.4.aar (androidx.compose.ui:ui-test-manifest:1.6.4) with AarTransform
Transforming ui-tooling-release.aar (androidx.compose.ui:ui-tooling-android:1.6.4) with ExtractAarTransform
Transforming ui-tooling-release.aar (androidx.compose.ui:ui-tooling-android:1.6.4) with AarTransform
Transforming activity-compose-1.8.2.aar (androidx.activity:activity-compose:1.8.2) with ExtractAarTransform
Transforming activity-compose-1.8.2.aar (androidx.activity:activity-compose:1.8.2) with AarTransform
Transforming savedstate-ktx-1.2.1.aar (androidx.savedstate:savedstate-ktx:1.2.1) with ExtractAarTransform
Caching disabled for AarTransform: /workspace/.gradle/caches/transforms-4/4565f55f0f07c5efed9edf1bb0274dff/transformed/ui-text-release because:
  Caching not enabled.
Transforming savedstate-ktx-1.2.1.aar (androidx.savedstate:savedstate-ktx:1.2.1) with AarTransform
Caching disabled for AarTransform: /workspace/.gradle/caches/transforms-4/c74c575b27d0b56d7a70ecc055137df6/transformed/ui-graphics-release because:
  Caching not enabled.
Transforming savedstate-1.2.1.aar (androidx.savedstate:savedstate:1.2.1) with ExtractAarTransform
Transforming savedstate-1.2.1.aar (androidx.savedstate:savedstate:1.2.1) with AarTransform
Transforming emoji2-1.3.0.aar (androidx.emoji2:emoji2:1.3.0) with ExtractAarTransform
Transforming emoji2-1.3.0.aar (androidx.emoji2:emoji2:1.3.0) with AarTransform
Transforming lifecycle-process-2.7.0.aar (androidx.lifecycle:lifecycle-process:2.7.0) with ExtractAarTransform
Transforming lifecycle-process-2.7.0.aar (androidx.lifecycle:lifecycle-process:2.7.0) with AarTransform
Transforming lifecycle-livedata-core-ktx-2.7.0.aar (androidx.lifecycle:lifecycle-livedata-core-ktx:2.7.0) with ExtractAarTransform
Transforming lifecycle-livedata-core-ktx-2.7.0.aar (androidx.lifecycle:lifecycle-livedata-core-ktx:2.7.0) with AarTransform
Caching disabled for AarTransform: /workspace/.gradle/caches/transforms-4/d9899dfc4c6b0e9f93e464010bddbfd7/transformed/ui-test-manifest-1.6.4 because:
  Caching not enabled.
Transforming lifecycle-livedata-2.7.0.aar (androidx.lifecycle:lifecycle-livedata:2.7.0) with ExtractAarTransform
Transforming lifecycle-livedata-2.7.0.aar (androidx.lifecycle:lifecycle-livedata:2.7.0) with AarTransform
Transforming lifecycle-livedata-core-2.7.0.aar (androidx.lifecycle:lifecycle-livedata-core:2.7.0) with ExtractAarTransform
Transforming lifecycle-livedata-core-2.7.0.aar (androidx.lifecycle:lifecycle-livedata-core:2.7.0) with AarTransform
Transforming lifecycle-viewmodel-2.7.0.aar (androidx.lifecycle:lifecycle-viewmodel:2.7.0) with ExtractAarTransform
Transforming lifecycle-viewmodel-2.7.0.aar (androidx.lifecycle:lifecycle-viewmodel:2.7.0) with AarTransform
Transforming lifecycle-viewmodel-compose-2.7.0.aar (androidx.lifecycle:lifecycle-viewmodel-compose:2.7.0) with ExtractAarTransform
Transforming lifecycle-viewmodel-compose-2.7.0.aar (androidx.lifecycle:lifecycle-viewmodel-compose:2.7.0) with AarTransform
Transforming ui-release.aar (androidx.compose.ui:ui-android:1.6.4) with ExtractAarTransform
Transforming ui-release.aar (androidx.compose.ui:ui-android:1.6.4) with AarTransform
Transforming autofill-1.0.0.aar (androidx.autofill:autofill:1.0.0) with ExtractAarTransform
Transforming autofill-1.0.0.aar (androidx.autofill:autofill:1.0.0) with AarTransform
Transforming core-1.12.0.aar (androidx.core:core:1.12.0) with ExtractAarTransform
Transforming core-1.12.0.aar (androidx.core:core:1.12.0) with AarTransform
Transforming core-1.12.0.aar (androidx.core:core:1.12.0) with ExtractAarTransform
Transforming core-1.12.0.aar (androidx.core:core:1.12.0) with AarTransform
Transforming lifecycle-runtime-2.7.0.aar (androidx.lifecycle:lifecycle-runtime:2.7.0) with ExtractAarTransform
Transforming lifecycle-runtime-2.7.0.aar (androidx.lifecycle:lifecycle-runtime:2.7.0) with AarTransform
Transforming lifecycle-livedata-ktx-2.7.0.aar (androidx.lifecycle:lifecycle-livedata-ktx:2.7.0) with ExtractAarTransform
Caching disabled for AarTransform: /workspace/.gradle/caches/transforms-4/94d1a4405153c77be1357eeffb7b9bcc/transformed/ui-tooling-release because:
  Caching not enabled.
Transforming lifecycle-livedata-ktx-2.7.0.aar (androidx.lifecycle:lifecycle-livedata-ktx:2.7.0) with AarTransform
Caching disabled for AarTransform: /workspace/.gradle/caches/transforms-4/8d6b0761d75c78b228ec1f5dea9c4cee/transformed/activity-compose-1.8.2 because:
  Caching not enabled.
Transforming lifecycle-viewmodel-ktx-2.7.0.aar (androidx.lifecycle:lifecycle-viewmodel-ktx:2.7.0) with ExtractAarTransform
Transforming lifecycle-viewmodel-ktx-2.7.0.aar (androidx.lifecycle:lifecycle-viewmodel-ktx:2.7.0) with AarTransform
Transforming lifecycle-runtime-ktx-2.7.0.aar (androidx.lifecycle:lifecycle-runtime-ktx:2.7.0) with ExtractAarTransform
Transforming lifecycle-runtime-ktx-2.7.0.aar (androidx.lifecycle:lifecycle-runtime-ktx:2.7.0) with AarTransform
Caching disabled for AarTransform: /workspace/.gradle/caches/transforms-4/db184dfcebec29d49067bacff1afa7f0/transformed/savedstate-1.2.1 because:
  Caching not enabled.
Transforming lifecycle-viewmodel-savedstate-2.7.0.aar (androidx.lifecycle:lifecycle-viewmodel-savedstate:2.7.0) with ExtractAarTransform
Transforming lifecycle-viewmodel-savedstate-2.7.0.aar (androidx.lifecycle:lifecycle-viewmodel-savedstate:2.7.0) with AarTransform
Transforming customview-poolingcontainer-1.0.0.aar (androidx.customview:customview-poolingcontainer:1.0.0) with ExtractAarTransform
Transforming customview-poolingcontainer-1.0.0.aar (androidx.customview:customview-poolingcontainer:1.0.0) with AarTransform
Caching disabled for AarTransform: /workspace/.gradle/caches/transforms-4/cf310a40479184744538dfa8e4fb2615/transformed/lifecycle-livedata-core-ktx-2.7.0 because:
  Caching not enabled.
Transforming core-ktx-1.12.0.aar (androidx.core:core-ktx:1.12.0) with ExtractAarTransform
Transforming core-ktx-1.12.0.aar (androidx.core:core-ktx:1.12.0) with AarTransform
Caching disabled for AarTransform: /workspace/.gradle/caches/transforms-4/a407dfa33d80152d8268c0a0c9c98049/transformed/lifecycle-process-2.7.0 because:
  Caching not enabled.
Transforming datastore-preferences-1.0.0.aar (androidx.datastore:datastore-preferences:1.0.0) with ExtractAarTransform
Caching disabled for AarTransform: /workspace/.gradle/caches/transforms-4/d21afd2a3376f9c0706b340814c01fd1/transformed/lifecycle-livedata-2.7.0 because:
  Caching not enabled.
Transforming datastore-preferences-1.0.0.aar (androidx.datastore:datastore-preferences:1.0.0) with AarTransform
Caching disabled for AarTransform: /workspace/.gradle/caches/transforms-4/b2b9e56cbb698003967f600d06aa3c7a/transformed/emoji2-1.3.0 because:
  Caching not enabled.
Caching disabled for AarTransform: /workspace/.gradle/caches/transforms-4/9eb2a18eb394740451f9e7d424c1f3dd/transformed/lifecycle-livedata-core-2.7.0 because:
  Caching not enabled.
Caching disabled for AarTransform: /workspace/.gradle/caches/transforms-4/0b166972d7952571cb2da19fc0566dca/transformed/savedstate-ktx-1.2.1 because:
  Caching not enabled.
Transforming datastore-1.0.0.aar (androidx.datastore:datastore:1.0.0) with ExtractAarTransform
Transforming datastore-1.0.0.aar (androidx.datastore:datastore:1.0.0) with AarTransform
Transforming runtime-saveable-release.aar (androidx.compose.runtime:runtime-saveable-android:1.6.4) with ExtractAarTransform
Transforming runtime-saveable-release.aar (androidx.compose.runtime:runtime-saveable-android:1.6.4) with AarTransform
Transforming runtime-release.aar (androidx.compose.runtime:runtime-android:1.6.4) with ExtractAarTransform
Transforming runtime-release.aar (androidx.compose.runtime:runtime-android:1.6.4) with AarTransform
Transforming annotation-experimental-1.4.0.aar (androidx.annotation:annotation-experimental:1.4.0) with ExtractAarTransform
Transforming annotation-experimental-1.4.0.aar (androidx.annotation:annotation-experimental:1.4.0) with AarTransform
Transforming versionedparcelable-1.1.1.aar (androidx.versionedparcelable:versionedparcelable:1.1.1) with ExtractAarTransform
Transforming versionedparcelable-1.1.1.aar (androidx.versionedparcelable:versionedparcelable:1.1.1) with AarTransform
Transforming interpolator-1.0.0.aar (androidx.interpolator:interpolator:1.0.0) with ExtractAarTransform
Caching disabled for AarTransform: /workspace/.gradle/caches/transforms-4/1d623f34420b284961d7513382c67f4d/transformed/animation-release because:
  Caching not enabled.
Transforming interpolator-1.0.0.aar (androidx.interpolator:interpolator:1.0.0) with AarTransform
Transforming core-runtime-2.2.0.aar (androidx.arch.core:core-runtime:2.2.0) with ExtractAarTransform
Transforming core-runtime-2.2.0.aar (androidx.arch.core:core-runtime:2.2.0) with AarTransform
Transforming profileinstaller-1.3.0.aar (androidx.profileinstaller:profileinstaller:1.3.0) with ExtractAarTransform
Transforming profileinstaller-1.3.0.aar (androidx.profileinstaller:profileinstaller:1.3.0) with AarTransform
Transforming startup-runtime-1.1.1.aar (androidx.startup:startup-runtime:1.1.1) with ExtractAarTransform
Transforming startup-runtime-1.1.1.aar (androidx.startup:startup-runtime:1.1.1) with AarTransform
Transforming tracing-1.0.0.aar (androidx.tracing:tracing:1.0.0) with ExtractAarTransform
Transforming tracing-1.0.0.aar (androidx.tracing:tracing:1.0.0) with AarTransform
Caching disabled for AarTransform: /workspace/.gradle/caches/transforms-4/9e111fb35cc77cf2ed1f2ee31703d6c2/transformed/autofill-1.0.0 because:
  Caching not enabled.
Caching disabled for AarTransform: /workspace/.gradle/caches/transforms-4/631aeafa2c7328777909676ddf7792f2/transformed/lifecycle-viewmodel-ktx-2.7.0 because:
  Caching not enabled.
Caching disabled for AarTransform: /workspace/.gradle/caches/transforms-4/4771a1eb69f3512016b20a53493ce3a2/transformed/core-1.12.0 because:
  Caching not enabled.
Caching disabled for AarTransform: /workspace/.gradle/caches/transforms-4/50acb597d049e48696ac71503e753e17/transformed/lifecycle-viewmodel-compose-2.7.0 because:
  Caching not enabled.
Caching disabled for AarTransform: /workspace/.gradle/caches/transforms-4/57c968b9bb5236e58b4a8a5c5198c8fb/transformed/lifecycle-runtime-2.7.0 because:
  Caching not enabled.
Caching disabled for AarTransform: /workspace/.gradle/caches/transforms-4/d468713a3521c28f477ac7c312ce98f5/transformed/lifecycle-runtime-ktx-2.7.0 because:
  Caching not enabled.
Caching disabled for AarTransform: /workspace/.gradle/caches/transforms-4/5029422ae79e3c232555577f5eaa6118/transformed/ui-release because:
  Caching not enabled.
Caching disabled for AarTransform: /workspace/.gradle/caches/transforms-4/b72a7cccc2ae488abf1eb1d51baafd1a/transformed/lifecycle-livedata-ktx-2.7.0 because:
  Caching not enabled.
Caching disabled for AarTransform: /workspace/.gradle/caches/transforms-4/5859385c9c13e1cb3a90ec2ea9b3522b/transformed/core-ktx-1.12.0 because:
  Caching not enabled.
Caching disabled for AarTransform: /workspace/.gradle/caches/transforms-4/b0a886c878b6c0a73d5fba1ceb949adc/transformed/customview-poolingcontainer-1.0.0 because:
  Caching not enabled.
Caching disabled for AarTransform: /workspace/.gradle/caches/transforms-4/ef067102df3a8de17087cbc1506ee732/transformed/lifecycle-viewmodel-savedstate-2.7.0 because:
  Caching not enabled.
Caching disabled for AarTransform: /workspace/.gradle/caches/transforms-4/07bb1b9d25de4029dfe6d3bdf5de5a8a/transformed/datastore-preferences-1.0.0 because:
  Caching not enabled.
Caching disabled for AarTransform: /workspace/.gradle/caches/transforms-4/d52ae1484565a3bc155819b9d6429554/transformed/runtime-saveable-release because:
  Caching not enabled.
Caching disabled for AarTransform: /workspace/.gradle/caches/transforms-4/710df8012bdd042bfd191f1e335da5cd/transformed/ui-unit-release because:
  Caching not enabled.
Caching disabled for AarTransform: /workspace/.gradle/caches/transforms-4/c2a1e21b219405b319654d3f4ea66960/transformed/annotation-experimental-1.4.0 because:
  Caching not enabled.
Caching disabled for AarTransform: /workspace/.gradle/caches/transforms-4/26e29483bf683be15b713d78c98239a5/transformed/datastore-1.0.0 because:
  Caching not enabled.
Caching disabled for AarTransform: /workspace/.gradle/caches/transforms-4/7e84ae563f08e451c19e83405a44d953/transformed/core-runtime-2.2.0 because:
  Caching not enabled.
Caching disabled for AarTransform: /workspace/.gradle/caches/transforms-4/e423d569bb6334f228f038087639aeb7/transformed/versionedparcelable-1.1.1 because:
  Caching not enabled.
Caching disabled for AarTransform: /workspace/.gradle/caches/transforms-4/6a4e242f2ad8de9cf9daa6da53dda784/transformed/profileinstaller-1.3.0 because:
  Caching not enabled.
Caching disabled for AarTransform: /workspace/.gradle/caches/transforms-4/3bfc64ca99154eaf8516431bd7a80926/transformed/interpolator-1.0.0 because:
  Caching not enabled.
Caching disabled for AarTransform: /workspace/.gradle/caches/transforms-4/93b3459ee74e2302eb60ea65038362a0/transformed/startup-runtime-1.1.1 because:
  Caching not enabled.
Caching disabled for AarTransform: /workspace/.gradle/caches/transforms-4/d600063c72699ca9da51a7d16a7c268d/transformed/lifecycle-viewmodel-2.7.0 because:
  Caching not enabled.
Caching disabled for AarTransform: /workspace/.gradle/caches/transforms-4/ef77213a492e1dbb8dea0f9c1c13dd6e/transformed/tracing-1.0.0 because:
  Caching not enabled.
Caching disabled for AarTransform: /workspace/.gradle/caches/transforms-4/4de248ce99c8084f7c7fc996faf502aa/transformed/runtime-release because:
  Caching not enabled.
Transforming navigation-common-2.7.7.aar (androidx.navigation:navigation-common:2.7.7) with ExtractAarTransform
Transforming navigation-common-2.7.7.aar (androidx.navigation:navigation-common:2.7.7) with AarTransform
Transforming navigation-runtime-2.7.7.aar (androidx.navigation:navigation-runtime:2.7.7) with ExtractAarTransform
Transforming navigation-runtime-2.7.7.aar (androidx.navigation:navigation-runtime:2.7.7) with AarTransform
Transforming navigation-common-ktx-2.7.7.aar (androidx.navigation:navigation-common-ktx:2.7.7) with ExtractAarTransform
Transforming navigation-common-ktx-2.7.7.aar (androidx.navigation:navigation-common-ktx:2.7.7) with AarTransform
Caching disabled for AarTransform: /workspace/.gradle/caches/transforms-4/0fea065fb4234b12f991c69970cee8d3/transformed/navigation-common-2.7.7 because:
  Caching not enabled.
Transforming navigation-runtime-ktx-2.7.7.aar (androidx.navigation:navigation-runtime-ktx:2.7.7) with ExtractAarTransform
Transforming navigation-runtime-ktx-2.7.7.aar (androidx.navigation:navigation-runtime-ktx:2.7.7) with AarTransform
Transforming navigation-compose-2.7.7.aar (androidx.navigation:navigation-compose:2.7.7) with ExtractAarTransform
Transforming navigation-compose-2.7.7.aar (androidx.navigation:navigation-compose:2.7.7) with AarTransform
Caching disabled for AarTransform: /workspace/.gradle/caches/transforms-4/86d70db63e1eb756fda5071aeb227f39/transformed/navigation-runtime-2.7.7 because:
  Caching not enabled.
Transforming activity-1.8.2.aar (androidx.activity:activity:1.8.2) with ExtractAarTransform
Transforming activity-1.8.2.aar (androidx.activity:activity:1.8.2) with AarTransform
Transforming activity-ktx-1.8.2.aar (androidx.activity:activity-ktx:1.8.2) with ExtractAarTransform
Transforming activity-ktx-1.8.2.aar (androidx.activity:activity-ktx:1.8.2) with AarTransform
Transforming material3-release.aar (androidx.compose.material3:material3-android:1.2.1) with ExtractAarTransform
Transforming material3-release.aar (androidx.compose.material3:material3-android:1.2.1) with AarTransform
Caching disabled for AarTransform: /workspace/.gradle/caches/transforms-4/85ea1ea404a182def58458c63b0d9836/transformed/navigation-common-ktx-2.7.7 because:
  Caching not enabled.
Caching disabled for AarTransform: /workspace/.gradle/caches/transforms-4/15379664a606b955b42233db57753c41/transformed/navigation-runtime-ktx-2.7.7 because:
  Caching not enabled.
Transforming material-release.aar (androidx.compose.material:material-android:1.6.4) with ExtractAarTransform
Transforming material-release.aar (androidx.compose.material:material-android:1.6.4) with AarTransform
Caching disabled for AarTransform: /workspace/.gradle/caches/transforms-4/b5971f5da2fd52e75497edb51137b0cb/transformed/navigation-compose-2.7.7 because:
  Caching not enabled.
Transforming material-icons-core-release.aar (androidx.compose.material:material-icons-core-android:1.6.4) with ExtractAarTransform
Transforming material-icons-core-release.aar (androidx.compose.material:material-icons-core-android:1.6.4) with AarTransform
Transforming material-ripple-release.aar (androidx.compose.material:material-ripple-android:1.6.4) with ExtractAarTransform
Transforming material-ripple-release.aar (androidx.compose.material:material-ripple-android:1.6.4) with AarTransform
Caching disabled for AarTransform: /workspace/.gradle/caches/transforms-4/c7b0c69307091fc7d69b42a0325a8124/transformed/activity-1.8.2 because:
  Caching not enabled.
Caching disabled for AarTransform: /workspace/.gradle/caches/transforms-4/dcbdec9e729edbf1b9c060e556ed1dec/transformed/material3-release because:
  Caching not enabled.
Caching disabled for AarTransform: /workspace/.gradle/caches/transforms-4/76c38cc3f7f788cea8335f8d51cd3122/transformed/activity-ktx-1.8.2 because:
  Caching not enabled.
Caching disabled for AarTransform: /workspace/.gradle/caches/transforms-4/de80c736eb80f3d60e6ba2a31e60f975/transformed/material-release because:
  Caching not enabled.
Caching disabled for AarTransform: /workspace/.gradle/caches/transforms-4/62fba5d43d60fc339483d72a9140269a/transformed/material-icons-core-release because:
  Caching not enabled.
Transforming foundation-release.aar (androidx.compose.foundation:foundation-android:1.6.4) with ExtractAarTransform
Transforming foundation-release.aar (androidx.compose.foundation:foundation-android:1.6.4) with AarTransform
Caching disabled for AarTransform: /workspace/.gradle/caches/transforms-4/b738e97444bb68b92450887935dd6be5/transformed/material-ripple-release because:
  Caching not enabled.
Transforming foundation-layout-release.aar (androidx.compose.foundation:foundation-layout-android:1.6.4) with ExtractAarTransform
Transforming foundation-layout-release.aar (androidx.compose.foundation:foundation-layout-android:1.6.4) with AarTransform
Transforming animation-core-release.aar (androidx.compose.animation:animation-core-android:1.6.4) with ExtractAarTransform
Transforming animation-core-release.aar (androidx.compose.animation:animation-core-android:1.6.4) with AarTransform
Transforming animation-release.aar (androidx.compose.animation:animation-android:1.6.4) with ExtractAarTransform
Caching disabled for AarTransform: /workspace/.gradle/caches/transforms-4/232232c78e6b619ff76bc2d7543a9b59/transformed/foundation-layout-release because:
  Caching not enabled.
Transforming animation-release.aar (androidx.compose.animation:animation-android:1.6.4) with AarTransform
Transforming ui-tooling-data-release.aar (androidx.compose.ui:ui-tooling-data-android:1.6.4) with ExtractAarTransform
Transforming ui-tooling-data-release.aar (androidx.compose.ui:ui-tooling-data-android:1.6.4) with AarTransform
Caching disabled for AarTransform: /workspace/.gradle/caches/transforms-4/16b00306a1526991350c47e98548813b/transformed/animation-core-release because:
  Caching not enabled.
Transforming ui-unit-release.aar (androidx.compose.ui:ui-unit-android:1.6.4) with ExtractAarTransform
Transforming ui-unit-release.aar (androidx.compose.ui:ui-unit-android:1.6.4) with AarTransform
Caching disabled for AarTransform: /workspace/.gradle/caches/transforms-4/1d623f34420b284961d7513382c67f4d/transformed/animation-release because:
  Caching not enabled.
Caching disabled for AarTransform: /workspace/.gradle/caches/transforms-4/ac1d32fd2c95445ce5cfb81e798b051b/transformed/foundation-release because:
  Caching not enabled.
Transforming ui-geometry-release.aar (androidx.compose.ui:ui-geometry-android:1.6.4) with ExtractAarTransform
Transforming ui-geometry-release.aar (androidx.compose.ui:ui-geometry-android:1.6.4) with AarTransform
Transforming ui-util-release.aar (androidx.compose.ui:ui-util-android:1.6.4) with ExtractAarTransform
Transforming ui-util-release.aar (androidx.compose.ui:ui-util-android:1.6.4) with AarTransform
Caching disabled for AarTransform: /workspace/.gradle/caches/transforms-4/710df8012bdd042bfd191f1e335da5cd/transformed/ui-unit-release because:
  Caching not enabled.
Transforming ui-text-release.aar (androidx.compose.ui:ui-text-android:1.6.4) with ExtractAarTransform
Transforming ui-text-release.aar (androidx.compose.ui:ui-text-android:1.6.4) with AarTransform
Transforming ui-tooling-preview-release.aar (androidx.compose.ui:ui-tooling-preview-android:1.6.4) with ExtractAarTransform
Transforming ui-tooling-preview-release.aar (androidx.compose.ui:ui-tooling-preview-android:1.6.4) with AarTransform
Transforming ui-graphics-release.aar (androidx.compose.ui:ui-graphics-android:1.6.4) with ExtractAarTransform
Transforming ui-graphics-release.aar (androidx.compose.ui:ui-graphics-android:1.6.4) with AarTransform
Transforming ui-test-manifest-1.6.4.aar (androidx.compose.ui:ui-test-manifest:1.6.4) with ExtractAarTransform
Transforming ui-test-manifest-1.6.4.aar (androidx.compose.ui:ui-test-manifest:1.6.4) with AarTransform
Transforming ui-tooling-release.aar (androidx.compose.ui:ui-tooling-android:1.6.4) with ExtractAarTransform
Transforming ui-tooling-release.aar (androidx.compose.ui:ui-tooling-android:1.6.4) with AarTransform
Transforming activity-compose-1.8.2.aar (androidx.activity:activity-compose:1.8.2) with ExtractAarTransform
Transforming activity-compose-1.8.2.aar (androidx.activity:activity-compose:1.8.2) with AarTransform
Transforming savedstate-ktx-1.2.1.aar (androidx.savedstate:savedstate-ktx:1.2.1) with ExtractAarTransform
Transforming savedstate-ktx-1.2.1.aar (androidx.savedstate:savedstate-ktx:1.2.1) with AarTransform
Transforming savedstate-1.2.1.aar (androidx.savedstate:savedstate:1.2.1) with ExtractAarTransform
Transforming savedstate-1.2.1.aar (androidx.savedstate:savedstate:1.2.1) with AarTransform
Transforming emoji2-1.3.0.aar (androidx.emoji2:emoji2:1.3.0) with ExtractAarTransform
Transforming emoji2-1.3.0.aar (androidx.emoji2:emoji2:1.3.0) with AarTransform
Transforming lifecycle-process-2.7.0.aar (androidx.lifecycle:lifecycle-process:2.7.0) with ExtractAarTransform
Transforming lifecycle-process-2.7.0.aar (androidx.lifecycle:lifecycle-process:2.7.0) with AarTransform
Transforming lifecycle-livedata-core-ktx-2.7.0.aar (androidx.lifecycle:lifecycle-livedata-core-ktx:2.7.0) with ExtractAarTransform
Transforming lifecycle-livedata-core-ktx-2.7.0.aar (androidx.lifecycle:lifecycle-livedata-core-ktx:2.7.0) with AarTransform
Transforming lifecycle-livedata-2.7.0.aar (androidx.lifecycle:lifecycle-livedata:2.7.0) with ExtractAarTransform
Transforming lifecycle-livedata-2.7.0.aar (androidx.lifecycle:lifecycle-livedata:2.7.0) with AarTransform
Transforming lifecycle-livedata-core-2.7.0.aar (androidx.lifecycle:lifecycle-livedata-core:2.7.0) with ExtractAarTransform
Transforming lifecycle-livedata-core-2.7.0.aar (androidx.lifecycle:lifecycle-livedata-core:2.7.0) with AarTransform
Transforming lifecycle-viewmodel-2.7.0.aar (androidx.lifecycle:lifecycle-viewmodel:2.7.0) with ExtractAarTransform
Transforming lifecycle-viewmodel-2.7.0.aar (androidx.lifecycle:lifecycle-viewmodel:2.7.0) with AarTransform
Transforming lifecycle-viewmodel-compose-2.7.0.aar (androidx.lifecycle:lifecycle-viewmodel-compose:2.7.0) with ExtractAarTransform
Caching disabled for AarTransform: /workspace/.gradle/caches/transforms-4/c74c575b27d0b56d7a70ecc055137df6/transformed/ui-graphics-release because:
  Caching not enabled.
Caching disabled for AarTransform: /workspace/.gradle/caches/transforms-4/0b153673e76d503f1b8aad3e5a48ee0f/transformed/ui-tooling-preview-release because:
  Caching not enabled.
Transforming lifecycle-viewmodel-compose-2.7.0.aar (androidx.lifecycle:lifecycle-viewmodel-compose:2.7.0) with AarTransform
Caching disabled for AarTransform: /workspace/.gradle/caches/transforms-4/94d1a4405153c77be1357eeffb7b9bcc/transformed/ui-tooling-release because:
  Caching not enabled.
Transforming ui-release.aar (androidx.compose.ui:ui-android:1.6.4) with ExtractAarTransform
Transforming ui-release.aar (androidx.compose.ui:ui-android:1.6.4) with AarTransform
Transforming autofill-1.0.0.aar (androidx.autofill:autofill:1.0.0) with ExtractAarTransform
Transforming autofill-1.0.0.aar (androidx.autofill:autofill:1.0.0) with AarTransform
Caching disabled for AarTransform: /workspace/.gradle/caches/transforms-4/d9899dfc4c6b0e9f93e464010bddbfd7/transformed/ui-test-manifest-1.6.4 because:
  Caching not enabled.
Transforming core-1.12.0.aar (androidx.core:core:1.12.0) with ExtractAarTransform
Transforming core-1.12.0.aar (androidx.core:core:1.12.0) with AarTransform
Transforming core-1.12.0.aar (androidx.core:core:1.12.0) with ExtractAarTransform
Transforming core-1.12.0.aar (androidx.core:core:1.12.0) with AarTransform
Transforming lifecycle-runtime-2.7.0.aar (androidx.lifecycle:lifecycle-runtime:2.7.0) with ExtractAarTransform
Transforming lifecycle-runtime-2.7.0.aar (androidx.lifecycle:lifecycle-runtime:2.7.0) with AarTransform
Caching disabled for AarTransform: /workspace/.gradle/caches/transforms-4/aaeb1ae96531b02e68ce6a486f277a33/transformed/ui-util-release because:
  Caching not enabled.
Transforming lifecycle-livedata-ktx-2.7.0.aar (androidx.lifecycle:lifecycle-livedata-ktx:2.7.0) with ExtractAarTransform
Caching disabled for AarTransform: /workspace/.gradle/caches/transforms-4/e4e506f8b154a1e43acb500d635ef647/transformed/ui-tooling-data-release because:
  Caching not enabled.
Transforming lifecycle-livedata-ktx-2.7.0.aar (androidx.lifecycle:lifecycle-livedata-ktx:2.7.0) with AarTransform
Transforming lifecycle-viewmodel-ktx-2.7.0.aar (androidx.lifecycle:lifecycle-viewmodel-ktx:2.7.0) with ExtractAarTransform
Transforming lifecycle-viewmodel-ktx-2.7.0.aar (androidx.lifecycle:lifecycle-viewmodel-ktx:2.7.0) with AarTransform
Transforming lifecycle-runtime-ktx-2.7.0.aar (androidx.lifecycle:lifecycle-runtime-ktx:2.7.0) with ExtractAarTransform
Transforming lifecycle-runtime-ktx-2.7.0.aar (androidx.lifecycle:lifecycle-runtime-ktx:2.7.0) with AarTransform
Transforming lifecycle-viewmodel-savedstate-2.7.0.aar (androidx.lifecycle:lifecycle-viewmodel-savedstate:2.7.0) with ExtractAarTransform
Transforming lifecycle-viewmodel-savedstate-2.7.0.aar (androidx.lifecycle:lifecycle-viewmodel-savedstate:2.7.0) with AarTransform
Transforming customview-poolingcontainer-1.0.0.aar (androidx.customview:customview-poolingcontainer:1.0.0) with ExtractAarTransform
Transforming customview-poolingcontainer-1.0.0.aar (androidx.customview:customview-poolingcontainer:1.0.0) with AarTransform
Transforming core-ktx-1.12.0.aar (androidx.core:core-ktx:1.12.0) with ExtractAarTransform
Transforming core-ktx-1.12.0.aar (androidx.core:core-ktx:1.12.0) with AarTransform
Transforming datastore-preferences-1.0.0.aar (androidx.datastore:datastore-preferences:1.0.0) with ExtractAarTransform
Transforming datastore-preferences-1.0.0.aar (androidx.datastore:datastore-preferences:1.0.0) with AarTransform
Transforming datastore-1.0.0.aar (androidx.datastore:datastore:1.0.0) with ExtractAarTransform
Transforming datastore-1.0.0.aar (androidx.datastore:datastore:1.0.0) with AarTransform
Transforming runtime-saveable-release.aar (androidx.compose.runtime:runtime-saveable-android:1.6.4) with ExtractAarTransform
Transforming runtime-saveable-release.aar (androidx.compose.runtime:runtime-saveable-android:1.6.4) with AarTransform
Transforming runtime-release.aar (androidx.compose.runtime:runtime-android:1.6.4) with ExtractAarTransform
Transforming runtime-release.aar (androidx.compose.runtime:runtime-android:1.6.4) with AarTransform
Transforming annotation-experimental-1.4.0.aar (androidx.annotation:annotation-experimental:1.4.0) with ExtractAarTransform
Transforming annotation-experimental-1.4.0.aar (androidx.annotation:annotation-experimental:1.4.0) with AarTransform
Caching disabled for AarTransform: /workspace/.gradle/caches/transforms-4/db184dfcebec29d49067bacff1afa7f0/transformed/savedstate-1.2.1 because:
  Caching not enabled.
Transforming versionedparcelable-1.1.1.aar (androidx.versionedparcelable:versionedparcelable:1.1.1) with ExtractAarTransform
Caching disabled for AarTransform: /workspace/.gradle/caches/transforms-4/0b166972d7952571cb2da19fc0566dca/transformed/savedstate-ktx-1.2.1 because:
  Caching not enabled.
Caching disabled for AarTransform: /workspace/.gradle/caches/transforms-4/8d6b0761d75c78b228ec1f5dea9c4cee/transformed/activity-compose-1.8.2 because:
  Caching not enabled.
Transforming versionedparcelable-1.1.1.aar (androidx.versionedparcelable:versionedparcelable:1.1.1) with AarTransform
Caching disabled for AarTransform: /workspace/.gradle/caches/transforms-4/ce5b020653ddba712bc061c275e9ad61/transformed/ui-geometry-release because:
  Caching not enabled.
Transforming interpolator-1.0.0.aar (androidx.interpolator:interpolator:1.0.0) with ExtractAarTransform
Caching disabled for AarTransform: /workspace/.gradle/caches/transforms-4/a407dfa33d80152d8268c0a0c9c98049/transformed/lifecycle-process-2.7.0 because:
  Caching not enabled.
Transforming interpolator-1.0.0.aar (androidx.interpolator:interpolator:1.0.0) with AarTransform
Caching disabled for AarTransform: /workspace/.gradle/caches/transforms-4/b2b9e56cbb698003967f600d06aa3c7a/transformed/emoji2-1.3.0 because:
  Caching not enabled.
Transforming core-runtime-2.2.0.aar (androidx.arch.core:core-runtime:2.2.0) with ExtractAarTransform
Transforming core-runtime-2.2.0.aar (androidx.arch.core:core-runtime:2.2.0) with AarTransform
Transforming profileinstaller-1.3.0.aar (androidx.profileinstaller:profileinstaller:1.3.0) with ExtractAarTransform
Caching disabled for AarTransform: /workspace/.gradle/caches/transforms-4/4565f55f0f07c5efed9edf1bb0274dff/transformed/ui-text-release because:
  Caching not enabled.
Transforming profileinstaller-1.3.0.aar (androidx.profileinstaller:profileinstaller:1.3.0) with AarTransform
Transforming startup-runtime-1.1.1.aar (androidx.startup:startup-runtime:1.1.1) with ExtractAarTransform
Transforming startup-runtime-1.1.1.aar (androidx.startup:startup-runtime:1.1.1) with AarTransform
Transforming tracing-1.0.0.aar (androidx.tracing:tracing:1.0.0) with ExtractAarTransform
Transforming tracing-1.0.0.aar (androidx.tracing:tracing:1.0.0) with AarTransform
Caching disabled for AarTransform: /workspace/.gradle/caches/transforms-4/50acb597d049e48696ac71503e753e17/transformed/lifecycle-viewmodel-compose-2.7.0 because:
  Caching not enabled.
Caching disabled for AarTransform: /workspace/.gradle/caches/transforms-4/cf310a40479184744538dfa8e4fb2615/transformed/lifecycle-livedata-core-ktx-2.7.0 because:
  Caching not enabled.
Caching disabled for AarTransform: /workspace/.gradle/caches/transforms-4/9eb2a18eb394740451f9e7d424c1f3dd/transformed/lifecycle-livedata-core-2.7.0 because:
  Caching not enabled.
Caching disabled for AarTransform: /workspace/.gradle/caches/transforms-4/5029422ae79e3c232555577f5eaa6118/transformed/ui-release because:
  Caching not enabled.
Caching disabled for AarTransform: /workspace/.gradle/caches/transforms-4/d600063c72699ca9da51a7d16a7c268d/transformed/lifecycle-viewmodel-2.7.0 because:
  Caching not enabled.
Caching disabled for AarTransform: /workspace/.gradle/caches/transforms-4/d21afd2a3376f9c0706b340814c01fd1/transformed/lifecycle-livedata-2.7.0 because:
  Caching not enabled.
Caching disabled for AarTransform: /workspace/.gradle/caches/transforms-4/9e111fb35cc77cf2ed1f2ee31703d6c2/transformed/autofill-1.0.0 because:
  Caching not enabled.
Caching disabled for AarTransform: /workspace/.gradle/caches/transforms-4/b72a7cccc2ae488abf1eb1d51baafd1a/transformed/lifecycle-livedata-ktx-2.7.0 because:
  Caching not enabled.
Caching disabled for AarTransform: /workspace/.gradle/caches/transforms-4/631aeafa2c7328777909676ddf7792f2/transformed/lifecycle-viewmodel-ktx-2.7.0 because:
  Caching not enabled.
Caching disabled for AarTransform: /workspace/.gradle/caches/transforms-4/d468713a3521c28f477ac7c312ce98f5/transformed/lifecycle-runtime-ktx-2.7.0 because:
  Caching not enabled.
Caching disabled for AarTransform: /workspace/.gradle/caches/transforms-4/57c968b9bb5236e58b4a8a5c5198c8fb/transformed/lifecycle-runtime-2.7.0 because:
  Caching not enabled.
Caching disabled for AarTransform: /workspace/.gradle/caches/transforms-4/5859385c9c13e1cb3a90ec2ea9b3522b/transformed/core-ktx-1.12.0 because:
  Caching not enabled.
Caching disabled for AarTransform: /workspace/.gradle/caches/transforms-4/ef067102df3a8de17087cbc1506ee732/transformed/lifecycle-viewmodel-savedstate-2.7.0 because:
  Caching not enabled.
Caching disabled for AarTransform: /workspace/.gradle/caches/transforms-4/b0a886c878b6c0a73d5fba1ceb949adc/transformed/customview-poolingcontainer-1.0.0 because:
  Caching not enabled.
Caching disabled for AarTransform: /workspace/.gradle/caches/transforms-4/e423d569bb6334f228f038087639aeb7/transformed/versionedparcelable-1.1.1 because:
  Caching not enabled.
Caching disabled for AarTransform: /workspace/.gradle/caches/transforms-4/07bb1b9d25de4029dfe6d3bdf5de5a8a/transformed/datastore-preferences-1.0.0 because:
  Caching not enabled.
Caching disabled for AarTransform: /workspace/.gradle/caches/transforms-4/d52ae1484565a3bc155819b9d6429554/transformed/runtime-saveable-release because:
  Caching not enabled.
Caching disabled for AarTransform: /workspace/.gradle/caches/transforms-4/7e84ae563f08e451c19e83405a44d953/transformed/core-runtime-2.2.0 because:
  Caching not enabled.
Caching disabled for AarTransform: /workspace/.gradle/caches/transforms-4/26e29483bf683be15b713d78c98239a5/transformed/datastore-1.0.0 because:
  Caching not enabled.
Caching disabled for AarTransform: /workspace/.gradle/caches/transforms-4/4de248ce99c8084f7c7fc996faf502aa/transformed/runtime-release because:
  Caching not enabled.
Caching disabled for AarTransform: /workspace/.gradle/caches/transforms-4/3bfc64ca99154eaf8516431bd7a80926/transformed/interpolator-1.0.0 because:
  Caching not enabled.
Caching disabled for AarTransform: /workspace/.gradle/caches/transforms-4/c2a1e21b219405b319654d3f4ea66960/transformed/annotation-experimental-1.4.0 because:
  Caching not enabled.
Caching disabled for AarTransform: /workspace/.gradle/caches/transforms-4/93b3459ee74e2302eb60ea65038362a0/transformed/startup-runtime-1.1.1 because:
  Caching not enabled.
Caching disabled for AarTransform: /workspace/.gradle/caches/transforms-4/6a4e242f2ad8de9cf9daa6da53dda784/transformed/profileinstaller-1.3.0 because:
  Caching not enabled.
Caching disabled for AarTransform: /workspace/.gradle/caches/transforms-4/ef77213a492e1dbb8dea0f9c1c13dd6e/transformed/tracing-1.0.0 because:
  Caching not enabled.
Caching disabled for AarTransform: /workspace/.gradle/caches/transforms-4/4771a1eb69f3512016b20a53493ce3a2/transformed/core-1.12.0 because:
  Caching not enabled.
Build cache key for task ':app:processDebugMainManifest' is f10f6257f5b4892aa1ea8012d9e5afb9
Task ':app:processDebugMainManifest' is not up-to-date because:
  No history is available.
Loading library manifest /workspace/.gradle/caches/transforms-4/0fea065fb4234b12f991c69970cee8d3/transformed/navigation-common-2.7.7/AndroidManifest.xml
Loading library manifest /workspace/.gradle/caches/transforms-4/86d70db63e1eb756fda5071aeb227f39/transformed/navigation-runtime-2.7.7/AndroidManifest.xml
Loading library manifest /workspace/.gradle/caches/transforms-4/85ea1ea404a182def58458c63b0d9836/transformed/navigation-common-ktx-2.7.7/AndroidManifest.xml
Loading library manifest /workspace/.gradle/caches/transforms-4/15379664a606b955b42233db57753c41/transformed/navigation-runtime-ktx-2.7.7/AndroidManifest.xml
Loading library manifest /workspace/.gradle/caches/transforms-4/b5971f5da2fd52e75497edb51137b0cb/transformed/navigation-compose-2.7.7/AndroidManifest.xml
Loading library manifest /workspace/.gradle/caches/transforms-4/c7b0c69307091fc7d69b42a0325a8124/transformed/activity-1.8.2/AndroidManifest.xml
Loading library manifest /workspace/.gradle/caches/transforms-4/76c38cc3f7f788cea8335f8d51cd3122/transformed/activity-ktx-1.8.2/AndroidManifest.xml
Loading library manifest /workspace/.gradle/caches/transforms-4/dcbdec9e729edbf1b9c060e556ed1dec/transformed/material3-release/AndroidManifest.xml
Loading library manifest /workspace/.gradle/caches/transforms-4/de80c736eb80f3d60e6ba2a31e60f975/transformed/material-release/AndroidManifest.xml
Loading library manifest /workspace/.gradle/caches/transforms-4/62fba5d43d60fc339483d72a9140269a/transformed/material-icons-core-release/AndroidManifest.xml
Loading library manifest /workspace/.gradle/caches/transforms-4/b738e97444bb68b92450887935dd6be5/transformed/material-ripple-release/AndroidManifest.xml
Loading library manifest /workspace/.gradle/caches/transforms-4/ac1d32fd2c95445ce5cfb81e798b051b/transformed/foundation-release/AndroidManifest.xml
Loading library manifest /workspace/.gradle/caches/transforms-4/232232c78e6b619ff76bc2d7543a9b59/transformed/foundation-layout-release/AndroidManifest.xml
Loading library manifest /workspace/.gradle/caches/transforms-4/16b00306a1526991350c47e98548813b/transformed/animation-core-release/AndroidManifest.xml
Loading library manifest /workspace/.gradle/caches/transforms-4/1d623f34420b284961d7513382c67f4d/transformed/animation-release/AndroidManifest.xml
Loading library manifest /workspace/.gradle/caches/transforms-4/e4e506f8b154a1e43acb500d635ef647/transformed/ui-tooling-data-release/AndroidManifest.xml
Loading library manifest /workspace/.gradle/caches/transforms-4/710df8012bdd042bfd191f1e335da5cd/transformed/ui-unit-release/AndroidManifest.xml
Loading library manifest /workspace/.gradle/caches/transforms-4/ce5b020653ddba712bc061c275e9ad61/transformed/ui-geometry-release/AndroidManifest.xml
Loading library manifest /workspace/.gradle/caches/transforms-4/aaeb1ae96531b02e68ce6a486f277a33/transformed/ui-util-release/AndroidManifest.xml
Loading library manifest /workspace/.gradle/caches/transforms-4/4565f55f0f07c5efed9edf1bb0274dff/transformed/ui-text-release/AndroidManifest.xml
Loading library manifest /workspace/.gradle/caches/transforms-4/0b153673e76d503f1b8aad3e5a48ee0f/transformed/ui-tooling-preview-release/AndroidManifest.xml
Loading library manifest /workspace/.gradle/caches/transforms-4/c74c575b27d0b56d7a70ecc055137df6/transformed/ui-graphics-release/AndroidManifest.xml
Loading library manifest /workspace/.gradle/caches/transforms-4/d9899dfc4c6b0e9f93e464010bddbfd7/transformed/ui-test-manifest-1.6.4/AndroidManifest.xml
Loading library manifest /workspace/.gradle/caches/transforms-4/94d1a4405153c77be1357eeffb7b9bcc/transformed/ui-tooling-release/AndroidManifest.xml
Loading library manifest /workspace/.gradle/caches/transforms-4/8d6b0761d75c78b228ec1f5dea9c4cee/transformed/activity-compose-1.8.2/AndroidManifest.xml
Loading library manifest /workspace/.gradle/caches/transforms-4/0b166972d7952571cb2da19fc0566dca/transformed/savedstate-ktx-1.2.1/AndroidManifest.xml
Loading library manifest /workspace/.gradle/caches/transforms-4/db184dfcebec29d49067bacff1afa7f0/transformed/savedstate-1.2.1/AndroidManifest.xml
Loading library manifest /workspace/.gradle/caches/transforms-4/b2b9e56cbb698003967f600d06aa3c7a/transformed/emoji2-1.3.0/AndroidManifest.xml
Loading library manifest /workspace/.gradle/caches/transforms-4/a407dfa33d80152d8268c0a0c9c98049/transformed/lifecycle-process-2.7.0/AndroidManifest.xml
Loading library manifest /workspace/.gradle/caches/transforms-4/cf310a40479184744538dfa8e4fb2615/transformed/lifecycle-livedata-core-ktx-2.7.0/AndroidManifest.xml
Loading library manifest /workspace/.gradle/caches/transforms-4/d21afd2a3376f9c0706b340814c01fd1/transformed/lifecycle-livedata-2.7.0/AndroidManifest.xml
Loading library manifest /workspace/.gradle/caches/transforms-4/9eb2a18eb394740451f9e7d424c1f3dd/transformed/lifecycle-livedata-core-2.7.0/AndroidManifest.xml
Loading library manifest /workspace/.gradle/caches/transforms-4/d600063c72699ca9da51a7d16a7c268d/transformed/lifecycle-viewmodel-2.7.0/AndroidManifest.xml
Loading library manifest /workspace/.gradle/caches/transforms-4/50acb597d049e48696ac71503e753e17/transformed/lifecycle-viewmodel-compose-2.7.0/AndroidManifest.xml
Loading library manifest /workspace/.gradle/caches/transforms-4/5029422ae79e3c232555577f5eaa6118/transformed/ui-release/AndroidManifest.xml
Loading library manifest /workspace/.gradle/caches/transforms-4/9e111fb35cc77cf2ed1f2ee31703d6c2/transformed/autofill-1.0.0/AndroidManifest.xml
Loading library manifest /workspace/.gradle/caches/transforms-4/4771a1eb69f3512016b20a53493ce3a2/transformed/core-1.12.0/AndroidManifest.xml
Loading library manifest /workspace/.gradle/caches/transforms-4/57c968b9bb5236e58b4a8a5c5198c8fb/transformed/lifecycle-runtime-2.7.0/AndroidManifest.xml
Loading library manifest /workspace/.gradle/caches/transforms-4/b72a7cccc2ae488abf1eb1d51baafd1a/transformed/lifecycle-livedata-ktx-2.7.0/AndroidManifest.xml
Loading library manifest /workspace/.gradle/caches/transforms-4/631aeafa2c7328777909676ddf7792f2/transformed/lifecycle-viewmodel-ktx-2.7.0/AndroidManifest.xml
Loading library manifest /workspace/.gradle/caches/transforms-4/d468713a3521c28f477ac7c312ce98f5/transformed/lifecycle-runtime-ktx-2.7.0/AndroidManifest.xml
Loading library manifest /workspace/.gradle/caches/transforms-4/ef067102df3a8de17087cbc1506ee732/transformed/lifecycle-viewmodel-savedstate-2.7.0/AndroidManifest.xml
Loading library manifest /workspace/.gradle/caches/transforms-4/b0a886c878b6c0a73d5fba1ceb949adc/transformed/customview-poolingcontainer-1.0.0/AndroidManifest.xml
Loading library manifest /workspace/.gradle/caches/transforms-4/5859385c9c13e1cb3a90ec2ea9b3522b/transformed/core-ktx-1.12.0/AndroidManifest.xml
Loading library manifest /workspace/.gradle/caches/transforms-4/07bb1b9d25de4029dfe6d3bdf5de5a8a/transformed/datastore-preferences-1.0.0/AndroidManifest.xml
Loading library manifest /workspace/.gradle/caches/transforms-4/26e29483bf683be15b713d78c98239a5/transformed/datastore-1.0.0/AndroidManifest.xml
Loading library manifest /workspace/.gradle/caches/transforms-4/d52ae1484565a3bc155819b9d6429554/transformed/runtime-saveable-release/AndroidManifest.xml
Loading library manifest /workspace/.gradle/caches/transforms-4/4de248ce99c8084f7c7fc996faf502aa/transformed/runtime-release/AndroidManifest.xml
Loading library manifest /workspace/.gradle/caches/transforms-4/c2a1e21b219405b319654d3f4ea66960/transformed/annotation-experimental-1.4.0/AndroidManifest.xml
Loading library manifest /workspace/.gradle/caches/transforms-4/e423d569bb6334f228f038087639aeb7/transformed/versionedparcelable-1.1.1/AndroidManifest.xml
Loading library manifest /workspace/.gradle/caches/transforms-4/3bfc64ca99154eaf8516431bd7a80926/transformed/interpolator-1.0.0/AndroidManifest.xml
Loading library manifest /workspace/.gradle/caches/transforms-4/7e84ae563f08e451c19e83405a44d953/transformed/core-runtime-2.2.0/AndroidManifest.xml
Loading library manifest /workspace/.gradle/caches/transforms-4/6a4e242f2ad8de9cf9daa6da53dda784/transformed/profileinstaller-1.3.0/AndroidManifest.xml
Loading library manifest /workspace/.gradle/caches/transforms-4/93b3459ee74e2302eb60ea65038362a0/transformed/startup-runtime-1.1.1/AndroidManifest.xml
Loading library manifest /workspace/.gradle/caches/transforms-4/ef77213a492e1dbb8dea0f9c1c13dd6e/transformed/tracing-1.0.0/AndroidManifest.xml
Merging main manifest /workspace/app/src/main/AndroidManifest.xml

Merging library manifest /workspace/.gradle/caches/transforms-4/0fea065fb4234b12f991c69970cee8d3/transformed/navigation-common-2.7.7/AndroidManifest.xml
Merging manifest with lower [androidx.navigation:navigation-common:2.7.7] AndroidManifest.xml:17:1-22:12
uses-sdk defined in both files...
Merging uses-sdk with lower [androidx.navigation:navigation-common:2.7.7] AndroidManifest.xml:20:5-44
Merging library manifest /workspace/.gradle/caches/transforms-4/86d70db63e1eb756fda5071aeb227f39/transformed/navigation-runtime-2.7.7/AndroidManifest.xml
Merging manifest with lower [androidx.navigation:navigation-runtime:2.7.7] AndroidManifest.xml:17:1-22:12
uses-sdk defined in both files...
Merging uses-sdk with lower [androidx.navigation:navigation-runtime:2.7.7] AndroidManifest.xml:20:5-44
Merging library manifest /workspace/.gradle/caches/transforms-4/85ea1ea404a182def58458c63b0d9836/transformed/navigation-common-ktx-2.7.7/AndroidManifest.xml
Merging manifest with lower [androidx.navigation:navigation-common-ktx:2.7.7] AndroidManifest.xml:2:1-7:12
uses-sdk defined in both files...
Merging uses-sdk with lower [androidx.navigation:navigation-common-ktx:2.7.7] AndroidManifest.xml:5:5-44
Merging library manifest /workspace/.gradle/caches/transforms-4/15379664a606b955b42233db57753c41/transformed/navigation-runtime-ktx-2.7.7/AndroidManifest.xml
Merging manifest with lower [androidx.navigation:navigation-runtime-ktx:2.7.7] AndroidManifest.xml:2:1-7:12
uses-sdk defined in both files...
Merging uses-sdk with lower [androidx.navigation:navigation-runtime-ktx:2.7.7] AndroidManifest.xml:5:5-44
Merging library manifest /workspace/.gradle/caches/transforms-4/b5971f5da2fd52e75497edb51137b0cb/transformed/navigation-compose-2.7.7/AndroidManifest.xml
Merging manifest with lower [androidx.navigation:navigation-compose:2.7.7] AndroidManifest.xml:2:1-7:12
uses-sdk defined in both files...
Merging uses-sdk with lower [androidx.navigation:navigation-compose:2.7.7] AndroidManifest.xml:5:5-44
Merging library manifest /workspace/.gradle/caches/transforms-4/c7b0c69307091fc7d69b42a0325a8124/transformed/activity-1.8.2/AndroidManifest.xml
Merging manifest with lower [androidx.activity:activity:1.8.2] AndroidManifest.xml:17:1-22:12
uses-sdk defined in both files...
Merging uses-sdk with lower [androidx.activity:activity:1.8.2] AndroidManifest.xml:20:5-44
Merging library manifest /workspace/.gradle/caches/transforms-4/76c38cc3f7f788cea8335f8d51cd3122/transformed/activity-ktx-1.8.2/AndroidManifest.xml
Merging manifest with lower [androidx.activity:activity-ktx:1.8.2] AndroidManifest.xml:2:1-7:12
uses-sdk defined in both files...
Merging uses-sdk with lower [androidx.activity:activity-ktx:1.8.2] AndroidManifest.xml:5:5-44
Merging library manifest /workspace/.gradle/caches/transforms-4/dcbdec9e729edbf1b9c060e556ed1dec/transformed/material3-release/AndroidManifest.xml
Merging manifest with lower [androidx.compose.material3:material3-android:1.2.1] AndroidManifest.xml:17:1-22:12
uses-sdk defined in both files...
Merging uses-sdk with lower [androidx.compose.material3:material3-android:1.2.1] AndroidManifest.xml:20:5-44
Merging library manifest /workspace/.gradle/caches/transforms-4/de80c736eb80f3d60e6ba2a31e60f975/transformed/material-release/AndroidManifest.xml
Merging manifest with lower [androidx.compose.material:material-android:1.6.4] AndroidManifest.xml:2:1-7:12
uses-sdk defined in both files...
Merging uses-sdk with lower [androidx.compose.material:material-android:1.6.4] AndroidManifest.xml:5:5-44
Merging library manifest /workspace/.gradle/caches/transforms-4/62fba5d43d60fc339483d72a9140269a/transformed/material-icons-core-release/AndroidManifest.xml
Merging manifest with lower [androidx.compose.material:material-icons-core-android:1.6.4] AndroidManifest.xml:2:1-7:12
uses-sdk defined in both files...
Merging uses-sdk with lower [androidx.compose.material:material-icons-core-android:1.6.4] AndroidManifest.xml:5:5-44
Merging library manifest /workspace/.gradle/caches/transforms-4/b738e97444bb68b92450887935dd6be5/transformed/material-ripple-release/AndroidManifest.xml
Merging manifest with lower [androidx.compose.material:material-ripple-android:1.6.4] AndroidManifest.xml:2:1-7:12
uses-sdk defined in both files...
Merging uses-sdk with lower [androidx.compose.material:material-ripple-android:1.6.4] AndroidManifest.xml:5:5-44
Merging library manifest /workspace/.gradle/caches/transforms-4/ac1d32fd2c95445ce5cfb81e798b051b/transformed/foundation-release/AndroidManifest.xml
Merging manifest with lower [androidx.compose.foundation:foundation-android:1.6.4] AndroidManifest.xml:2:1-7:12
uses-sdk defined in both files...
Merging uses-sdk with lower [androidx.compose.foundation:foundation-android:1.6.4] AndroidManifest.xml:5:5-44
Merging library manifest /workspace/.gradle/caches/transforms-4/232232c78e6b619ff76bc2d7543a9b59/transformed/foundation-layout-release/AndroidManifest.xml
Merging manifest with lower [androidx.compose.foundation:foundation-layout-android:1.6.4] AndroidManifest.xml:2:1-7:12
uses-sdk defined in both files...
Merging uses-sdk with lower [androidx.compose.foundation:foundation-layout-android:1.6.4] AndroidManifest.xml:5:5-44
Merging library manifest /workspace/.gradle/caches/transforms-4/16b00306a1526991350c47e98548813b/transformed/animation-core-release/AndroidManifest.xml
Merging manifest with lower [androidx.compose.animation:animation-core-android:1.6.4] AndroidManifest.xml:2:1-7:12
uses-sdk defined in both files...
Merging uses-sdk with lower [androidx.compose.animation:animation-core-android:1.6.4] AndroidManifest.xml:5:5-44
Merging library manifest /workspace/.gradle/caches/transforms-4/1d623f34420b284961d7513382c67f4d/transformed/animation-release/AndroidManifest.xml
Merging manifest with lower [androidx.compose.animation:animation-android:1.6.4] AndroidManifest.xml:2:1-7:12
uses-sdk defined in both files...
Merging uses-sdk with lower [androidx.compose.animation:animation-android:1.6.4] AndroidManifest.xml:5:5-44
Merging library manifest /workspace/.gradle/caches/transforms-4/e4e506f8b154a1e43acb500d635ef647/transformed/ui-tooling-data-release/AndroidManifest.xml
Merging manifest with lower [androidx.compose.ui:ui-tooling-data-android:1.6.4] AndroidManifest.xml:2:1-7:12
uses-sdk defined in both files...
Merging uses-sdk with lower [androidx.compose.ui:ui-tooling-data-android:1.6.4] AndroidManifest.xml:5:5-44
Merging library manifest /workspace/.gradle/caches/transforms-4/710df8012bdd042bfd191f1e335da5cd/transformed/ui-unit-release/AndroidManifest.xml
Merging manifest with lower [androidx.compose.ui:ui-unit-android:1.6.4] AndroidManifest.xml:2:1-7:12
uses-sdk defined in both files...
Merging uses-sdk with lower [androidx.compose.ui:ui-unit-android:1.6.4] AndroidManifest.xml:5:5-44
Merging library manifest /workspace/.gradle/caches/transforms-4/ce5b020653ddba712bc061c275e9ad61/transformed/ui-geometry-release/AndroidManifest.xml
Merging manifest with lower [androidx.compose.ui:ui-geometry-android:1.6.4] AndroidManifest.xml:2:1-7:12
uses-sdk defined in both files...
Merging uses-sdk with lower [androidx.compose.ui:ui-geometry-android:1.6.4] AndroidManifest.xml:5:5-44
Merging library manifest /workspace/.gradle/caches/transforms-4/aaeb1ae96531b02e68ce6a486f277a33/transformed/ui-util-release/AndroidManifest.xml
Merging manifest with lower [androidx.compose.ui:ui-util-android:1.6.4] AndroidManifest.xml:2:1-7:12
uses-sdk defined in both files...
Merging uses-sdk with lower [androidx.compose.ui:ui-util-android:1.6.4] AndroidManifest.xml:5:5-44
Merging library manifest /workspace/.gradle/caches/transforms-4/4565f55f0f07c5efed9edf1bb0274dff/transformed/ui-text-release/AndroidManifest.xml
Merging manifest with lower [androidx.compose.ui:ui-text-android:1.6.4] AndroidManifest.xml:2:1-7:12
uses-sdk defined in both files...
Merging uses-sdk with lower [androidx.compose.ui:ui-text-android:1.6.4] AndroidManifest.xml:5:5-44
Merging library manifest /workspace/.gradle/caches/transforms-4/0b153673e76d503f1b8aad3e5a48ee0f/transformed/ui-tooling-preview-release/AndroidManifest.xml
Merging manifest with lower [androidx.compose.ui:ui-tooling-preview-android:1.6.4] AndroidManifest.xml:17:1-22:12
uses-sdk defined in both files...
Merging uses-sdk with lower [androidx.compose.ui:ui-tooling-preview-android:1.6.4] AndroidManifest.xml:20:5-44
Merging library manifest /workspace/.gradle/caches/transforms-4/c74c575b27d0b56d7a70ecc055137df6/transformed/ui-graphics-release/AndroidManifest.xml
Merging manifest with lower [androidx.compose.ui:ui-graphics-android:1.6.4] AndroidManifest.xml:2:1-7:12
uses-sdk defined in both files...
Merging uses-sdk with lower [androidx.compose.ui:ui-graphics-android:1.6.4] AndroidManifest.xml:5:5-44
Merging library manifest /workspace/.gradle/caches/transforms-4/d9899dfc4c6b0e9f93e464010bddbfd7/transformed/ui-test-manifest-1.6.4/AndroidManifest.xml
Merging manifest with lower [androidx.compose.ui:ui-test-manifest:1.6.4] AndroidManifest.xml:17:1-28:12
uses-sdk defined in both files...
Merging uses-sdk with lower [androidx.compose.ui:ui-test-manifest:1.6.4] AndroidManifest.xml:20:5-44
application defined in both files...
Merging application with lower [androidx.compose.ui:ui-test-manifest:1.6.4] AndroidManifest.xml:22:5-26:19
Adopted [activity: null]
Merging library manifest /workspace/.gradle/caches/transforms-4/94d1a4405153c77be1357eeffb7b9bcc/transformed/ui-tooling-release/AndroidManifest.xml
Merging manifest with lower [androidx.compose.ui:ui-tooling-android:1.6.4] AndroidManifest.xml:17:1-28:12
uses-sdk defined in both files...
Merging uses-sdk with lower [androidx.compose.ui:ui-tooling-android:1.6.4] AndroidManifest.xml:20:5-44
application defined in both files...
Merging application with lower [androidx.compose.ui:ui-tooling-android:1.6.4] AndroidManifest.xml:22:5-26:19
Adopted [activity: null]
Merging library manifest /workspace/.gradle/caches/transforms-4/8d6b0761d75c78b228ec1f5dea9c4cee/transformed/activity-compose-1.8.2/AndroidManifest.xml
Merging manifest with lower [androidx.activity:activity-compose:1.8.2] AndroidManifest.xml:2:1-7:12
uses-sdk defined in both files...
Merging uses-sdk with lower [androidx.activity:activity-compose:1.8.2] AndroidManifest.xml:5:5-44
Merging library manifest /workspace/.gradle/caches/transforms-4/0b166972d7952571cb2da19fc0566dca/transformed/savedstate-ktx-1.2.1/AndroidManifest.xml
Merging manifest with lower [androidx.savedstate:savedstate-ktx:1.2.1] AndroidManifest.xml:17:1-22:12
uses-sdk defined in both files...
Merging uses-sdk with lower [androidx.savedstate:savedstate-ktx:1.2.1] AndroidManifest.xml:20:5-44
Merging library manifest /workspace/.gradle/caches/transforms-4/db184dfcebec29d49067bacff1afa7f0/transformed/savedstate-1.2.1/AndroidManifest.xml
Merging manifest with lower [androidx.savedstate:savedstate:1.2.1] AndroidManifest.xml:17:1-22:12
uses-sdk defined in both files...
Merging uses-sdk with lower [androidx.savedstate:savedstate:1.2.1] AndroidManifest.xml:20:5-44
Merging library manifest /workspace/.gradle/caches/transforms-4/b2b9e56cbb698003967f600d06aa3c7a/transformed/emoji2-1.3.0/AndroidManifest.xml
Merging manifest with lower [androidx.emoji2:emoji2:1.3.0] AndroidManifest.xml:17:1-35:12
uses-sdk defined in both files...
Merging uses-sdk with lower [androidx.emoji2:emoji2:1.3.0] AndroidManifest.xml:21:5-44
application defined in both files...
Merging application with lower [androidx.emoji2:emoji2:1.3.0] AndroidManifest.xml:23:5-33:19
Adopted [provider: null]
Merging library manifest /workspace/.gradle/caches/transforms-4/a407dfa33d80152d8268c0a0c9c98049/transformed/lifecycle-process-2.7.0/AndroidManifest.xml
Merging manifest with lower [androidx.lifecycle:lifecycle-process:2.7.0] AndroidManifest.xml:17:1-35:12
uses-sdk defined in both files...
Merging uses-sdk with lower [androidx.lifecycle:lifecycle-process:2.7.0] AndroidManifest.xml:21:5-44
application defined in both files...
Merging application with lower [androidx.lifecycle:lifecycle-process:2.7.0] AndroidManifest.xml:23:5-33:19
provider#androidx.startup.InitializationProvider defined in both files...
Merging provider#androidx.startup.InitializationProvider with lower [androidx.lifecycle:lifecycle-process:2.7.0] AndroidManifest.xml:24:9-32:20
Adopted [meta-data: null]
Merging library manifest /workspace/.gradle/caches/transforms-4/cf310a40479184744538dfa8e4fb2615/transformed/lifecycle-livedata-core-ktx-2.7.0/AndroidManifest.xml
Merging manifest with lower [androidx.lifecycle:lifecycle-livedata-core-ktx:2.7.0] AndroidManifest.xml:2:1-7:12
uses-sdk defined in both files...
Merging uses-sdk with lower [androidx.lifecycle:lifecycle-livedata-core-ktx:2.7.0] AndroidManifest.xml:5:5-44
Merging library manifest /workspace/.gradle/caches/transforms-4/d21afd2a3376f9c0706b340814c01fd1/transformed/lifecycle-livedata-2.7.0/AndroidManifest.xml
Merging manifest with lower [androidx.lifecycle:lifecycle-livedata:2.7.0] AndroidManifest.xml:17:1-22:12
uses-sdk defined in both files...
Merging uses-sdk with lower [androidx.lifecycle:lifecycle-livedata:2.7.0] AndroidManifest.xml:20:5-44
Merging library manifest /workspace/.gradle/caches/transforms-4/9eb2a18eb394740451f9e7d424c1f3dd/transformed/lifecycle-livedata-core-2.7.0/AndroidManifest.xml
Merging manifest with lower [androidx.lifecycle:lifecycle-livedata-core:2.7.0] AndroidManifest.xml:17:1-22:12
uses-sdk defined in both files...
Merging uses-sdk with lower [androidx.lifecycle:lifecycle-livedata-core:2.7.0] AndroidManifest.xml:20:5-44
Merging library manifest /workspace/.gradle/caches/transforms-4/d600063c72699ca9da51a7d16a7c268d/transformed/lifecycle-viewmodel-2.7.0/AndroidManifest.xml
Merging manifest with lower [androidx.lifecycle:lifecycle-viewmodel:2.7.0] AndroidManifest.xml:17:1-22:12
uses-sdk defined in both files...
Merging uses-sdk with lower [androidx.lifecycle:lifecycle-viewmodel:2.7.0] AndroidManifest.xml:20:5-44
Merging library manifest /workspace/.gradle/caches/transforms-4/50acb597d049e48696ac71503e753e17/transformed/lifecycle-viewmodel-compose-2.7.0/AndroidManifest.xml
Merging manifest with lower [androidx.lifecycle:lifecycle-viewmodel-compose:2.7.0] AndroidManifest.xml:2:1-7:12
uses-sdk defined in both files...
Merging uses-sdk with lower [androidx.lifecycle:lifecycle-viewmodel-compose:2.7.0] AndroidManifest.xml:5:5-44
Merging library manifest /workspace/.gradle/caches/transforms-4/5029422ae79e3c232555577f5eaa6118/transformed/ui-release/AndroidManifest.xml
Merging manifest with lower [androidx.compose.ui:ui-android:1.6.4] AndroidManifest.xml:2:1-7:12
uses-sdk defined in both files...
Merging uses-sdk with lower [androidx.compose.ui:ui-android:1.6.4] AndroidManifest.xml:5:5-44
Merging library manifest /workspace/.gradle/caches/transforms-4/9e111fb35cc77cf2ed1f2ee31703d6c2/transformed/autofill-1.0.0/AndroidManifest.xml
Merging manifest with lower [androidx.autofill:autofill:1.0.0] AndroidManifest.xml:17:1-24:12
uses-sdk defined in both files...
Merging uses-sdk with lower [androidx.autofill:autofill:1.0.0] AndroidManifest.xml:20:5-22:41
Merging library manifest /workspace/.gradle/caches/transforms-4/4771a1eb69f3512016b20a53493ce3a2/transformed/core-1.12.0/AndroidManifest.xml
Merging manifest with lower [androidx.core:core:1.12.0] AndroidManifest.xml:17:1-30:12
uses-sdk defined in both files...
Merging uses-sdk with lower [androidx.core:core:1.12.0] AndroidManifest.xml:20:5-44
Adopted [permission: null]
Adopted [uses-permission: null]
application defined in both files...
Merging application with lower [androidx.core:core:1.12.0] AndroidManifest.xml:28:5-89
Merging library manifest /workspace/.gradle/caches/transforms-4/57c968b9bb5236e58b4a8a5c5198c8fb/transformed/lifecycle-runtime-2.7.0/AndroidManifest.xml
Merging manifest with lower [androidx.lifecycle:lifecycle-runtime:2.7.0] AndroidManifest.xml:2:1-7:12
uses-sdk defined in both files...
Merging uses-sdk with lower [androidx.lifecycle:lifecycle-runtime:2.7.0] AndroidManifest.xml:5:5-44
Merging library manifest /workspace/.gradle/caches/transforms-4/b72a7cccc2ae488abf1eb1d51baafd1a/transformed/lifecycle-livedata-ktx-2.7.0/AndroidManifest.xml
Merging manifest with lower [androidx.lifecycle:lifecycle-livedata-ktx:2.7.0] AndroidManifest.xml:2:1-7:12
uses-sdk defined in both files...
Merging uses-sdk with lower [androidx.lifecycle:lifecycle-livedata-ktx:2.7.0] AndroidManifest.xml:5:5-44
Merging library manifest /workspace/.gradle/caches/transforms-4/631aeafa2c7328777909676ddf7792f2/transformed/lifecycle-viewmodel-ktx-2.7.0/AndroidManifest.xml
Merging manifest with lower [androidx.lifecycle:lifecycle-viewmodel-ktx:2.7.0] AndroidManifest.xml:2:1-7:12
uses-sdk defined in both files...
Merging uses-sdk with lower [androidx.lifecycle:lifecycle-viewmodel-ktx:2.7.0] AndroidManifest.xml:5:5-44
Merging library manifest /workspace/.gradle/caches/transforms-4/d468713a3521c28f477ac7c312ce98f5/transformed/lifecycle-runtime-ktx-2.7.0/AndroidManifest.xml
Merging manifest with lower [androidx.lifecycle:lifecycle-runtime-ktx:2.7.0] AndroidManifest.xml:17:1-22:12
uses-sdk defined in both files...
Merging uses-sdk with lower [androidx.lifecycle:lifecycle-runtime-ktx:2.7.0] AndroidManifest.xml:20:5-44
Merging library manifest /workspace/.gradle/caches/transforms-4/ef067102df3a8de17087cbc1506ee732/transformed/lifecycle-viewmodel-savedstate-2.7.0/AndroidManifest.xml
Merging manifest with lower [androidx.lifecycle:lifecycle-viewmodel-savedstate:2.7.0] AndroidManifest.xml:17:1-22:12
uses-sdk defined in both files...
Merging uses-sdk with lower [androidx.lifecycle:lifecycle-viewmodel-savedstate:2.7.0] AndroidManifest.xml:20:5-44
Merging library manifest /workspace/.gradle/caches/transforms-4/b0a886c878b6c0a73d5fba1ceb949adc/transformed/customview-poolingcontainer-1.0.0/AndroidManifest.xml
Merging manifest with lower [androidx.customview:customview-poolingcontainer:1.0.0] AndroidManifest.xml:17:1-23:12
uses-sdk defined in both files...
Merging uses-sdk with lower [androidx.customview:customview-poolingcontainer:1.0.0] AndroidManifest.xml:20:5-21:38
Merging library manifest /workspace/.gradle/caches/transforms-4/5859385c9c13e1cb3a90ec2ea9b3522b/transformed/core-ktx-1.12.0/AndroidManifest.xml
Merging manifest with lower [androidx.core:core-ktx:1.12.0] AndroidManifest.xml:2:1-7:12
uses-sdk defined in both files...
Merging uses-sdk with lower [androidx.core:core-ktx:1.12.0] AndroidManifest.xml:5:5-44
Merging library manifest /workspace/.gradle/caches/transforms-4/07bb1b9d25de4029dfe6d3bdf5de5a8a/transformed/datastore-preferences-1.0.0/AndroidManifest.xml
Merging manifest with lower [androidx.datastore:datastore-preferences:1.0.0] AndroidManifest.xml:17:1-24:12
uses-sdk defined in both files...
Merging uses-sdk with lower [androidx.datastore:datastore-preferences:1.0.0] AndroidManifest.xml:20:5-22:41
Merging library manifest /workspace/.gradle/caches/transforms-4/26e29483bf683be15b713d78c98239a5/transformed/datastore-1.0.0/AndroidManifest.xml
Merging manifest with lower [androidx.datastore:datastore:1.0.0] AndroidManifest.xml:17:1-24:12
uses-sdk defined in both files...
Merging uses-sdk with lower [androidx.datastore:datastore:1.0.0] AndroidManifest.xml:20:5-22:41
Merging library manifest /workspace/.gradle/caches/transforms-4/d52ae1484565a3bc155819b9d6429554/transformed/runtime-saveable-release/AndroidManifest.xml
Merging manifest with lower [androidx.compose.runtime:runtime-saveable-android:1.6.4] AndroidManifest.xml:2:1-7:12
uses-sdk defined in both files...
Merging uses-sdk with lower [androidx.compose.runtime:runtime-saveable-android:1.6.4] AndroidManifest.xml:5:5-44
Merging library manifest /workspace/.gradle/caches/transforms-4/4de248ce99c8084f7c7fc996faf502aa/transformed/runtime-release/AndroidManifest.xml
Merging manifest with lower [androidx.compose.runtime:runtime-android:1.6.4] AndroidManifest.xml:2:1-7:12
uses-sdk defined in both files...
Merging uses-sdk with lower [androidx.compose.runtime:runtime-android:1.6.4] AndroidManifest.xml:5:5-44
Merging library manifest /workspace/.gradle/caches/transforms-4/c2a1e21b219405b319654d3f4ea66960/transformed/annotation-experimental-1.4.0/AndroidManifest.xml
Merging manifest with lower [androidx.annotation:annotation-experimental:1.4.0] AndroidManifest.xml:2:1-7:12
uses-sdk defined in both files...
Merging uses-sdk with lower [androidx.annotation:annotation-experimental:1.4.0] AndroidManifest.xml:5:5-44
Merging library manifest /workspace/.gradle/caches/transforms-4/e423d569bb6334f228f038087639aeb7/transformed/versionedparcelable-1.1.1/AndroidManifest.xml
Merging manifest with lower [androidx.versionedparcelable:versionedparcelable:1.1.1] AndroidManifest.xml:17:1-27:12
uses-sdk defined in both files...
Merging uses-sdk with lower [androidx.versionedparcelable:versionedparcelable:1.1.1] AndroidManifest.xml:20:5-22:41
application defined in both files...
Merging application with lower [androidx.versionedparcelable:versionedparcelable:1.1.1] AndroidManifest.xml:24:5-25:19
Merging library manifest /workspace/.gradle/caches/transforms-4/3bfc64ca99154eaf8516431bd7a80926/transformed/interpolator-1.0.0/AndroidManifest.xml
Merging manifest with lower [androidx.interpolator:interpolator:1.0.0] AndroidManifest.xml:17:1-22:12
uses-sdk defined in both files...
Merging uses-sdk with lower [androidx.interpolator:interpolator:1.0.0] AndroidManifest.xml:20:5-44
Merging library manifest /workspace/.gradle/caches/transforms-4/7e84ae563f08e451c19e83405a44d953/transformed/core-runtime-2.2.0/AndroidManifest.xml
Merging manifest with lower [androidx.arch.core:core-runtime:2.2.0] AndroidManifest.xml:17:1-22:12
uses-sdk defined in both files...
Merging uses-sdk with lower [androidx.arch.core:core-runtime:2.2.0] AndroidManifest.xml:20:5-44
Merging library manifest /workspace/.gradle/caches/transforms-4/6a4e242f2ad8de9cf9daa6da53dda784/transformed/profileinstaller-1.3.0/AndroidManifest.xml
Merging manifest with lower [androidx.profileinstaller:profileinstaller:1.3.0] AndroidManifest.xml:17:1-55:12
uses-sdk defined in both files...
Merging uses-sdk with lower [androidx.profileinstaller:profileinstaller:1.3.0] AndroidManifest.xml:21:5-44
application defined in both files...
Merging application with lower [androidx.profileinstaller:profileinstaller:1.3.0] AndroidManifest.xml:23:5-53:19
provider#androidx.startup.InitializationProvider defined in both files...
Merging provider#androidx.startup.InitializationProvider with lower [androidx.profileinstaller:profileinstaller:1.3.0] AndroidManifest.xml:24:9-32:20
Adopted [meta-data: null]
Adopted [receiver: null]
Merging library manifest /workspace/.gradle/caches/transforms-4/93b3459ee74e2302eb60ea65038362a0/transformed/startup-runtime-1.1.1/AndroidManifest.xml
Merging manifest with lower [androidx.startup:startup-runtime:1.1.1] AndroidManifest.xml:17:1-33:12
uses-sdk defined in both files...
Merging uses-sdk with lower [androidx.startup:startup-runtime:1.1.1] AndroidManifest.xml:21:5-23:41
application defined in both files...
Merging application with lower [androidx.startup:startup-runtime:1.1.1] AndroidManifest.xml:25:5-31:19
provider#androidx.startup.InitializationProvider defined in both files...
Merging provider#androidx.startup.InitializationProvider with lower [androidx.startup:startup-runtime:1.1.1] AndroidManifest.xml:26:9-30:34
Merging library manifest /workspace/.gradle/caches/transforms-4/ef77213a492e1dbb8dea0f9c1c13dd6e/transformed/tracing-1.0.0/AndroidManifest.xml
Merging manifest with lower [androidx.tracing:tracing:1.0.0] AndroidManifest.xml:17:1-24:12
uses-sdk defined in both files...
Merging uses-sdk with lower [androidx.tracing:tracing:1.0.0] AndroidManifest.xml:20:5-22:41
Merging result: SUCCESS
1<?xml version="1.0" encoding="utf-8"?>
2<manifest xmlns:android="http://schemas.android.com/apk/res/android"
3    package="com.droidvisor"
4    android:versionCode="1"
5    android:versionName="1.0" >
6
7    <uses-sdk
8        android:minSdkVersion="33"
9        android:targetSdkVersion="34" />
10
11    <uses-permission android:name="android.permission.INTERNET" />
11-->/workspace/app/src/main/AndroidManifest.xml:5:5-67
11-->/workspace/app/src/main/AndroidManifest.xml:5:22-64
12    <uses-permission
12-->/workspace/app/src/main/AndroidManifest.xml:6:5-108
13        android:name="android.permission.WRITE_EXTERNAL_STORAGE"
13-->/workspace/app/src/main/AndroidManifest.xml:6:22-78
14        android:maxSdkVersion="32" />
14-->/workspace/app/src/main/AndroidManifest.xml:6:79-105
15    <uses-permission
15-->/workspace/app/src/main/AndroidManifest.xml:7:5-107
16        android:name="android.permission.READ_EXTERNAL_STORAGE"
16-->/workspace/app/src/main/AndroidManifest.xml:7:22-77
17        android:maxSdkVersion="32" />
17-->/workspace/app/src/main/AndroidManifest.xml:7:78-104
18    <uses-permission android:name="android.permission.READ_MEDIA_IMAGES" />
18-->/workspace/app/src/main/AndroidManifest.xml:8:5-76
18-->/workspace/app/src/main/AndroidManifest.xml:8:22-73
19    <uses-permission android:name="android.permission.FOREGROUND_SERVICE" />
19-->/workspace/app/src/main/AndroidManifest.xml:9:5-77
19-->/workspace/app/src/main/AndroidManifest.xml:9:22-74
20    <uses-permission android:name="android.permission.FOREGROUND_SERVICE_SPECIAL_USE" />
20-->/workspace/app/src/main/AndroidManifest.xml:10:5-89
20-->/workspace/app/src/main/AndroidManifest.xml:10:22-86
21    <uses-permission android:name="android.permission.MANAGE_VIRTUAL_MACHINE" />
21-->/workspace/app/src/main/AndroidManifest.xml:11:5-81
21-->/workspace/app/src/main/AndroidManifest.xml:11:22-78
22
23    <permission
23-->[androidx.core:core:1.12.0] /workspace/.gradle/caches/transforms-4/4771a1eb69f3512016b20a53493ce3a2/transformed/core-1.12.0/AndroidManifest.xml:22:5-24:47
24        android:name="com.droidvisor.DYNAMIC_RECEIVER_NOT_EXPORTED_PERMISSION"
24-->[androidx.core:core:1.12.0] /workspace/.gradle/caches/transforms-4/4771a1eb69f3512016b20a53493ce3a2/transformed/core-1.12.0/AndroidManifest.xml:23:9-81
25        android:protectionLevel="signature" />
25-->[androidx.core:core:1.12.0] /workspace/.gradle/caches/transforms-4/4771a1eb69f3512016b20a53493ce3a2/transformed/core-1.12.0/AndroidManifest.xml:24:9-44
26
27    <uses-permission android:name="com.droidvisor.DYNAMIC_RECEIVER_NOT_EXPORTED_PERMISSION" />
27-->[androidx.core:core:1.12.0] /workspace/.gradle/caches/transforms-4/4771a1eb69f3512016b20a53493ce3a2/transformed/core-1.12.0/AndroidManifest.xml:26:5-97
27-->[androidx.core:core:1.12.0] /workspace/.gradle/caches/transforms-4/4771a1eb69f3512016b20a53493ce3a2/transformed/core-1.12.0/AndroidManifest.xml:26:22-94
28
29    <application
29-->/workspace/app/src/main/AndroidManifest.xml:13:5-59:19
30        android:allowBackup="false"
30-->/workspace/app/src/main/AndroidManifest.xml:14:9-36
31        android:appComponentFactory="androidx.core.app.CoreComponentFactory"
31-->[androidx.core:core:1.12.0] /workspace/.gradle/caches/transforms-4/4771a1eb69f3512016b20a53493ce3a2/transformed/core-1.12.0/AndroidManifest.xml:28:18-86
32        android:dataExtractionRules="@xml/data_extraction_rules"
32-->/workspace/app/src/main/AndroidManifest.xml:15:9-65
33        android:debuggable="true"
34        android:extractNativeLibs="false"
35        android:fullBackupContent="@xml/backup_rules"
35-->/workspace/app/src/main/AndroidManifest.xml:16:9-54
36        android:icon="@drawable/ic_launcher"
36-->/workspace/app/src/main/AndroidManifest.xml:17:9-45
37        android:label="@string/app_name"
37-->/workspace/app/src/main/AndroidManifest.xml:18:9-41
38        android:roundIcon="@drawable/ic_launcher"
38-->/workspace/app/src/main/AndroidManifest.xml:19:9-50
39        android:supportsRtl="true"
39-->/workspace/app/src/main/AndroidManifest.xml:20:9-35
40        android:theme="@style/Theme.Droidvisor" >
40-->/workspace/app/src/main/AndroidManifest.xml:21:9-48
41        <activity
41-->/workspace/app/src/main/AndroidManifest.xml:23:9-32:20
42            android:name="com.droidvisor.MainActivity"
42-->/workspace/app/src/main/AndroidManifest.xml:24:13-41
43            android:exported="true"
43-->/workspace/app/src/main/AndroidManifest.xml:25:13-36
44            android:label="@string/app_name"
44-->/workspace/app/src/main/AndroidManifest.xml:26:13-45
45            android:theme="@style/Theme.Droidvisor" >
45-->/workspace/app/src/main/AndroidManifest.xml:27:13-52
46            <intent-filter>
46-->/workspace/app/src/main/AndroidManifest.xml:28:13-31:29
47                <action android:name="android.intent.action.MAIN" />
47-->/workspace/app/src/main/AndroidManifest.xml:29:17-69
47-->/workspace/app/src/main/AndroidManifest.xml:29:25-66
48
49                <category android:name="android.intent.category.LAUNCHER" />
49-->/workspace/app/src/main/AndroidManifest.xml:30:17-77
49-->/workspace/app/src/main/AndroidManifest.xml:30:27-74
50            </intent-filter>
51        </activity>
52
53        <service
53-->/workspace/app/src/main/AndroidManifest.xml:34:9-37:58
54            android:name="com.droidvisor.vm.VmManagerService"
54-->/workspace/app/src/main/AndroidManifest.xml:35:13-48
55            android:exported="false"
55-->/workspace/app/src/main/AndroidManifest.xml:36:13-37
56            android:foregroundServiceType="specialUse" />
56-->/workspace/app/src/main/AndroidManifest.xml:37:13-55
57        <service
57-->/workspace/app/src/main/AndroidManifest.xml:39:9-41:40
58            android:name="com.droidvisor.vm.BackupManagerService"
58-->/workspace/app/src/main/AndroidManifest.xml:40:13-52
59            android:exported="false" />
59-->/workspace/app/src/main/AndroidManifest.xml:41:13-37
60        <service
60-->/workspace/app/src/main/AndroidManifest.xml:43:9-46:58
61            android:name="com.droidvisor.vm.VirtualMachineManagerService"
61-->/workspace/app/src/main/AndroidManifest.xml:44:13-60
62            android:exported="false"
62-->/workspace/app/src/main/AndroidManifest.xml:45:13-37
63            android:foregroundServiceType="specialUse" />
63-->/workspace/app/src/main/AndroidManifest.xml:46:13-55
64        <service
64-->/workspace/app/src/main/AndroidManifest.xml:48:9-50:40
65            android:name="com.droidvisor.vm.ConsoleOutputService"
65-->/workspace/app/src/main/AndroidManifest.xml:49:13-52
66            android:exported="false" />
66-->/workspace/app/src/main/AndroidManifest.xml:50:13-37
67        <service
67-->/workspace/app/src/main/AndroidManifest.xml:52:9-54:40
68            android:name="com.droidvisor.vm.vsock.VsockService"
68-->/workspace/app/src/main/AndroidManifest.xml:53:13-50
69            android:exported="false" />
69-->/workspace/app/src/main/AndroidManifest.xml:54:13-37
70        <service
70-->/workspace/app/src/main/AndroidManifest.xml:56:9-58:40
71            android:name="com.droidvisor.docker.DockerProxyService"
71-->/workspace/app/src/main/AndroidManifest.xml:57:13-54
72            android:exported="false" />
72-->/workspace/app/src/main/AndroidManifest.xml:58:13-37
73
74        <activity
74-->[androidx.compose.ui:ui-test-manifest:1.6.4] /workspace/.gradle/caches/transforms-4/d9899dfc4c6b0e9f93e464010bddbfd7/transformed/ui-test-manifest-1.6.4/AndroidManifest.xml:23:9-25:39
75            android:name="androidx.activity.ComponentActivity"
75-->[androidx.compose.ui:ui-test-manifest:1.6.4] /workspace/.gradle/caches/transforms-4/d9899dfc4c6b0e9f93e464010bddbfd7/transformed/ui-test-manifest-1.6.4/AndroidManifest.xml:24:13-63
76            android:exported="true" />
76-->[androidx.compose.ui:ui-test-manifest:1.6.4] /workspace/.gradle/caches/transforms-4/d9899dfc4c6b0e9f93e464010bddbfd7/transformed/ui-test-manifest-1.6.4/AndroidManifest.xml:25:13-36
77        <activity
77-->[androidx.compose.ui:ui-tooling-android:1.6.4] /workspace/.gradle/caches/transforms-4/94d1a4405153c77be1357eeffb7b9bcc/transformed/ui-tooling-release/AndroidManifest.xml:23:9-25:39
78            android:name="androidx.compose.ui.tooling.PreviewActivity"
78-->[androidx.compose.ui:ui-tooling-android:1.6.4] /workspace/.gradle/caches/transforms-4/94d1a4405153c77be1357eeffb7b9bcc/transformed/ui-tooling-release/AndroidManifest.xml:24:13-71
79            android:exported="true" />
79-->[androidx.compose.ui:ui-tooling-android:1.6.4] /workspace/.gradle/caches/transforms-4/94d1a4405153c77be1357eeffb7b9bcc/transformed/ui-tooling-release/AndroidManifest.xml:25:13-36
80
81        <provider
81-->[androidx.emoji2:emoji2:1.3.0] /workspace/.gradle/caches/transforms-4/b2b9e56cbb698003967f600d06aa3c7a/transformed/emoji2-1.3.0/AndroidManifest.xml:24:9-32:20
82            android:name="androidx.startup.InitializationProvider"
82-->[androidx.emoji2:emoji2:1.3.0] /workspace/.gradle/caches/transforms-4/b2b9e56cbb698003967f600d06aa3c7a/transformed/emoji2-1.3.0/AndroidManifest.xml:25:13-67
83            android:authorities="com.droidvisor.androidx-startup"
83-->[androidx.emoji2:emoji2:1.3.0] /workspace/.gradle/caches/transforms-4/b2b9e56cbb698003967f600d06aa3c7a/transformed/emoji2-1.3.0/AndroidManifest.xml:26:13-68
84            android:exported="false" >
84-->[androidx.emoji2:emoji2:1.3.0] /workspace/.gradle/caches/transforms-4/b2b9e56cbb698003967f600d06aa3c7a/transformed/emoji2-1.3.0/AndroidManifest.xml:27:13-37
85            <meta-data
85-->[androidx.emoji2:emoji2:1.3.0] /workspace/.gradle/caches/transforms-4/b2b9e56cbb698003967f600d06aa3c7a/transformed/emoji2-1.3.0/AndroidManifest.xml:29:13-31:52
86                android:name="androidx.emoji2.text.EmojiCompatInitializer"
86-->[androidx.emoji2:emoji2:1.3.0] /workspace/.gradle/caches/transforms-4/b2b9e56cbb698003967f600d06aa3c7a/transformed/emoji2-1.3.0/AndroidManifest.xml:30:17-75
87                android:value="androidx.startup" />
87-->[androidx.emoji2:emoji2:1.3.0] /workspace/.gradle/caches/transforms-4/b2b9e56cbb698003967f600d06aa3c7a/transformed/emoji2-1.3.0/AndroidManifest.xml:31:17-49
88            <meta-data
88-->[androidx.lifecycle:lifecycle-process:2.7.0] /workspace/.gradle/caches/transforms-4/a407dfa33d80152d8268c0a0c9c98049/transformed/lifecycle-process-2.7.0/AndroidManifest.xml:29:13-31:52
89                android:name="androidx.lifecycle.ProcessLifecycleInitializer"
89-->[androidx.lifecycle:lifecycle-process:2.7.0] /workspace/.gradle/caches/transforms-4/a407dfa33d80152d8268c0a0c9c98049/transformed/lifecycle-process-2.7.0/AndroidManifest.xml:30:17-78
90                android:value="androidx.startup" />
90-->[androidx.lifecycle:lifecycle-process:2.7.0] /workspace/.gradle/caches/transforms-4/a407dfa33d80152d8268c0a0c9c98049/transformed/lifecycle-process-2.7.0/AndroidManifest.xml:31:17-49
91            <meta-data
91-->[androidx.profileinstaller:profileinstaller:1.3.0] /workspace/.gradle/caches/transforms-4/6a4e242f2ad8de9cf9daa6da53dda784/transformed/profileinstaller-1.3.0/AndroidManifest.xml:29:13-31:52
92                android:name="androidx.profileinstaller.ProfileInstallerInitializer"
92-->[androidx.profileinstaller:profileinstaller:1.3.0] /workspace/.gradle/caches/transforms-4/6a4e242f2ad8de9cf9daa6da53dda784/transformed/profileinstaller-1.3.0/AndroidManifest.xml:30:17-85
93                android:value="androidx.startup" />
93-->[androidx.profileinstaller:profileinstaller:1.3.0] /workspace/.gradle/caches/transforms-4/6a4e242f2ad8de9cf9daa6da53dda784/transformed/profileinstaller-1.3.0/AndroidManifest.xml:31:17-49
94        </provider>
95
96        <receiver
96-->[androidx.profileinstaller:profileinstaller:1.3.0] /workspace/.gradle/caches/transforms-4/6a4e242f2ad8de9cf9daa6da53dda784/transformed/profileinstaller-1.3.0/AndroidManifest.xml:34:9-52:20
97            android:name="androidx.profileinstaller.ProfileInstallReceiver"
97-->[androidx.profileinstaller:profileinstaller:1.3.0] /workspace/.gradle/caches/transforms-4/6a4e242f2ad8de9cf9daa6da53dda784/transformed/profileinstaller-1.3.0/AndroidManifest.xml:35:13-76
98            android:directBootAware="false"
98-->[androidx.profileinstaller:profileinstaller:1.3.0] /workspace/.gradle/caches/transforms-4/6a4e242f2ad8de9cf9daa6da53dda784/transformed/profileinstaller-1.3.0/AndroidManifest.xml:36:13-44
99            android:enabled="true"
99-->[androidx.profileinstaller:profileinstaller:1.3.0] /workspace/.gradle/caches/transforms-4/6a4e242f2ad8de9cf9daa6da53dda784/transformed/profileinstaller-1.3.0/AndroidManifest.xml:37:13-35
100            android:exported="true"
100-->[androidx.profileinstaller:profileinstaller:1.3.0] /workspace/.gradle/caches/transforms-4/6a4e242f2ad8de9cf9daa6da53dda784/transformed/profileinstaller-1.3.0/AndroidManifest.xml:38:13-36
101            android:permission="android.permission.DUMP" >
101-->[androidx.profileinstaller:profileinstaller:1.3.0] /workspace/.gradle/caches/transforms-4/6a4e242f2ad8de9cf9daa6da53dda784/transformed/profileinstaller-1.3.0/AndroidManifest.xml:39:13-57
102            <intent-filter>
102-->[androidx.profileinstaller:profileinstaller:1.3.0] /workspace/.gradle/caches/transforms-4/6a4e242f2ad8de9cf9daa6da53dda784/transformed/profileinstaller-1.3.0/AndroidManifest.xml:40:13-42:29
103                <action android:name="androidx.profileinstaller.action.INSTALL_PROFILE" />
103-->[androidx.profileinstaller:profileinstaller:1.3.0] /workspace/.gradle/caches/transforms-4/6a4e242f2ad8de9cf9daa6da53dda784/transformed/profileinstaller-1.3.0/AndroidManifest.xml:41:17-91
103-->[androidx.profileinstaller:profileinstaller:1.3.0] /workspace/.gradle/caches/transforms-4/6a4e242f2ad8de9cf9daa6da53dda784/transformed/profileinstaller-1.3.0/AndroidManifest.xml:41:25-88
104            </intent-filter>
105            <intent-filter>
105-->[androidx.profileinstaller:profileinstaller:1.3.0] /workspace/.gradle/caches/transforms-4/6a4e242f2ad8de9cf9daa6da53dda784/transformed/profileinstaller-1.3.0/AndroidManifest.xml:43:13-45:29
106                <action android:name="androidx.profileinstaller.action.SKIP_FILE" />
106-->[androidx.profileinstaller:profileinstaller:1.3.0] /workspace/.gradle/caches/transforms-4/6a4e242f2ad8de9cf9daa6da53dda784/transformed/profileinstaller-1.3.0/AndroidManifest.xml:44:17-85
106-->[androidx.profileinstaller:profileinstaller:1.3.0] /workspace/.gradle/caches/transforms-4/6a4e242f2ad8de9cf9daa6da53dda784/transformed/profileinstaller-1.3.0/AndroidManifest.xml:44:25-82
107            </intent-filter>
108            <intent-filter>
108-->[androidx.profileinstaller:profileinstaller:1.3.0] /workspace/.gradle/caches/transforms-4/6a4e242f2ad8de9cf9daa6da53dda784/transformed/profileinstaller-1.3.0/AndroidManifest.xml:46:13-48:29
109                <action android:name="androidx.profileinstaller.action.SAVE_PROFILE" />
109-->[androidx.profileinstaller:profileinstaller:1.3.0] /workspace/.gradle/caches/transforms-4/6a4e242f2ad8de9cf9daa6da53dda784/transformed/profileinstaller-1.3.0/AndroidManifest.xml:47:17-88
109-->[androidx.profileinstaller:profileinstaller:1.3.0] /workspace/.gradle/caches/transforms-4/6a4e242f2ad8de9cf9daa6da53dda784/transformed/profileinstaller-1.3.0/AndroidManifest.xml:47:25-85
110            </intent-filter>
111            <intent-filter>
111-->[androidx.profileinstaller:profileinstaller:1.3.0] /workspace/.gradle/caches/transforms-4/6a4e242f2ad8de9cf9daa6da53dda784/transformed/profileinstaller-1.3.0/AndroidManifest.xml:49:13-51:29
112                <action android:name="androidx.profileinstaller.action.BENCHMARK_OPERATION" />
112-->[androidx.profileinstaller:profileinstaller:1.3.0] /workspace/.gradle/caches/transforms-4/6a4e242f2ad8de9cf9daa6da53dda784/transformed/profileinstaller-1.3.0/AndroidManifest.xml:50:17-95
112-->[androidx.profileinstaller:profileinstaller:1.3.0] /workspace/.gradle/caches/transforms-4/6a4e242f2ad8de9cf9daa6da53dda784/transformed/profileinstaller-1.3.0/AndroidManifest.xml:50:25-92
113            </intent-filter>
114        </receiver>
115    </application>
116
117</manifest>

Merged manifest saved to /workspace/app/build/intermediates/merged_manifest/debug/processDebugMainManifest/AndroidManifest.xml
Stored cache entry for task ':app:processDebugMainManifest' with cache key f10f6257f5b4892aa1ea8012d9e5afb9
Resolve mutations for :app:processDebugManifest (Thread[Execution worker Thread 16,5,main]) started.
:app:processDebugManifest (Thread[Execution worker Thread 16,5,main]) started.

> Task :app:processDebugManifest
Build cache key for task ':app:processDebugManifest' is 810ec97fa0b21f131efbb6fc19111f7c
Task ':app:processDebugManifest' is not up-to-date because:
  No history is available.
Stored cache entry for task ':app:processDebugManifest' with cache key 810ec97fa0b21f131efbb6fc19111f7c
Resolve mutations for :app:processDebugManifestForPackage (Thread[Execution worker Thread 16,5,main]) started.
:app:processDebugManifestForPackage (Thread[Execution worker Thread 16,5,main]) started.
Resolve mutations for :app:javaPreCompileDebug (Thread[Execution worker Thread 18,5,main]) started.
:app:javaPreCompileDebug (Thread[Execution worker Thread 18,5,main]) started.
Resolve mutations for :app:preDebugUnitTestBuild (Thread[included builds,5,main]) started.
:app:preDebugUnitTestBuild (Thread[included builds,5,main]) started.

> Task :app:preDebugUnitTestBuild UP-TO-DATE
Skipping task ':app:preDebugUnitTestBuild' as it has no actions.
Resolve mutations for :app:javaPreCompileDebugUnitTest (Thread[included builds,5,main]) started.
:app:javaPreCompileDebugUnitTest (Thread[included builds,5,main]) started.

> Task :app:javaPreCompileDebug
Build cache key for task ':app:javaPreCompileDebug' is 7d336589e5b3bf260c925114e4806b37
Task ':app:javaPreCompileDebug' is not up-to-date because:
  No history is available.
Stored cache entry for task ':app:javaPreCompileDebug' with cache key 7d336589e5b3bf260c925114e4806b37

> Task :app:processDebugManifestForPackage
Custom actions are attached to task ':app:processDebugManifestForPackage'.
Build cache key for task ':app:processDebugManifestForPackage' is f73532e6bb009d3553708a777bc11fbf
Task ':app:processDebugManifestForPackage' is not up-to-date because:
  No history is available.
Stored cache entry for task ':app:processDebugManifestForPackage' with cache key f73532e6bb009d3553708a777bc11fbf
Resolve mutations for :app:processDebugResources (Thread[Execution worker Thread 16,5,main]) started.

> Task :app:javaPreCompileDebugUnitTest
Build cache key for task ':app:javaPreCompileDebugUnitTest' is 7d336589e5b3bf260c925114e4806b37
Task ':app:javaPreCompileDebugUnitTest' is not up-to-date because:
  No history is available.
Stored cache entry for task ':app:javaPreCompileDebugUnitTest' with cache key 7d336589e5b3bf260c925114e4806b37
:app:processDebugResources (Thread[Execution worker Thread 16,5,main]) started.

> Task :app:processDebugResources FAILED
Resource missing. [HTTP GET: https://repo.maven.apache.org/maven2/com/android/tools/build/aapt2/8.4.0-11315950/aapt2-8.4.0-11315950.pom]
Transforming navigation-common-2.7.7.aar (androidx.navigation:navigation-common:2.7.7) with ExtractAarTransform
Transforming navigation-common-2.7.7.aar (androidx.navigation:navigation-common:2.7.7) with AarResourcesCompilerTransform

FAILURE: Build failed with an exception.

* What went wrong:
Execution failed for task ':app:processDebugResources'.
> Could not isolate parameters com.android.build.gradle.internal.dependency.AarResourcesCompilerTransform$Parameters_Decorated@7409352c of artifact transform AarResourcesCompilerTransform
   > Could not isolate value com.android.build.gradle.internal.dependency.AarResourcesCompilerTransform$Parameters_Decorated@7409352c of type AarResourcesCompilerTransform.Parameters
      > Could not resolve all files for configuration ':app:detachedConfiguration2'.
         > Could not resolve com.android.tools.build:aapt2:8.4.0-11315950.
           Required by:
               project :app
            > Could not resolve com.android.tools.build:aapt2:8.4.0-11315950.
               > Could not get resource 'https://dl.google.com/dl/android/maven2/com/android/tools/build/aapt2/8.4.0-11315950/aapt2-8.4.0-11315950.pom'.
                  > Could not GET 'https://dl.google.com/dl/android/maven2/com/android/tools/build/aapt2/8.4.0-11315950/aapt2-8.4.0-11315950.pom'.
                     > The server may not support the client's requested TLS protocol versions: (TLSv1.2, TLSv1.3). You may need to configure the client to allow other protocols to be used. For more on this, please refer to https://docs.gradle.org/8.6/userguide/build_environment.html#sec:gradle_system_properties in the Gradle documentation.
                        > Remote host terminated the handshake

* Try:
> Run with --stacktrace option to get the stack trace.
> Run with --debug option to get more log output.
> Run with 16 actionable tasks: 16 executed
Some of the file system contents retained in the virtual file system are on file systems that Gradle doesn't support watching. The relevant state was discarded to ensure changes to these locations are properly detected. You can override this by explicitly enabling file system watching.
--scan to get full insights.
> Get more help at https://help.gradle.org.

BUILD FAILED in 3m 13s
[ERROR] 2026-05-28 20:42:49 - 单元测试执行失败 (退出码: 1)
[INFO] 2026-05-28 20:42:49 - 运行集成测试...
[INFO] 2026-05-28 20:42:49 - 等待 Docker-in-Docker 服务就绪...
[ERROR] 2026-05-28 20:43:49 - Docker-in-Docker 服务启动超时
